/Users/michellestar/Documents/GitHub/hello-michelle-star.github.io/vendor/bundle/ruby/3.4.0/gems/jekyll-4.4.1/lib/jekyll.rb:26: warning: logger was loaded from the standard library, but will no longer be part of the default gems starting from Ruby 3.5.0.
You can add logger to your Gemfile or gemspec to silence this warning.
Configuration file: /Users/michellestar/Documents/GitHub/hello-michelle-star.github.io/_config.yml
            Source: /Users/michellestar/Documents/GitHub/hello-michelle-star.github.io
       Destination: /Users/michellestar/Documents/GitHub/hello-michelle-star.github.io/_site
 Incremental build: disabled. Enable with --incremental
      Generating... 
       Jekyll Feed: Generating feed for posts
DEPRECATION WARNING [import]: Sass @import rules are deprecated and will be removed in Dart Sass 3.0.0.

More info and automated migrator: https://sass-lang.com/d/import

   ╷
26 │ @import "-sections-dir";
   │         ^^^^^^^^^^^^^^^
   ╵
    /Users/michellestar/Documents/GitHub/hello-michelle-star.github.io/assets/css/main.scss 26:9  root stylesheet
DEPRECATION WARNING [import]: Sass @import rules are deprecated and will be removed in Dart Sass 3.0.0.

More info and automated migrator: https://sass-lang.com/d/import

   ╷
27 │ @import 'about';
   │         ^^^^^^^
   ╵
    /Users/michellestar/Documents/GitHub/hello-michelle-star.github.io/assets/css/main.scss 27:9  root stylesheet
DEPRECATION WARNING [import]: Sass @import rules are deprecated and will be removed in Dart Sass 3.0.0.

More info and automated migrator: https://sass-lang.com/d/import

  ╷
2 │ @import "base",
  │         ^^^^^^
  ╵
    _-sections-dir.scss 2:9                                                                       @import
    /Users/michellestar/Documents/GitHub/hello-michelle-star.github.io/assets/css/main.scss 26:9  root stylesheet
DEPRECATION WARNING [import]: Sass @import rules are deprecated and will be removed in Dart Sass 3.0.0.

More info and automated migrator: https://sass-lang.com/d/import

  ╷
3 │         "code",
  │         ^^^^^^
  ╵
    _-sections-dir.scss 3:9                                                                       @import
    /Users/michellestar/Documents/GitHub/hello-michelle-star.github.io/assets/css/main.scss 26:9  root stylesheet
DEPRECATION WARNING [import]: Sass @import rules are deprecated and will be removed in Dart Sass 3.0.0.

More info and automated migrator: https://sass-lang.com/d/import

  ╷
4 │         "default",
  │         ^^^^^^^^^
  ╵
    _-sections-dir.scss 4:9                                                                       @import
    /Users/michellestar/Documents/GitHub/hello-michelle-star.github.io/assets/css/main.scss 26:9  root stylesheet
WARNING: 7 repetitive deprecation warnings omitted.
Run in verbose mode to see all warnings.
                    done in 0.111 seconds.
 Auto-regeneration: enabled for '/Users/michellestar/Documents/GitHub/hello-michelle-star.github.io'
LiveReload address: http://0.0.0.0:35729
    Server address: http://0.0.0.0:4000
  Server running... press ctrl-c to stop.
      Regenerating: 1 file(s) changed at 2026-04-27 22:58:08
                    jekyll.log
       Jekyll Feed: Generating feed for posts
DEPRECATION WARNING [import]: Sass @import rules are deprecated and will be removed in Dart Sass 3.0.0.

More info and automated migrator: https://sass-lang.com/d/import

   ╷
26 │ @import "-sections-dir";
   │         ^^^^^^^^^^^^^^^
   ╵
    /Users/michellestar/Documents/GitHub/hello-michelle-star.github.io/assets/css/main.scss 26:9  root stylesheet
DEPRECATION WARNING [import]: Sass @import rules are deprecated and will be removed in Dart Sass 3.0.0.

More info and automated migrator: https://sass-lang.com/d/import

   ╷
27 │ @import 'about';
   │         ^^^^^^^
   ╵
    /Users/michellestar/Documents/GitHub/hello-michelle-star.github.io/assets/css/main.scss 27:9  root stylesheet
DEPRECATION WARNING [import]: Sass @import rules are deprecated and will be removed in Dart Sass 3.0.0.

More info and automated migrator: https://sass-lang.com/d/import

  ╷
2 │ @import "base",
  │         ^^^^^^
  ╵
    _-sections-dir.scss 2:9                                                                       @import
    /Users/michellestar/Documents/GitHub/hello-michelle-star.github.io/assets/css/main.scss 26:9  root stylesheet
DEPRECATION WARNING [import]: Sass @import rules are deprecated and will be removed in Dart Sass 3.0.0.

More info and automated migrator: https://sass-lang.com/d/import

  ╷
3 │         "code",
  │         ^^^^^^
  ╵
    _-sections-dir.scss 3:9                                                                       @import
    /Users/michellestar/Documents/GitHub/hello-michelle-star.github.io/assets/css/main.scss 26:9  root stylesheet
DEPRECATION WARNING [import]: Sass @import rules are deprecated and will be removed in Dart Sass 3.0.0.

More info and automated migrator: https://sass-lang.com/d/import

  ╷
4 │         "default",
  │         ^^^^^^^^^
  ╵
    _-sections-dir.scss 4:9                                                                       @import
    /Users/michellestar/Documents/GitHub/hello-michelle-star.github.io/assets/css/main.scss 26:9  root stylesheet
WARNING: 7 repetitive deprecation warnings omitted.
Run in verbose mode to see all warnings.
                    ...done in 0.276232 seconds.
                    
        LiveReload: Browser connected
      Regenerating: 1 file(s) changed at 2026-04-27 23:03:35
                    jekyll.log
       Jekyll Feed: Generating feed for posts
DEPRECATION WARNING [import]: Sass @import rules are deprecated and will be removed in Dart Sass 3.0.0.

More info and automated migrator: https://sass-lang.com/d/import

   ╷
26 │ @import "-sections-dir";
   │         ^^^^^^^^^^^^^^^
   ╵
    /Users/michellestar/Documents/GitHub/hello-michelle-star.github.io/assets/css/main.scss 26:9  root stylesheet
DEPRECATION WARNING [import]: Sass @import rules are deprecated and will be removed in Dart Sass 3.0.0.

More info and automated migrator: https://sass-lang.com/d/import

   ╷
27 │ @import 'about';
   │         ^^^^^^^
   ╵
    /Users/michellestar/Documents/GitHub/hello-michelle-star.github.io/assets/css/main.scss 27:9  root stylesheet
DEPRECATION WARNING [import]: Sass @import rules are deprecated and will be removed in Dart Sass 3.0.0.

More info and automated migrator: https://sass-lang.com/d/import

  ╷
2 │ @import "base",
  │         ^^^^^^
  ╵
    _-sections-dir.scss 2:9                                                                       @import
    /Users/michellestar/Documents/GitHub/hello-michelle-star.github.io/assets/css/main.scss 26:9  root stylesheet
DEPRECATION WARNING [import]: Sass @import rules are deprecated and will be removed in Dart Sass 3.0.0.

More info and automated migrator: https://sass-lang.com/d/import

  ╷
3 │         "code",
  │         ^^^^^^
  ╵
    _-sections-dir.scss 3:9                                                                       @import
    /Users/michellestar/Documents/GitHub/hello-michelle-star.github.io/assets/css/main.scss 26:9  root stylesheet
DEPRECATION WARNING [import]: Sass @import rules are deprecated and will be removed in Dart Sass 3.0.0.

More info and automated migrator: https://sass-lang.com/d/import

  ╷
4 │         "default",
  │         ^^^^^^^^^
  ╵
    _-sections-dir.scss 4:9                                                                       @import
    /Users/michellestar/Documents/GitHub/hello-michelle-star.github.io/assets/css/main.scss 26:9  root stylesheet
WARNING: 7 repetitive deprecation warnings omitted.
Run in verbose mode to see all warnings.
                    ...done in 0.151465 seconds.
                    
      Regenerating: 1 file(s) changed at 2026-04-27 23:03:40
                    jekyll.log
       Jekyll Feed: Generating feed for posts
DEPRECATION WARNING [import]: Sass @import rules are deprecated and will be removed in Dart Sass 3.0.0.

More info and automated migrator: https://sass-lang.com/d/import

   ╷
26 │ @import "-sections-dir";
   │         ^^^^^^^^^^^^^^^
   ╵
    /Users/michellestar/Documents/GitHub/hello-michelle-star.github.io/assets/css/main.scss 26:9  root stylesheet
DEPRECATION WARNING [import]: Sass @import rules are deprecated and will be removed in Dart Sass 3.0.0.

More info and automated migrator: https://sass-lang.com/d/import

   ╷
27 │ @import 'about';
   │         ^^^^^^^
   ╵
    /Users/michellestar/Documents/GitHub/hello-michelle-star.github.io/assets/css/main.scss 27:9  root stylesheet
DEPRECATION WARNING [import]: Sass @import rules are deprecated and will be removed in Dart Sass 3.0.0.

More info and automated migrator: https://sass-lang.com/d/import

  ╷
2 │ @import "base",
  │         ^^^^^^
  ╵
    _-sections-dir.scss 2:9                                                                       @import
    /Users/michellestar/Documents/GitHub/hello-michelle-star.github.io/assets/css/main.scss 26:9  root stylesheet
DEPRECATION WARNING [import]: Sass @import rules are deprecated and will be removed in Dart Sass 3.0.0.

More info and automated migrator: https://sass-lang.com/d/import

  ╷
3 │         "code",
  │         ^^^^^^
  ╵
    _-sections-dir.scss 3:9                                                                       @import
    /Users/michellestar/Documents/GitHub/hello-michelle-star.github.io/assets/css/main.scss 26:9  root stylesheet
DEPRECATION WARNING [import]: Sass @import rules are deprecated and will be removed in Dart Sass 3.0.0.

More info and automated migrator: https://sass-lang.com/d/import

  ╷
4 │         "default",
  │         ^^^^^^^^^
  ╵
    _-sections-dir.scss 4:9                                                                       @import
    /Users/michellestar/Documents/GitHub/hello-michelle-star.github.io/assets/css/main.scss 26:9  root stylesheet
WARNING: 7 repetitive deprecation warnings omitted.
Run in verbose mode to see all warnings.
                    ...done in 0.038072 seconds.
                    
[2026-04-27 23:03:41] ERROR Errno::ECONNRESET: Connection reset by peer @ io_fillbuf - fd:19 
	/Users/michellestar/Documents/GitHub/hello-michelle-star.github.io/vendor/bundle/ruby/3.4.0/gems/webrick-1.9.1/lib/webrick/httpserver.rb:82:in 'IO#eof?'
	/Users/michellestar/Documents/GitHub/hello-michelle-star.github.io/vendor/bundle/ruby/3.4.0/gems/webrick-1.9.1/lib/webrick/httpserver.rb:82:in 'WEBrick::HTTPServer#run'
	/Users/michellestar/Documents/GitHub/hello-michelle-star.github.io/vendor/bundle/ruby/3.4.0/gems/webrick-1.9.1/lib/webrick/server.rb:310:in 'block in WEBrick::GenericServer#start_thread'
      Regenerating: 1 file(s) changed at 2026-04-27 23:03:47
                    jekyll.log
       Jekyll Feed: Generating feed for posts
DEPRECATION WARNING [import]: Sass @import rules are deprecated and will be removed in Dart Sass 3.0.0.

More info and automated migrator: https://sass-lang.com/d/import

   ╷
26 │ @import "-sections-dir";
   │         ^^^^^^^^^^^^^^^
   ╵
    /Users/michellestar/Documents/GitHub/hello-michelle-star.github.io/assets/css/main.scss 26:9  root stylesheet
DEPRECATION WARNING [import]: Sass @import rules are deprecated and will be removed in Dart Sass 3.0.0.

More info and automated migrator: https://sass-lang.com/d/import

   ╷
27 │ @import 'about';
   │         ^^^^^^^
   ╵
    /Users/michellestar/Documents/GitHub/hello-michelle-star.github.io/assets/css/main.scss 27:9  root stylesheet
DEPRECATION WARNING [import]: Sass @import rules are deprecated and will be removed in Dart Sass 3.0.0.

More info and automated migrator: https://sass-lang.com/d/import

  ╷
2 │ @import "base",
  │         ^^^^^^
  ╵
    _-sections-dir.scss 2:9                                                                       @import
    /Users/michellestar/Documents/GitHub/hello-michelle-star.github.io/assets/css/main.scss 26:9  root stylesheet
DEPRECATION WARNING [import]: Sass @import rules are deprecated and will be removed in Dart Sass 3.0.0.

More info and automated migrator: https://sass-lang.com/d/import

  ╷
3 │         "code",
  │         ^^^^^^
  ╵
    _-sections-dir.scss 3:9                                                                       @import
    /Users/michellestar/Documents/GitHub/hello-michelle-star.github.io/assets/css/main.scss 26:9  root stylesheet
DEPRECATION WARNING [import]: Sass @import rules are deprecated and will be removed in Dart Sass 3.0.0.

More info and automated migrator: https://sass-lang.com/d/import

  ╷
4 │         "default",
  │         ^^^^^^^^^
  ╵
    _-sections-dir.scss 4:9                                                                       @import
    /Users/michellestar/Documents/GitHub/hello-michelle-star.github.io/assets/css/main.scss 26:9  root stylesheet
WARNING: 7 repetitive deprecation warnings omitted.
Run in verbose mode to see all warnings.
                    ...done in 0.043545 seconds.
                    
      Regenerating: 1 file(s) changed at 2026-04-27 23:03:52
                    jekyll.log
       Jekyll Feed: Generating feed for posts
DEPRECATION WARNING [import]: Sass @import rules are deprecated and will be removed in Dart Sass 3.0.0.

More info and automated migrator: https://sass-lang.com/d/import

   ╷
26 │ @import "-sections-dir";
   │         ^^^^^^^^^^^^^^^
   ╵
    /Users/michellestar/Documents/GitHub/hello-michelle-star.github.io/assets/css/main.scss 26:9  root stylesheet
DEPRECATION WARNING [import]: Sass @import rules are deprecated and will be removed in Dart Sass 3.0.0.

More info and automated migrator: https://sass-lang.com/d/import

   ╷
27 │ @import 'about';
   │         ^^^^^^^
   ╵
    /Users/michellestar/Documents/GitHub/hello-michelle-star.github.io/assets/css/main.scss 27:9  root stylesheet
DEPRECATION WARNING [import]: Sass @import rules are deprecated and will be removed in Dart Sass 3.0.0.

More info and automated migrator: https://sass-lang.com/d/import

  ╷
2 │ @import "base",
  │         ^^^^^^
  ╵
    _-sections-dir.scss 2:9                                                                       @import
    /Users/michellestar/Documents/GitHub/hello-michelle-star.github.io/assets/css/main.scss 26:9  root stylesheet
DEPRECATION WARNING [import]: Sass @import rules are deprecated and will be removed in Dart Sass 3.0.0.

More info and automated migrator: https://sass-lang.com/d/import

  ╷
3 │         "code",
  │         ^^^^^^
  ╵
    _-sections-dir.scss 3:9                                                                       @import
    /Users/michellestar/Documents/GitHub/hello-michelle-star.github.io/assets/css/main.scss 26:9  root stylesheet
DEPRECATION WARNING [import]: Sass @import rules are deprecated and will be removed in Dart Sass 3.0.0.

More info and automated migrator: https://sass-lang.com/d/import

  ╷
4 │         "default",
  │         ^^^^^^^^^
  ╵
    _-sections-dir.scss 4:9                                                                       @import
    /Users/michellestar/Documents/GitHub/hello-michelle-star.github.io/assets/css/main.scss 26:9  root stylesheet
WARNING: 7 repetitive deprecation warnings omitted.
Run in verbose mode to see all warnings.
                    ...done in 0.040978 seconds.
                    
      Regenerating: 1 file(s) changed at 2026-04-27 23:03:57
                    jekyll.log
       Jekyll Feed: Generating feed for posts
DEPRECATION WARNING [import]: Sass @import rules are deprecated and will be removed in Dart Sass 3.0.0.

More info and automated migrator: https://sass-lang.com/d/import

   ╷
26 │ @import "-sections-dir";
   │         ^^^^^^^^^^^^^^^
   ╵
    /Users/michellestar/Documents/GitHub/hello-michelle-star.github.io/assets/css/main.scss 26:9  root stylesheet
DEPRECATION WARNING [import]: Sass @import rules are deprecated and will be removed in Dart Sass 3.0.0.

More info and automated migrator: https://sass-lang.com/d/import

   ╷
27 │ @import 'about';
   │         ^^^^^^^
   ╵
    /Users/michellestar/Documents/GitHub/hello-michelle-star.github.io/assets/css/main.scss 27:9  root stylesheet
DEPRECATION WARNING [import]: Sass @import rules are deprecated and will be removed in Dart Sass 3.0.0.

More info and automated migrator: https://sass-lang.com/d/import

  ╷
2 │ @import "base",
  │         ^^^^^^
  ╵
    _-sections-dir.scss 2:9                                                                       @import
    /Users/michellestar/Documents/GitHub/hello-michelle-star.github.io/assets/css/main.scss 26:9  root stylesheet
DEPRECATION WARNING [import]: Sass @import rules are deprecated and will be removed in Dart Sass 3.0.0.

More info and automated migrator: https://sass-lang.com/d/import

  ╷
3 │         "code",
  │         ^^^^^^
  ╵
    _-sections-dir.scss 3:9                                                                       @import
    /Users/michellestar/Documents/GitHub/hello-michelle-star.github.io/assets/css/main.scss 26:9  root stylesheet
DEPRECATION WARNING [import]: Sass @import rules are deprecated and will be removed in Dart Sass 3.0.0.

More info and automated migrator: https://sass-lang.com/d/import

  ╷
4 │         "default",
  │         ^^^^^^^^^
  ╵
    _-sections-dir.scss 4:9                                                                       @import
    /Users/michellestar/Documents/GitHub/hello-michelle-star.github.io/assets/css/main.scss 26:9  root stylesheet
WARNING: 7 repetitive deprecation warnings omitted.
Run in verbose mode to see all warnings.
                    ...done in 0.055163 seconds.
                    
[2026-04-27 23:03:57] ERROR Errno::ECONNRESET: Connection reset by peer @ io_fillbuf - fd:21 
	/Users/michellestar/Documents/GitHub/hello-michelle-star.github.io/vendor/bundle/ruby/3.4.0/gems/webrick-1.9.1/lib/webrick/httpserver.rb:82:in 'IO#eof?'
	/Users/michellestar/Documents/GitHub/hello-michelle-star.github.io/vendor/bundle/ruby/3.4.0/gems/webrick-1.9.1/lib/webrick/httpserver.rb:82:in 'WEBrick::HTTPServer#run'
	/Users/michellestar/Documents/GitHub/hello-michelle-star.github.io/vendor/bundle/ruby/3.4.0/gems/webrick-1.9.1/lib/webrick/server.rb:310:in 'block in WEBrick::GenericServer#start_thread'
[2026-04-27 23:03:57] ERROR Errno::ECONNRESET: Connection reset by peer @ io_fillbuf - fd:17 
	/Users/michellestar/Documents/GitHub/hello-michelle-star.github.io/vendor/bundle/ruby/3.4.0/gems/webrick-1.9.1/lib/webrick/httpserver.rb:82:in 'IO#eof?'
	/Users/michellestar/Documents/GitHub/hello-michelle-star.github.io/vendor/bundle/ruby/3.4.0/gems/webrick-1.9.1/lib/webrick/httpserver.rb:82:in 'WEBrick::HTTPServer#run'
	/Users/michellestar/Documents/GitHub/hello-michelle-star.github.io/vendor/bundle/ruby/3.4.0/gems/webrick-1.9.1/lib/webrick/server.rb:310:in 'block in WEBrick::GenericServer#start_thread'
[2026-04-27 23:03:57] ERROR Errno::ECONNRESET: Connection reset by peer @ io_fillbuf - fd:8 
	/Users/michellestar/Documents/GitHub/hello-michelle-star.github.io/vendor/bundle/ruby/3.4.0/gems/webrick-1.9.1/lib/webrick/httpserver.rb:82:in 'IO#eof?'
	/Users/michellestar/Documents/GitHub/hello-michelle-star.github.io/vendor/bundle/ruby/3.4.0/gems/webrick-1.9.1/lib/webrick/httpserver.rb:82:in 'WEBrick::HTTPServer#run'
	/Users/michellestar/Documents/GitHub/hello-michelle-star.github.io/vendor/bundle/ruby/3.4.0/gems/webrick-1.9.1/lib/webrick/server.rb:310:in 'block in WEBrick::GenericServer#start_thread'
      Regenerating: 1 file(s) changed at 2026-04-27 23:04:01
                    jekyll.log
       Jekyll Feed: Generating feed for posts
DEPRECATION WARNING [import]: Sass @import rules are deprecated and will be removed in Dart Sass 3.0.0.

More info and automated migrator: https://sass-lang.com/d/import

   ╷
26 │ @import "-sections-dir";
   │         ^^^^^^^^^^^^^^^
   ╵
    /Users/michellestar/Documents/GitHub/hello-michelle-star.github.io/assets/css/main.scss 26:9  root stylesheet
DEPRECATION WARNING [import]: Sass @import rules are deprecated and will be removed in Dart Sass 3.0.0.

More info and automated migrator: https://sass-lang.com/d/import

   ╷
27 │ @import 'about';
   │         ^^^^^^^
   ╵
    /Users/michellestar/Documents/GitHub/hello-michelle-star.github.io/assets/css/main.scss 27:9  root stylesheet
DEPRECATION WARNING [import]: Sass @import rules are deprecated and will be removed in Dart Sass 3.0.0.

More info and automated migrator: https://sass-lang.com/d/import

  ╷
2 │ @import "base",
  │         ^^^^^^
  ╵
    _-sections-dir.scss 2:9                                                                       @import
    /Users/michellestar/Documents/GitHub/hello-michelle-star.github.io/assets/css/main.scss 26:9  root stylesheet
DEPRECATION WARNING [import]: Sass @import rules are deprecated and will be removed in Dart Sass 3.0.0.

More info and automated migrator: https://sass-lang.com/d/import

  ╷
3 │         "code",
  │         ^^^^^^
  ╵
    _-sections-dir.scss 3:9                                                                       @import
    /Users/michellestar/Documents/GitHub/hello-michelle-star.github.io/assets/css/main.scss 26:9  root stylesheet
DEPRECATION WARNING [import]: Sass @import rules are deprecated and will be removed in Dart Sass 3.0.0.

More info and automated migrator: https://sass-lang.com/d/import

  ╷
4 │         "default",
  │         ^^^^^^^^^
  ╵
    _-sections-dir.scss 4:9                                                                       @import
    /Users/michellestar/Documents/GitHub/hello-michelle-star.github.io/assets/css/main.scss 26:9  root stylesheet
WARNING: 7 repetitive deprecation warnings omitted.
Run in verbose mode to see all warnings.
                    ...done in 0.05264 seconds.
                    
      Regenerating: 1 file(s) changed at 2026-04-27 23:04:02
                    _data/settings.yml
       Jekyll Feed: Generating feed for posts
DEPRECATION WARNING [import]: Sass @import rules are deprecated and will be removed in Dart Sass 3.0.0.

More info and automated migrator: https://sass-lang.com/d/import

   ╷
26 │ @import "-sections-dir";
   │         ^^^^^^^^^^^^^^^
   ╵
    /Users/michellestar/Documents/GitHub/hello-michelle-star.github.io/assets/css/main.scss 26:9  root stylesheet
DEPRECATION WARNING [import]: Sass @import rules are deprecated and will be removed in Dart Sass 3.0.0.

More info and automated migrator: https://sass-lang.com/d/import

   ╷
27 │ @import 'about';
   │         ^^^^^^^
   ╵
    /Users/michellestar/Documents/GitHub/hello-michelle-star.github.io/assets/css/main.scss 27:9  root stylesheet
DEPRECATION WARNING [import]: Sass @import rules are deprecated and will be removed in Dart Sass 3.0.0.

More info and automated migrator: https://sass-lang.com/d/import

  ╷
2 │ @import "base",
  │         ^^^^^^
  ╵
    _-sections-dir.scss 2:9                                                                       @import
    /Users/michellestar/Documents/GitHub/hello-michelle-star.github.io/assets/css/main.scss 26:9  root stylesheet
DEPRECATION WARNING [import]: Sass @import rules are deprecated and will be removed in Dart Sass 3.0.0.

More info and automated migrator: https://sass-lang.com/d/import

  ╷
3 │         "code",
  │         ^^^^^^
  ╵
    _-sections-dir.scss 3:9                                                                       @import
    /Users/michellestar/Documents/GitHub/hello-michelle-star.github.io/assets/css/main.scss 26:9  root stylesheet
DEPRECATION WARNING [import]: Sass @import rules are deprecated and will be removed in Dart Sass 3.0.0.

More info and automated migrator: https://sass-lang.com/d/import

  ╷
4 │         "default",
  │         ^^^^^^^^^
  ╵
    _-sections-dir.scss 4:9                                                                       @import
    /Users/michellestar/Documents/GitHub/hello-michelle-star.github.io/assets/css/main.scss 26:9  root stylesheet
WARNING: 7 repetitive deprecation warnings omitted.
Run in verbose mode to see all warnings.
                    ...done in 0.051985 seconds.
                    
[2026-04-27 23:04:03] ERROR Errno::ECONNRESET: Connection reset by peer @ io_fillbuf - fd:20 
	/Users/michellestar/Documents/GitHub/hello-michelle-star.github.io/vendor/bundle/ruby/3.4.0/gems/webrick-1.9.1/lib/webrick/httpserver.rb:82:in 'IO#eof?'
	/Users/michellestar/Documents/GitHub/hello-michelle-star.github.io/vendor/bundle/ruby/3.4.0/gems/webrick-1.9.1/lib/webrick/httpserver.rb:82:in 'WEBrick::HTTPServer#run'
	/Users/michellestar/Documents/GitHub/hello-michelle-star.github.io/vendor/bundle/ruby/3.4.0/gems/webrick-1.9.1/lib/webrick/server.rb:310:in 'block in WEBrick::GenericServer#start_thread'
      Regenerating: 1 file(s) changed at 2026-04-27 23:04:05
                    jekyll.log
       Jekyll Feed: Generating feed for posts
DEPRECATION WARNING [import]: Sass @import rules are deprecated and will be removed in Dart Sass 3.0.0.

More info and automated migrator: https://sass-lang.com/d/import

   ╷
26 │ @import "-sections-dir";
   │         ^^^^^^^^^^^^^^^
   ╵
    /Users/michellestar/Documents/GitHub/hello-michelle-star.github.io/assets/css/main.scss 26:9  root stylesheet
DEPRECATION WARNING [import]: Sass @import rules are deprecated and will be removed in Dart Sass 3.0.0.

More info and automated migrator: https://sass-lang.com/d/import

   ╷
27 │ @import 'about';
   │         ^^^^^^^
   ╵
    /Users/michellestar/Documents/GitHub/hello-michelle-star.github.io/assets/css/main.scss 27:9  root stylesheet
DEPRECATION WARNING [import]: Sass @import rules are deprecated and will be removed in Dart Sass 3.0.0.

More info and automated migrator: https://sass-lang.com/d/import

  ╷
2 │ @import "base",
  │         ^^^^^^
  ╵
    _-sections-dir.scss 2:9                                                                       @import
    /Users/michellestar/Documents/GitHub/hello-michelle-star.github.io/assets/css/main.scss 26:9  root stylesheet
DEPRECATION WARNING [import]: Sass @import rules are deprecated and will be removed in Dart Sass 3.0.0.

More info and automated migrator: https://sass-lang.com/d/import

  ╷
3 │         "code",
  │         ^^^^^^
  ╵
    _-sections-dir.scss 3:9                                                                       @import
    /Users/michellestar/Documents/GitHub/hello-michelle-star.github.io/assets/css/main.scss 26:9  root stylesheet
DEPRECATION WARNING [import]: Sass @import rules are deprecated and will be removed in Dart Sass 3.0.0.

More info and automated migrator: https://sass-lang.com/d/import

  ╷
4 │         "default",
  │         ^^^^^^^^^
  ╵
    _-sections-dir.scss 4:9                                                                       @import
    /Users/michellestar/Documents/GitHub/hello-michelle-star.github.io/assets/css/main.scss 26:9  root stylesheet
WARNING: 7 repetitive deprecation warnings omitted.
Run in verbose mode to see all warnings.
                    ...done in 0.05344 seconds.
                    
[2026-04-27 23:04:05] ERROR Errno::ECONNRESET: Connection reset by peer @ io_fillbuf - fd:21 
	/Users/michellestar/Documents/GitHub/hello-michelle-star.github.io/vendor/bundle/ruby/3.4.0/gems/webrick-1.9.1/lib/webrick/httpserver.rb:82:in 'IO#eof?'
	/Users/michellestar/Documents/GitHub/hello-michelle-star.github.io/vendor/bundle/ruby/3.4.0/gems/webrick-1.9.1/lib/webrick/httpserver.rb:82:in 'WEBrick::HTTPServer#run'
	/Users/michellestar/Documents/GitHub/hello-michelle-star.github.io/vendor/bundle/ruby/3.4.0/gems/webrick-1.9.1/lib/webrick/server.rb:310:in 'block in WEBrick::GenericServer#start_thread'
      Regenerating: 1 file(s) changed at 2026-04-27 23:04:07
                    jekyll.log
       Jekyll Feed: Generating feed for posts
DEPRECATION WARNING [import]: Sass @import rules are deprecated and will be removed in Dart Sass 3.0.0.

More info and automated migrator: https://sass-lang.com/d/import

   ╷
26 │ @import "-sections-dir";
   │         ^^^^^^^^^^^^^^^
   ╵
    /Users/michellestar/Documents/GitHub/hello-michelle-star.github.io/assets/css/main.scss 26:9  root stylesheet
DEPRECATION WARNING [import]: Sass @import rules are deprecated and will be removed in Dart Sass 3.0.0.

More info and automated migrator: https://sass-lang.com/d/import

   ╷
27 │ @import 'about';
   │         ^^^^^^^
   ╵
    /Users/michellestar/Documents/GitHub/hello-michelle-star.github.io/assets/css/main.scss 27:9  root stylesheet
DEPRECATION WARNING [import]: Sass @import rules are deprecated and will be removed in Dart Sass 3.0.0.

More info and automated migrator: https://sass-lang.com/d/import

  ╷
2 │ @import "base",
  │         ^^^^^^
  ╵
    _-sections-dir.scss 2:9                                                                       @import
    /Users/michellestar/Documents/GitHub/hello-michelle-star.github.io/assets/css/main.scss 26:9  root stylesheet
DEPRECATION WARNING [import]: Sass @import rules are deprecated and will be removed in Dart Sass 3.0.0.

More info and automated migrator: https://sass-lang.com/d/import

  ╷
3 │         "code",
  │         ^^^^^^
  ╵
    _-sections-dir.scss 3:9                                                                       @import
    /Users/michellestar/Documents/GitHub/hello-michelle-star.github.io/assets/css/main.scss 26:9  root stylesheet
DEPRECATION WARNING [import]: Sass @import rules are deprecated and will be removed in Dart Sass 3.0.0.

More info and automated migrator: https://sass-lang.com/d/import

  ╷
4 │         "default",
  │         ^^^^^^^^^
  ╵
    _-sections-dir.scss 4:9                                                                       @import
    /Users/michellestar/Documents/GitHub/hello-michelle-star.github.io/assets/css/main.scss 26:9  root stylesheet
WARNING: 7 repetitive deprecation warnings omitted.
Run in verbose mode to see all warnings.
                    ...done in 0.057028 seconds.
                    
[2026-04-27 23:04:07] ERROR Errno::ECONNRESET: Connection reset by peer @ io_fillbuf - fd:20 
	/Users/michellestar/Documents/GitHub/hello-michelle-star.github.io/vendor/bundle/ruby/3.4.0/gems/webrick-1.9.1/lib/webrick/httpserver.rb:82:in 'IO#eof?'
	/Users/michellestar/Documents/GitHub/hello-michelle-star.github.io/vendor/bundle/ruby/3.4.0/gems/webrick-1.9.1/lib/webrick/httpserver.rb:82:in 'WEBrick::HTTPServer#run'
	/Users/michellestar/Documents/GitHub/hello-michelle-star.github.io/vendor/bundle/ruby/3.4.0/gems/webrick-1.9.1/lib/webrick/server.rb:310:in 'block in WEBrick::GenericServer#start_thread'
      Regenerating: 1 file(s) changed at 2026-04-27 23:04:12
                    jekyll.log
       Jekyll Feed: Generating feed for posts
DEPRECATION WARNING [import]: Sass @import rules are deprecated and will be removed in Dart Sass 3.0.0.

More info and automated migrator: https://sass-lang.com/d/import

   ╷
26 │ @import "-sections-dir";
   │         ^^^^^^^^^^^^^^^
   ╵
    /Users/michellestar/Documents/GitHub/hello-michelle-star.github.io/assets/css/main.scss 26:9  root stylesheet
DEPRECATION WARNING [import]: Sass @import rules are deprecated and will be removed in Dart Sass 3.0.0.

More info and automated migrator: https://sass-lang.com/d/import

   ╷
27 │ @import 'about';
   │         ^^^^^^^
   ╵
    /Users/michellestar/Documents/GitHub/hello-michelle-star.github.io/assets/css/main.scss 27:9  root stylesheet
DEPRECATION WARNING [import]: Sass @import rules are deprecated and will be removed in Dart Sass 3.0.0.

More info and automated migrator: https://sass-lang.com/d/import

  ╷
2 │ @import "base",
  │         ^^^^^^
  ╵
    _-sections-dir.scss 2:9                                                                       @import
    /Users/michellestar/Documents/GitHub/hello-michelle-star.github.io/assets/css/main.scss 26:9  root stylesheet
DEPRECATION WARNING [import]: Sass @import rules are deprecated and will be removed in Dart Sass 3.0.0.

More info and automated migrator: https://sass-lang.com/d/import

  ╷
3 │         "code",
  │         ^^^^^^
  ╵
    _-sections-dir.scss 3:9                                                                       @import
    /Users/michellestar/Documents/GitHub/hello-michelle-star.github.io/assets/css/main.scss 26:9  root stylesheet
DEPRECATION WARNING [import]: Sass @import rules are deprecated and will be removed in Dart Sass 3.0.0.

More info and automated migrator: https://sass-lang.com/d/import

  ╷
4 │         "default",
  │         ^^^^^^^^^
  ╵
    _-sections-dir.scss 4:9                                                                       @import
    /Users/michellestar/Documents/GitHub/hello-michelle-star.github.io/assets/css/main.scss 26:9  root stylesheet
WARNING: 7 repetitive deprecation warnings omitted.
Run in verbose mode to see all warnings.
                    ...done in 0.073728 seconds.
                    
[2026-04-27 23:04:12] ERROR Errno::ECONNRESET: Connection reset by peer @ io_fillbuf - fd:21 
	/Users/michellestar/Documents/GitHub/hello-michelle-star.github.io/vendor/bundle/ruby/3.4.0/gems/webrick-1.9.1/lib/webrick/httpserver.rb:82:in 'IO#eof?'
	/Users/michellestar/Documents/GitHub/hello-michelle-star.github.io/vendor/bundle/ruby/3.4.0/gems/webrick-1.9.1/lib/webrick/httpserver.rb:82:in 'WEBrick::HTTPServer#run'
	/Users/michellestar/Documents/GitHub/hello-michelle-star.github.io/vendor/bundle/ruby/3.4.0/gems/webrick-1.9.1/lib/webrick/server.rb:310:in 'block in WEBrick::GenericServer#start_thread'
[2026-04-27 23:04:12] ERROR Errno::ECONNRESET: Connection reset by peer @ io_fillbuf - fd:8 
	/Users/michellestar/Documents/GitHub/hello-michelle-star.github.io/vendor/bundle/ruby/3.4.0/gems/webrick-1.9.1/lib/webrick/httpserver.rb:82:in 'IO#eof?'
	/Users/michellestar/Documents/GitHub/hello-michelle-star.github.io/vendor/bundle/ruby/3.4.0/gems/webrick-1.9.1/lib/webrick/httpserver.rb:82:in 'WEBrick::HTTPServer#run'
	/Users/michellestar/Documents/GitHub/hello-michelle-star.github.io/vendor/bundle/ruby/3.4.0/gems/webrick-1.9.1/lib/webrick/server.rb:310:in 'block in WEBrick::GenericServer#start_thread'
      Regenerating: 1 file(s) changed at 2026-04-27 23:04:17
                    jekyll.log
       Jekyll Feed: Generating feed for posts
DEPRECATION WARNING [import]: Sass @import rules are deprecated and will be removed in Dart Sass 3.0.0.

More info and automated migrator: https://sass-lang.com/d/import

   ╷
26 │ @import "-sections-dir";
   │         ^^^^^^^^^^^^^^^
   ╵
    /Users/michellestar/Documents/GitHub/hello-michelle-star.github.io/assets/css/main.scss 26:9  root stylesheet
DEPRECATION WARNING [import]: Sass @import rules are deprecated and will be removed in Dart Sass 3.0.0.

More info and automated migrator: https://sass-lang.com/d/import

   ╷
27 │ @import 'about';
   │         ^^^^^^^
   ╵
    /Users/michellestar/Documents/GitHub/hello-michelle-star.github.io/assets/css/main.scss 27:9  root stylesheet
DEPRECATION WARNING [import]: Sass @import rules are deprecated and will be removed in Dart Sass 3.0.0.

More info and automated migrator: https://sass-lang.com/d/import

  ╷
2 │ @import "base",
  │         ^^^^^^
  ╵
    _-sections-dir.scss 2:9                                                                       @import
    /Users/michellestar/Documents/GitHub/hello-michelle-star.github.io/assets/css/main.scss 26:9  root stylesheet
DEPRECATION WARNING [import]: Sass @import rules are deprecated and will be removed in Dart Sass 3.0.0.

More info and automated migrator: https://sass-lang.com/d/import

  ╷
3 │         "code",
  │         ^^^^^^
  ╵
    _-sections-dir.scss 3:9                                                                       @import
    /Users/michellestar/Documents/GitHub/hello-michelle-star.github.io/assets/css/main.scss 26:9  root stylesheet
DEPRECATION WARNING [import]: Sass @import rules are deprecated and will be removed in Dart Sass 3.0.0.

More info and automated migrator: https://sass-lang.com/d/import

  ╷
4 │         "default",
  │         ^^^^^^^^^
  ╵
    _-sections-dir.scss 4:9                                                                       @import
    /Users/michellestar/Documents/GitHub/hello-michelle-star.github.io/assets/css/main.scss 26:9  root stylesheet
WARNING: 7 repetitive deprecation warnings omitted.
Run in verbose mode to see all warnings.
                    ...done in 0.048774 seconds.
                    
[2026-04-27 23:04:17] ERROR Errno::ECONNRESET: Connection reset by peer @ io_fillbuf - fd:20 
	/Users/michellestar/Documents/GitHub/hello-michelle-star.github.io/vendor/bundle/ruby/3.4.0/gems/webrick-1.9.1/lib/webrick/httpserver.rb:82:in 'IO#eof?'
	/Users/michellestar/Documents/GitHub/hello-michelle-star.github.io/vendor/bundle/ruby/3.4.0/gems/webrick-1.9.1/lib/webrick/httpserver.rb:82:in 'WEBrick::HTTPServer#run'
	/Users/michellestar/Documents/GitHub/hello-michelle-star.github.io/vendor/bundle/ruby/3.4.0/gems/webrick-1.9.1/lib/webrick/server.rb:310:in 'block in WEBrick::GenericServer#start_thread'
      Regenerating: 1 file(s) changed at 2026-04-27 23:04:21
                    jekyll.log
       Jekyll Feed: Generating feed for posts
DEPRECATION WARNING [import]: Sass @import rules are deprecated and will be removed in Dart Sass 3.0.0.

More info and automated migrator: https://sass-lang.com/d/import

   ╷
26 │ @import "-sections-dir";
   │         ^^^^^^^^^^^^^^^
   ╵
    /Users/michellestar/Documents/GitHub/hello-michelle-star.github.io/assets/css/main.scss 26:9  root stylesheet
DEPRECATION WARNING [import]: Sass @import rules are deprecated and will be removed in Dart Sass 3.0.0.

More info and automated migrator: https://sass-lang.com/d/import

   ╷
27 │ @import 'about';
   │         ^^^^^^^
   ╵
    /Users/michellestar/Documents/GitHub/hello-michelle-star.github.io/assets/css/main.scss 27:9  root stylesheet
DEPRECATION WARNING [import]: Sass @import rules are deprecated and will be removed in Dart Sass 3.0.0.

More info and automated migrator: https://sass-lang.com/d/import

  ╷
2 │ @import "base",
  │         ^^^^^^
  ╵
    _-sections-dir.scss 2:9                                                                       @import
    /Users/michellestar/Documents/GitHub/hello-michelle-star.github.io/assets/css/main.scss 26:9  root stylesheet
DEPRECATION WARNING [import]: Sass @import rules are deprecated and will be removed in Dart Sass 3.0.0.

More info and automated migrator: https://sass-lang.com/d/import

  ╷
3 │         "code",
  │         ^^^^^^
  ╵
    _-sections-dir.scss 3:9                                                                       @import
    /Users/michellestar/Documents/GitHub/hello-michelle-star.github.io/assets/css/main.scss 26:9  root stylesheet
DEPRECATION WARNING [import]: Sass @import rules are deprecated and will be removed in Dart Sass 3.0.0.

More info and automated migrator: https://sass-lang.com/d/import

  ╷
4 │         "default",
  │         ^^^^^^^^^
  ╵
    _-sections-dir.scss 4:9                                                                       @import
    /Users/michellestar/Documents/GitHub/hello-michelle-star.github.io/assets/css/main.scss 26:9  root stylesheet
WARNING: 7 repetitive deprecation warnings omitted.
Run in verbose mode to see all warnings.
                    ...done in 0.064507 seconds.
                    
[2026-04-27 23:04:22] ERROR Errno::ECONNRESET: Connection reset by peer @ io_fillbuf - fd:21 
	/Users/michellestar/Documents/GitHub/hello-michelle-star.github.io/vendor/bundle/ruby/3.4.0/gems/webrick-1.9.1/lib/webrick/httpserver.rb:82:in 'IO#eof?'
	/Users/michellestar/Documents/GitHub/hello-michelle-star.github.io/vendor/bundle/ruby/3.4.0/gems/webrick-1.9.1/lib/webrick/httpserver.rb:82:in 'WEBrick::HTTPServer#run'
	/Users/michellestar/Documents/GitHub/hello-michelle-star.github.io/vendor/bundle/ruby/3.4.0/gems/webrick-1.9.1/lib/webrick/server.rb:310:in 'block in WEBrick::GenericServer#start_thread'
      Regenerating: 1 file(s) changed at 2026-04-27 23:04:27
                    jekyll.log
       Jekyll Feed: Generating feed for posts
DEPRECATION WARNING [import]: Sass @import rules are deprecated and will be removed in Dart Sass 3.0.0.

More info and automated migrator: https://sass-lang.com/d/import

   ╷
26 │ @import "-sections-dir";
   │         ^^^^^^^^^^^^^^^
   ╵
    /Users/michellestar/Documents/GitHub/hello-michelle-star.github.io/assets/css/main.scss 26:9  root stylesheet
DEPRECATION WARNING [import]: Sass @import rules are deprecated and will be removed in Dart Sass 3.0.0.

More info and automated migrator: https://sass-lang.com/d/import

   ╷
27 │ @import 'about';
   │         ^^^^^^^
   ╵
    /Users/michellestar/Documents/GitHub/hello-michelle-star.github.io/assets/css/main.scss 27:9  root stylesheet
DEPRECATION WARNING [import]: Sass @import rules are deprecated and will be removed in Dart Sass 3.0.0.

More info and automated migrator: https://sass-lang.com/d/import

  ╷
2 │ @import "base",
  │         ^^^^^^
  ╵
    _-sections-dir.scss 2:9                                                                       @import
    /Users/michellestar/Documents/GitHub/hello-michelle-star.github.io/assets/css/main.scss 26:9  root stylesheet
DEPRECATION WARNING [import]: Sass @import rules are deprecated and will be removed in Dart Sass 3.0.0.

More info and automated migrator: https://sass-lang.com/d/import

  ╷
3 │         "code",
  │         ^^^^^^
  ╵
    _-sections-dir.scss 3:9                                                                       @import
    /Users/michellestar/Documents/GitHub/hello-michelle-star.github.io/assets/css/main.scss 26:9  root stylesheet
DEPRECATION WARNING [import]: Sass @import rules are deprecated and will be removed in Dart Sass 3.0.0.

More info and automated migrator: https://sass-lang.com/d/import

  ╷
4 │         "default",
  │         ^^^^^^^^^
  ╵
    _-sections-dir.scss 4:9                                                                       @import
    /Users/michellestar/Documents/GitHub/hello-michelle-star.github.io/assets/css/main.scss 26:9  root stylesheet
WARNING: 7 repetitive deprecation warnings omitted.
Run in verbose mode to see all warnings.
                    ...done in 0.056862 seconds.
                    
[2026-04-27 23:04:27] ERROR Errno::ECONNRESET: Connection reset by peer @ io_fillbuf - fd:19 
	/Users/michellestar/Documents/GitHub/hello-michelle-star.github.io/vendor/bundle/ruby/3.4.0/gems/webrick-1.9.1/lib/webrick/httpserver.rb:82:in 'IO#eof?'
	/Users/michellestar/Documents/GitHub/hello-michelle-star.github.io/vendor/bundle/ruby/3.4.0/gems/webrick-1.9.1/lib/webrick/httpserver.rb:82:in 'WEBrick::HTTPServer#run'
	/Users/michellestar/Documents/GitHub/hello-michelle-star.github.io/vendor/bundle/ruby/3.4.0/gems/webrick-1.9.1/lib/webrick/server.rb:310:in 'block in WEBrick::GenericServer#start_thread'
[2026-04-27 23:04:27] ERROR Errno::ECONNRESET: Connection reset by peer @ io_fillbuf - fd:17 
	/Users/michellestar/Documents/GitHub/hello-michelle-star.github.io/vendor/bundle/ruby/3.4.0/gems/webrick-1.9.1/lib/webrick/httpserver.rb:82:in 'IO#eof?'
	/Users/michellestar/Documents/GitHub/hello-michelle-star.github.io/vendor/bundle/ruby/3.4.0/gems/webrick-1.9.1/lib/webrick/httpserver.rb:82:in 'WEBrick::HTTPServer#run'
	/Users/michellestar/Documents/GitHub/hello-michelle-star.github.io/vendor/bundle/ruby/3.4.0/gems/webrick-1.9.1/lib/webrick/server.rb:310:in 'block in WEBrick::GenericServer#start_thread'
      Regenerating: 1 file(s) changed at 2026-04-27 23:04:32
                    jekyll.log
       Jekyll Feed: Generating feed for posts
DEPRECATION WARNING [import]: Sass @import rules are deprecated and will be removed in Dart Sass 3.0.0.

More info and automated migrator: https://sass-lang.com/d/import

   ╷
26 │ @import "-sections-dir";
   │         ^^^^^^^^^^^^^^^
   ╵
    /Users/michellestar/Documents/GitHub/hello-michelle-star.github.io/assets/css/main.scss 26:9  root stylesheet
DEPRECATION WARNING [import]: Sass @import rules are deprecated and will be removed in Dart Sass 3.0.0.

More info and automated migrator: https://sass-lang.com/d/import

   ╷
27 │ @import 'about';
   │         ^^^^^^^
   ╵
    /Users/michellestar/Documents/GitHub/hello-michelle-star.github.io/assets/css/main.scss 27:9  root stylesheet
DEPRECATION WARNING [import]: Sass @import rules are deprecated and will be removed in Dart Sass 3.0.0.

More info and automated migrator: https://sass-lang.com/d/import

  ╷
2 │ @import "base",
  │         ^^^^^^
  ╵
    _-sections-dir.scss 2:9                                                                       @import
    /Users/michellestar/Documents/GitHub/hello-michelle-star.github.io/assets/css/main.scss 26:9  root stylesheet
DEPRECATION WARNING [import]: Sass @import rules are deprecated and will be removed in Dart Sass 3.0.0.

More info and automated migrator: https://sass-lang.com/d/import

  ╷
3 │         "code",
  │         ^^^^^^
  ╵
    _-sections-dir.scss 3:9                                                                       @import
    /Users/michellestar/Documents/GitHub/hello-michelle-star.github.io/assets/css/main.scss 26:9  root stylesheet
DEPRECATION WARNING [import]: Sass @import rules are deprecated and will be removed in Dart Sass 3.0.0.

More info and automated migrator: https://sass-lang.com/d/import

  ╷
4 │         "default",
  │         ^^^^^^^^^
  ╵
    _-sections-dir.scss 4:9                                                                       @import
    /Users/michellestar/Documents/GitHub/hello-michelle-star.github.io/assets/css/main.scss 26:9  root stylesheet
WARNING: 7 repetitive deprecation warnings omitted.
Run in verbose mode to see all warnings.
                    ...done in 0.053628 seconds.
                    
[2026-04-27 23:04:32] ERROR Errno::ECONNRESET: Connection reset by peer @ io_fillbuf - fd:19 
	/Users/michellestar/Documents/GitHub/hello-michelle-star.github.io/vendor/bundle/ruby/3.4.0/gems/webrick-1.9.1/lib/webrick/httpserver.rb:82:in 'IO#eof?'
	/Users/michellestar/Documents/GitHub/hello-michelle-star.github.io/vendor/bundle/ruby/3.4.0/gems/webrick-1.9.1/lib/webrick/httpserver.rb:82:in 'WEBrick::HTTPServer#run'
	/Users/michellestar/Documents/GitHub/hello-michelle-star.github.io/vendor/bundle/ruby/3.4.0/gems/webrick-1.9.1/lib/webrick/server.rb:310:in 'block in WEBrick::GenericServer#start_thread'
      Regenerating: 1 file(s) changed at 2026-04-27 23:04:38
                    jekyll.log
       Jekyll Feed: Generating feed for posts
DEPRECATION WARNING [import]: Sass @import rules are deprecated and will be removed in Dart Sass 3.0.0.

More info and automated migrator: https://sass-lang.com/d/import

   ╷
26 │ @import "-sections-dir";
   │         ^^^^^^^^^^^^^^^
   ╵
    /Users/michellestar/Documents/GitHub/hello-michelle-star.github.io/assets/css/main.scss 26:9  root stylesheet
DEPRECATION WARNING [import]: Sass @import rules are deprecated and will be removed in Dart Sass 3.0.0.

More info and automated migrator: https://sass-lang.com/d/import

   ╷
27 │ @import 'about';
   │         ^^^^^^^
   ╵
    /Users/michellestar/Documents/GitHub/hello-michelle-star.github.io/assets/css/main.scss 27:9  root stylesheet
DEPRECATION WARNING [import]: Sass @import rules are deprecated and will be removed in Dart Sass 3.0.0.

More info and automated migrator: https://sass-lang.com/d/import

  ╷
2 │ @import "base",
  │         ^^^^^^
  ╵
    _-sections-dir.scss 2:9                                                                       @import
    /Users/michellestar/Documents/GitHub/hello-michelle-star.github.io/assets/css/main.scss 26:9  root stylesheet
DEPRECATION WARNING [import]: Sass @import rules are deprecated and will be removed in Dart Sass 3.0.0.

More info and automated migrator: https://sass-lang.com/d/import

  ╷
3 │         "code",
  │         ^^^^^^
  ╵
    _-sections-dir.scss 3:9                                                                       @import
    /Users/michellestar/Documents/GitHub/hello-michelle-star.github.io/assets/css/main.scss 26:9  root stylesheet
DEPRECATION WARNING [import]: Sass @import rules are deprecated and will be removed in Dart Sass 3.0.0.

More info and automated migrator: https://sass-lang.com/d/import

  ╷
4 │         "default",
  │         ^^^^^^^^^
  ╵
    _-sections-dir.scss 4:9                                                                       @import
    /Users/michellestar/Documents/GitHub/hello-michelle-star.github.io/assets/css/main.scss 26:9  root stylesheet
WARNING: 7 repetitive deprecation warnings omitted.
Run in verbose mode to see all warnings.
                    ...done in 0.046697 seconds.
                    
[2026-04-27 23:04:38] ERROR Errno::ECONNRESET: Connection reset by peer @ io_fillbuf - fd:17 
	/Users/michellestar/Documents/GitHub/hello-michelle-star.github.io/vendor/bundle/ruby/3.4.0/gems/webrick-1.9.1/lib/webrick/httpserver.rb:82:in 'IO#eof?'
	/Users/michellestar/Documents/GitHub/hello-michelle-star.github.io/vendor/bundle/ruby/3.4.0/gems/webrick-1.9.1/lib/webrick/httpserver.rb:82:in 'WEBrick::HTTPServer#run'
	/Users/michellestar/Documents/GitHub/hello-michelle-star.github.io/vendor/bundle/ruby/3.4.0/gems/webrick-1.9.1/lib/webrick/server.rb:310:in 'block in WEBrick::GenericServer#start_thread'
      Regenerating: 1 file(s) changed at 2026-04-27 23:04:43
                    jekyll.log
       Jekyll Feed: Generating feed for posts
DEPRECATION WARNING [import]: Sass @import rules are deprecated and will be removed in Dart Sass 3.0.0.

More info and automated migrator: https://sass-lang.com/d/import

   ╷
26 │ @import "-sections-dir";
   │         ^^^^^^^^^^^^^^^
   ╵
    /Users/michellestar/Documents/GitHub/hello-michelle-star.github.io/assets/css/main.scss 26:9  root stylesheet
DEPRECATION WARNING [import]: Sass @import rules are deprecated and will be removed in Dart Sass 3.0.0.

More info and automated migrator: https://sass-lang.com/d/import

   ╷
27 │ @import 'about';
   │         ^^^^^^^
   ╵
    /Users/michellestar/Documents/GitHub/hello-michelle-star.github.io/assets/css/main.scss 27:9  root stylesheet
DEPRECATION WARNING [import]: Sass @import rules are deprecated and will be removed in Dart Sass 3.0.0.

More info and automated migrator: https://sass-lang.com/d/import

  ╷
2 │ @import "base",
  │         ^^^^^^
  ╵
    _-sections-dir.scss 2:9                                                                       @import
    /Users/michellestar/Documents/GitHub/hello-michelle-star.github.io/assets/css/main.scss 26:9  root stylesheet
DEPRECATION WARNING [import]: Sass @import rules are deprecated and will be removed in Dart Sass 3.0.0.

More info and automated migrator: https://sass-lang.com/d/import

  ╷
3 │         "code",
  │         ^^^^^^
  ╵
    _-sections-dir.scss 3:9                                                                       @import
    /Users/michellestar/Documents/GitHub/hello-michelle-star.github.io/assets/css/main.scss 26:9  root stylesheet
DEPRECATION WARNING [import]: Sass @import rules are deprecated and will be removed in Dart Sass 3.0.0.

More info and automated migrator: https://sass-lang.com/d/import

  ╷
4 │         "default",
  │         ^^^^^^^^^
  ╵
    _-sections-dir.scss 4:9                                                                       @import
    /Users/michellestar/Documents/GitHub/hello-michelle-star.github.io/assets/css/main.scss 26:9  root stylesheet
WARNING: 7 repetitive deprecation warnings omitted.
Run in verbose mode to see all warnings.
                    ...done in 0.060135 seconds.
                    
[2026-04-27 23:04:43] ERROR Errno::ECONNRESET: Connection reset by peer @ io_fillbuf - fd:17 
	/Users/michellestar/Documents/GitHub/hello-michelle-star.github.io/vendor/bundle/ruby/3.4.0/gems/webrick-1.9.1/lib/webrick/httpserver.rb:82:in 'IO#eof?'
	/Users/michellestar/Documents/GitHub/hello-michelle-star.github.io/vendor/bundle/ruby/3.4.0/gems/webrick-1.9.1/lib/webrick/httpserver.rb:82:in 'WEBrick::HTTPServer#run'
	/Users/michellestar/Documents/GitHub/hello-michelle-star.github.io/vendor/bundle/ruby/3.4.0/gems/webrick-1.9.1/lib/webrick/server.rb:310:in 'block in WEBrick::GenericServer#start_thread'
      Regenerating: 1 file(s) changed at 2026-04-27 23:04:46
                    jekyll.log
       Jekyll Feed: Generating feed for posts
DEPRECATION WARNING [import]: Sass @import rules are deprecated and will be removed in Dart Sass 3.0.0.

More info and automated migrator: https://sass-lang.com/d/import

   ╷
26 │ @import "-sections-dir";
   │         ^^^^^^^^^^^^^^^
   ╵
    /Users/michellestar/Documents/GitHub/hello-michelle-star.github.io/assets/css/main.scss 26:9  root stylesheet
DEPRECATION WARNING [import]: Sass @import rules are deprecated and will be removed in Dart Sass 3.0.0.

More info and automated migrator: https://sass-lang.com/d/import

   ╷
27 │ @import 'about';
   │         ^^^^^^^
   ╵
    /Users/michellestar/Documents/GitHub/hello-michelle-star.github.io/assets/css/main.scss 27:9  root stylesheet
DEPRECATION WARNING [import]: Sass @import rules are deprecated and will be removed in Dart Sass 3.0.0.

More info and automated migrator: https://sass-lang.com/d/import

  ╷
2 │ @import "base",
  │         ^^^^^^
  ╵
    _-sections-dir.scss 2:9                                                                       @import
    /Users/michellestar/Documents/GitHub/hello-michelle-star.github.io/assets/css/main.scss 26:9  root stylesheet
DEPRECATION WARNING [import]: Sass @import rules are deprecated and will be removed in Dart Sass 3.0.0.

More info and automated migrator: https://sass-lang.com/d/import

  ╷
3 │         "code",
  │         ^^^^^^
  ╵
    _-sections-dir.scss 3:9                                                                       @import
    /Users/michellestar/Documents/GitHub/hello-michelle-star.github.io/assets/css/main.scss 26:9  root stylesheet
DEPRECATION WARNING [import]: Sass @import rules are deprecated and will be removed in Dart Sass 3.0.0.

More info and automated migrator: https://sass-lang.com/d/import

  ╷
4 │         "default",
  │         ^^^^^^^^^
  ╵
    _-sections-dir.scss 4:9                                                                       @import
    /Users/michellestar/Documents/GitHub/hello-michelle-star.github.io/assets/css/main.scss 26:9  root stylesheet
WARNING: 7 repetitive deprecation warnings omitted.
Run in verbose mode to see all warnings.
                    ...done in 0.047528 seconds.
                    
[2026-04-27 23:04:46] ERROR Errno::ECONNRESET: Connection reset by peer @ io_fillbuf - fd:21 
	/Users/michellestar/Documents/GitHub/hello-michelle-star.github.io/vendor/bundle/ruby/3.4.0/gems/webrick-1.9.1/lib/webrick/httpserver.rb:82:in 'IO#eof?'
	/Users/michellestar/Documents/GitHub/hello-michelle-star.github.io/vendor/bundle/ruby/3.4.0/gems/webrick-1.9.1/lib/webrick/httpserver.rb:82:in 'WEBrick::HTTPServer#run'
	/Users/michellestar/Documents/GitHub/hello-michelle-star.github.io/vendor/bundle/ruby/3.4.0/gems/webrick-1.9.1/lib/webrick/server.rb:310:in 'block in WEBrick::GenericServer#start_thread'
      Regenerating: 1 file(s) changed at 2026-04-27 23:04:51
                    jekyll.log
       Jekyll Feed: Generating feed for posts
DEPRECATION WARNING [import]: Sass @import rules are deprecated and will be removed in Dart Sass 3.0.0.

More info and automated migrator: https://sass-lang.com/d/import

   ╷
26 │ @import "-sections-dir";
   │         ^^^^^^^^^^^^^^^
   ╵
    /Users/michellestar/Documents/GitHub/hello-michelle-star.github.io/assets/css/main.scss 26:9  root stylesheet
DEPRECATION WARNING [import]: Sass @import rules are deprecated and will be removed in Dart Sass 3.0.0.

More info and automated migrator: https://sass-lang.com/d/import

   ╷
27 │ @import 'about';
   │         ^^^^^^^
   ╵
    /Users/michellestar/Documents/GitHub/hello-michelle-star.github.io/assets/css/main.scss 27:9  root stylesheet
DEPRECATION WARNING [import]: Sass @import rules are deprecated and will be removed in Dart Sass 3.0.0.

More info and automated migrator: https://sass-lang.com/d/import

  ╷
2 │ @import "base",
  │         ^^^^^^
  ╵
    _-sections-dir.scss 2:9                                                                       @import
    /Users/michellestar/Documents/GitHub/hello-michelle-star.github.io/assets/css/main.scss 26:9  root stylesheet
DEPRECATION WARNING [import]: Sass @import rules are deprecated and will be removed in Dart Sass 3.0.0.

More info and automated migrator: https://sass-lang.com/d/import

  ╷
3 │         "code",
  │         ^^^^^^
  ╵
    _-sections-dir.scss 3:9                                                                       @import
    /Users/michellestar/Documents/GitHub/hello-michelle-star.github.io/assets/css/main.scss 26:9  root stylesheet
DEPRECATION WARNING [import]: Sass @import rules are deprecated and will be removed in Dart Sass 3.0.0.

More info and automated migrator: https://sass-lang.com/d/import

  ╷
4 │         "default",
  │         ^^^^^^^^^
  ╵
    _-sections-dir.scss 4:9                                                                       @import
    /Users/michellestar/Documents/GitHub/hello-michelle-star.github.io/assets/css/main.scss 26:9  root stylesheet
WARNING: 7 repetitive deprecation warnings omitted.
Run in verbose mode to see all warnings.
                    ...done in 0.059043 seconds.
                    
[2026-04-27 23:04:51] ERROR Errno::ECONNRESET: Connection reset by peer @ io_fillbuf - fd:7 
	/Users/michellestar/Documents/GitHub/hello-michelle-star.github.io/vendor/bundle/ruby/3.4.0/gems/webrick-1.9.1/lib/webrick/httpserver.rb:82:in 'IO#eof?'
	/Users/michellestar/Documents/GitHub/hello-michelle-star.github.io/vendor/bundle/ruby/3.4.0/gems/webrick-1.9.1/lib/webrick/httpserver.rb:82:in 'WEBrick::HTTPServer#run'
	/Users/michellestar/Documents/GitHub/hello-michelle-star.github.io/vendor/bundle/ruby/3.4.0/gems/webrick-1.9.1/lib/webrick/server.rb:310:in 'block in WEBrick::GenericServer#start_thread'
[2026-04-27 23:04:51] ERROR Errno::ECONNRESET: Connection reset by peer @ io_fillbuf - fd:19 
	/Users/michellestar/Documents/GitHub/hello-michelle-star.github.io/vendor/bundle/ruby/3.4.0/gems/webrick-1.9.1/lib/webrick/httpserver.rb:82:in 'IO#eof?'
	/Users/michellestar/Documents/GitHub/hello-michelle-star.github.io/vendor/bundle/ruby/3.4.0/gems/webrick-1.9.1/lib/webrick/httpserver.rb:82:in 'WEBrick::HTTPServer#run'
	/Users/michellestar/Documents/GitHub/hello-michelle-star.github.io/vendor/bundle/ruby/3.4.0/gems/webrick-1.9.1/lib/webrick/server.rb:310:in 'block in WEBrick::GenericServer#start_thread'
[2026-04-27 23:04:51] ERROR Errno::ECONNRESET: Connection reset by peer @ io_fillbuf - fd:7 
	/Users/michellestar/Documents/GitHub/hello-michelle-star.github.io/vendor/bundle/ruby/3.4.0/gems/webrick-1.9.1/lib/webrick/httpserver.rb:82:in 'IO#eof?'
	/Users/michellestar/Documents/GitHub/hello-michelle-star.github.io/vendor/bundle/ruby/3.4.0/gems/webrick-1.9.1/lib/webrick/httpserver.rb:82:in 'WEBrick::HTTPServer#run'
	/Users/michellestar/Documents/GitHub/hello-michelle-star.github.io/vendor/bundle/ruby/3.4.0/gems/webrick-1.9.1/lib/webrick/server.rb:310:in 'block in WEBrick::GenericServer#start_thread'
      Regenerating: 1 file(s) changed at 2026-04-27 23:04:54
                    jekyll.log
       Jekyll Feed: Generating feed for posts
DEPRECATION WARNING [import]: Sass @import rules are deprecated and will be removed in Dart Sass 3.0.0.

More info and automated migrator: https://sass-lang.com/d/import

   ╷
26 │ @import "-sections-dir";
   │         ^^^^^^^^^^^^^^^
   ╵
    /Users/michellestar/Documents/GitHub/hello-michelle-star.github.io/assets/css/main.scss 26:9  root stylesheet
DEPRECATION WARNING [import]: Sass @import rules are deprecated and will be removed in Dart Sass 3.0.0.

More info and automated migrator: https://sass-lang.com/d/import

   ╷
27 │ @import 'about';
   │         ^^^^^^^
   ╵
    /Users/michellestar/Documents/GitHub/hello-michelle-star.github.io/assets/css/main.scss 27:9  root stylesheet
DEPRECATION WARNING [import]: Sass @import rules are deprecated and will be removed in Dart Sass 3.0.0.

More info and automated migrator: https://sass-lang.com/d/import

  ╷
2 │ @import "base",
  │         ^^^^^^
  ╵
    _-sections-dir.scss 2:9                                                                       @import
    /Users/michellestar/Documents/GitHub/hello-michelle-star.github.io/assets/css/main.scss 26:9  root stylesheet
DEPRECATION WARNING [import]: Sass @import rules are deprecated and will be removed in Dart Sass 3.0.0.

More info and automated migrator: https://sass-lang.com/d/import

  ╷
3 │         "code",
  │         ^^^^^^
  ╵
    _-sections-dir.scss 3:9                                                                       @import
    /Users/michellestar/Documents/GitHub/hello-michelle-star.github.io/assets/css/main.scss 26:9  root stylesheet
DEPRECATION WARNING [import]: Sass @import rules are deprecated and will be removed in Dart Sass 3.0.0.

More info and automated migrator: https://sass-lang.com/d/import

  ╷
4 │         "default",
  │         ^^^^^^^^^
  ╵
    _-sections-dir.scss 4:9                                                                       @import
    /Users/michellestar/Documents/GitHub/hello-michelle-star.github.io/assets/css/main.scss 26:9  root stylesheet
WARNING: 7 repetitive deprecation warnings omitted.
Run in verbose mode to see all warnings.
                    ...done in 0.055246 seconds.
                    
[2026-04-27 23:04:54] ERROR Errno::ECONNRESET: Connection reset by peer @ io_fillbuf - fd:19 
	/Users/michellestar/Documents/GitHub/hello-michelle-star.github.io/vendor/bundle/ruby/3.4.0/gems/webrick-1.9.1/lib/webrick/httpserver.rb:82:in 'IO#eof?'
	/Users/michellestar/Documents/GitHub/hello-michelle-star.github.io/vendor/bundle/ruby/3.4.0/gems/webrick-1.9.1/lib/webrick/httpserver.rb:82:in 'WEBrick::HTTPServer#run'
	/Users/michellestar/Documents/GitHub/hello-michelle-star.github.io/vendor/bundle/ruby/3.4.0/gems/webrick-1.9.1/lib/webrick/server.rb:310:in 'block in WEBrick::GenericServer#start_thread'
[2026-04-27 23:04:54] ERROR Errno::ECONNRESET: Connection reset by peer @ io_fillbuf - fd:20 
	/Users/michellestar/Documents/GitHub/hello-michelle-star.github.io/vendor/bundle/ruby/3.4.0/gems/webrick-1.9.1/lib/webrick/httpserver.rb:82:in 'IO#eof?'
	/Users/michellestar/Documents/GitHub/hello-michelle-star.github.io/vendor/bundle/ruby/3.4.0/gems/webrick-1.9.1/lib/webrick/httpserver.rb:82:in 'WEBrick::HTTPServer#run'
	/Users/michellestar/Documents/GitHub/hello-michelle-star.github.io/vendor/bundle/ruby/3.4.0/gems/webrick-1.9.1/lib/webrick/server.rb:310:in 'block in WEBrick::GenericServer#start_thread'
[2026-04-27 23:04:54] ERROR Errno::ECONNRESET: Connection reset by peer @ io_fillbuf - fd:17 
	/Users/michellestar/Documents/GitHub/hello-michelle-star.github.io/vendor/bundle/ruby/3.4.0/gems/webrick-1.9.1/lib/webrick/httpserver.rb:82:in 'IO#eof?'
	/Users/michellestar/Documents/GitHub/hello-michelle-star.github.io/vendor/bundle/ruby/3.4.0/gems/webrick-1.9.1/lib/webrick/httpserver.rb:82:in 'WEBrick::HTTPServer#run'
	/Users/michellestar/Documents/GitHub/hello-michelle-star.github.io/vendor/bundle/ruby/3.4.0/gems/webrick-1.9.1/lib/webrick/server.rb:310:in 'block in WEBrick::GenericServer#start_thread'
      Regenerating: 1 file(s) changed at 2026-04-27 23:04:58
                    jekyll.log
       Jekyll Feed: Generating feed for posts
DEPRECATION WARNING [import]: Sass @import rules are deprecated and will be removed in Dart Sass 3.0.0.

More info and automated migrator: https://sass-lang.com/d/import

   ╷
26 │ @import "-sections-dir";
   │         ^^^^^^^^^^^^^^^
   ╵
    /Users/michellestar/Documents/GitHub/hello-michelle-star.github.io/assets/css/main.scss 26:9  root stylesheet
DEPRECATION WARNING [import]: Sass @import rules are deprecated and will be removed in Dart Sass 3.0.0.

More info and automated migrator: https://sass-lang.com/d/import

   ╷
27 │ @import 'about';
   │         ^^^^^^^
   ╵
    /Users/michellestar/Documents/GitHub/hello-michelle-star.github.io/assets/css/main.scss 27:9  root stylesheet
DEPRECATION WARNING [import]: Sass @import rules are deprecated and will be removed in Dart Sass 3.0.0.

More info and automated migrator: https://sass-lang.com/d/import

  ╷
2 │ @import "base",
  │         ^^^^^^
  ╵
    _-sections-dir.scss 2:9                                                                       @import
    /Users/michellestar/Documents/GitHub/hello-michelle-star.github.io/assets/css/main.scss 26:9  root stylesheet
DEPRECATION WARNING [import]: Sass @import rules are deprecated and will be removed in Dart Sass 3.0.0.

More info and automated migrator: https://sass-lang.com/d/import

  ╷
3 │         "code",
  │         ^^^^^^
  ╵
    _-sections-dir.scss 3:9                                                                       @import
    /Users/michellestar/Documents/GitHub/hello-michelle-star.github.io/assets/css/main.scss 26:9  root stylesheet
DEPRECATION WARNING [import]: Sass @import rules are deprecated and will be removed in Dart Sass 3.0.0.

More info and automated migrator: https://sass-lang.com/d/import

  ╷
4 │         "default",
  │         ^^^^^^^^^
  ╵
    _-sections-dir.scss 4:9                                                                       @import
    /Users/michellestar/Documents/GitHub/hello-michelle-star.github.io/assets/css/main.scss 26:9  root stylesheet
WARNING: 7 repetitive deprecation warnings omitted.
Run in verbose mode to see all warnings.
                    ...done in 0.052684 seconds.
                    
      Regenerating: 1 file(s) changed at 2026-04-27 23:05:05
                    jekyll.log
       Jekyll Feed: Generating feed for posts
DEPRECATION WARNING [import]: Sass @import rules are deprecated and will be removed in Dart Sass 3.0.0.

More info and automated migrator: https://sass-lang.com/d/import

   ╷
26 │ @import "-sections-dir";
   │         ^^^^^^^^^^^^^^^
   ╵
    /Users/michellestar/Documents/GitHub/hello-michelle-star.github.io/assets/css/main.scss 26:9  root stylesheet
DEPRECATION WARNING [import]: Sass @import rules are deprecated and will be removed in Dart Sass 3.0.0.

More info and automated migrator: https://sass-lang.com/d/import

   ╷
27 │ @import 'about';
   │         ^^^^^^^
   ╵
    /Users/michellestar/Documents/GitHub/hello-michelle-star.github.io/assets/css/main.scss 27:9  root stylesheet
DEPRECATION WARNING [import]: Sass @import rules are deprecated and will be removed in Dart Sass 3.0.0.

More info and automated migrator: https://sass-lang.com/d/import

  ╷
2 │ @import "base",
  │         ^^^^^^
  ╵
    _-sections-dir.scss 2:9                                                                       @import
    /Users/michellestar/Documents/GitHub/hello-michelle-star.github.io/assets/css/main.scss 26:9  root stylesheet
DEPRECATION WARNING [import]: Sass @import rules are deprecated and will be removed in Dart Sass 3.0.0.

More info and automated migrator: https://sass-lang.com/d/import

  ╷
3 │         "code",
  │         ^^^^^^
  ╵
    _-sections-dir.scss 3:9                                                                       @import
    /Users/michellestar/Documents/GitHub/hello-michelle-star.github.io/assets/css/main.scss 26:9  root stylesheet
DEPRECATION WARNING [import]: Sass @import rules are deprecated and will be removed in Dart Sass 3.0.0.

More info and automated migrator: https://sass-lang.com/d/import

  ╷
4 │         "default",
  │         ^^^^^^^^^
  ╵
    _-sections-dir.scss 4:9                                                                       @import
    /Users/michellestar/Documents/GitHub/hello-michelle-star.github.io/assets/css/main.scss 26:9  root stylesheet
WARNING: 7 repetitive deprecation warnings omitted.
Run in verbose mode to see all warnings.
                    ...done in 0.050598 seconds.
                    
[2026-04-27 23:05:05] ERROR Errno::ECONNRESET: Connection reset by peer @ io_fillbuf - fd:19 
	/Users/michellestar/Documents/GitHub/hello-michelle-star.github.io/vendor/bundle/ruby/3.4.0/gems/webrick-1.9.1/lib/webrick/httpserver.rb:82:in 'IO#eof?'
	/Users/michellestar/Documents/GitHub/hello-michelle-star.github.io/vendor/bundle/ruby/3.4.0/gems/webrick-1.9.1/lib/webrick/httpserver.rb:82:in 'WEBrick::HTTPServer#run'
	/Users/michellestar/Documents/GitHub/hello-michelle-star.github.io/vendor/bundle/ruby/3.4.0/gems/webrick-1.9.1/lib/webrick/server.rb:310:in 'block in WEBrick::GenericServer#start_thread'
      Regenerating: 1 file(s) changed at 2026-04-27 23:05:11
                    jekyll.log
       Jekyll Feed: Generating feed for posts
DEPRECATION WARNING [import]: Sass @import rules are deprecated and will be removed in Dart Sass 3.0.0.

More info and automated migrator: https://sass-lang.com/d/import

   ╷
26 │ @import "-sections-dir";
   │         ^^^^^^^^^^^^^^^
   ╵
    /Users/michellestar/Documents/GitHub/hello-michelle-star.github.io/assets/css/main.scss 26:9  root stylesheet
DEPRECATION WARNING [import]: Sass @import rules are deprecated and will be removed in Dart Sass 3.0.0.

More info and automated migrator: https://sass-lang.com/d/import

   ╷
27 │ @import 'about';
   │         ^^^^^^^
   ╵
    /Users/michellestar/Documents/GitHub/hello-michelle-star.github.io/assets/css/main.scss 27:9  root stylesheet
DEPRECATION WARNING [import]: Sass @import rules are deprecated and will be removed in Dart Sass 3.0.0.

More info and automated migrator: https://sass-lang.com/d/import

  ╷
2 │ @import "base",
  │         ^^^^^^
  ╵
    _-sections-dir.scss 2:9                                                                       @import
    /Users/michellestar/Documents/GitHub/hello-michelle-star.github.io/assets/css/main.scss 26:9  root stylesheet
DEPRECATION WARNING [import]: Sass @import rules are deprecated and will be removed in Dart Sass 3.0.0.

More info and automated migrator: https://sass-lang.com/d/import

  ╷
3 │         "code",
  │         ^^^^^^
  ╵
    _-sections-dir.scss 3:9                                                                       @import
    /Users/michellestar/Documents/GitHub/hello-michelle-star.github.io/assets/css/main.scss 26:9  root stylesheet
DEPRECATION WARNING [import]: Sass @import rules are deprecated and will be removed in Dart Sass 3.0.0.

More info and automated migrator: https://sass-lang.com/d/import

  ╷
4 │         "default",
  │         ^^^^^^^^^
  ╵
    _-sections-dir.scss 4:9                                                                       @import
    /Users/michellestar/Documents/GitHub/hello-michelle-star.github.io/assets/css/main.scss 26:9  root stylesheet
WARNING: 7 repetitive deprecation warnings omitted.
Run in verbose mode to see all warnings.
                    ...done in 0.045341 seconds.
                    
[2026-04-27 23:05:11] ERROR Errno::ECONNRESET: Connection reset by peer @ io_fillbuf - fd:19 
	/Users/michellestar/Documents/GitHub/hello-michelle-star.github.io/vendor/bundle/ruby/3.4.0/gems/webrick-1.9.1/lib/webrick/httpserver.rb:82:in 'IO#eof?'
	/Users/michellestar/Documents/GitHub/hello-michelle-star.github.io/vendor/bundle/ruby/3.4.0/gems/webrick-1.9.1/lib/webrick/httpserver.rb:82:in 'WEBrick::HTTPServer#run'
	/Users/michellestar/Documents/GitHub/hello-michelle-star.github.io/vendor/bundle/ruby/3.4.0/gems/webrick-1.9.1/lib/webrick/server.rb:310:in 'block in WEBrick::GenericServer#start_thread'
[2026-04-27 23:05:11] ERROR Errno::ECONNRESET: Connection reset by peer @ io_fillbuf - fd:20 
	/Users/michellestar/Documents/GitHub/hello-michelle-star.github.io/vendor/bundle/ruby/3.4.0/gems/webrick-1.9.1/lib/webrick/httpserver.rb:82:in 'IO#eof?'
	/Users/michellestar/Documents/GitHub/hello-michelle-star.github.io/vendor/bundle/ruby/3.4.0/gems/webrick-1.9.1/lib/webrick/httpserver.rb:82:in 'WEBrick::HTTPServer#run'
	/Users/michellestar/Documents/GitHub/hello-michelle-star.github.io/vendor/bundle/ruby/3.4.0/gems/webrick-1.9.1/lib/webrick/server.rb:310:in 'block in WEBrick::GenericServer#start_thread'
      Regenerating: 1 file(s) changed at 2026-04-27 23:05:16
                    jekyll.log
       Jekyll Feed: Generating feed for posts
DEPRECATION WARNING [import]: Sass @import rules are deprecated and will be removed in Dart Sass 3.0.0.

More info and automated migrator: https://sass-lang.com/d/import

   ╷
26 │ @import "-sections-dir";
   │         ^^^^^^^^^^^^^^^
   ╵
    /Users/michellestar/Documents/GitHub/hello-michelle-star.github.io/assets/css/main.scss 26:9  root stylesheet
DEPRECATION WARNING [import]: Sass @import rules are deprecated and will be removed in Dart Sass 3.0.0.

More info and automated migrator: https://sass-lang.com/d/import

   ╷
27 │ @import 'about';
   │         ^^^^^^^
   ╵
    /Users/michellestar/Documents/GitHub/hello-michelle-star.github.io/assets/css/main.scss 27:9  root stylesheet
DEPRECATION WARNING [import]: Sass @import rules are deprecated and will be removed in Dart Sass 3.0.0.

More info and automated migrator: https://sass-lang.com/d/import

  ╷
2 │ @import "base",
  │         ^^^^^^
  ╵
    _-sections-dir.scss 2:9                                                                       @import
    /Users/michellestar/Documents/GitHub/hello-michelle-star.github.io/assets/css/main.scss 26:9  root stylesheet
DEPRECATION WARNING [import]: Sass @import rules are deprecated and will be removed in Dart Sass 3.0.0.

More info and automated migrator: https://sass-lang.com/d/import

  ╷
3 │         "code",
  │         ^^^^^^
  ╵
    _-sections-dir.scss 3:9                                                                       @import
    /Users/michellestar/Documents/GitHub/hello-michelle-star.github.io/assets/css/main.scss 26:9  root stylesheet
DEPRECATION WARNING [import]: Sass @import rules are deprecated and will be removed in Dart Sass 3.0.0.

More info and automated migrator: https://sass-lang.com/d/import

  ╷
4 │         "default",
  │         ^^^^^^^^^
  ╵
    _-sections-dir.scss 4:9                                                                       @import
    /Users/michellestar/Documents/GitHub/hello-michelle-star.github.io/assets/css/main.scss 26:9  root stylesheet
WARNING: 7 repetitive deprecation warnings omitted.
Run in verbose mode to see all warnings.
                    ...done in 0.039559 seconds.
                    
[2026-04-27 23:05:17] ERROR Errno::ECONNRESET: Connection reset by peer @ io_fillbuf - fd:19 
	/Users/michellestar/Documents/GitHub/hello-michelle-star.github.io/vendor/bundle/ruby/3.4.0/gems/webrick-1.9.1/lib/webrick/httpserver.rb:82:in 'IO#eof?'
	/Users/michellestar/Documents/GitHub/hello-michelle-star.github.io/vendor/bundle/ruby/3.4.0/gems/webrick-1.9.1/lib/webrick/httpserver.rb:82:in 'WEBrick::HTTPServer#run'
	/Users/michellestar/Documents/GitHub/hello-michelle-star.github.io/vendor/bundle/ruby/3.4.0/gems/webrick-1.9.1/lib/webrick/server.rb:310:in 'block in WEBrick::GenericServer#start_thread'
[2026-04-27 23:05:17] ERROR Errno::ECONNRESET: Connection reset by peer @ io_fillbuf - fd:8 
	/Users/michellestar/Documents/GitHub/hello-michelle-star.github.io/vendor/bundle/ruby/3.4.0/gems/webrick-1.9.1/lib/webrick/httpserver.rb:82:in 'IO#eof?'
	/Users/michellestar/Documents/GitHub/hello-michelle-star.github.io/vendor/bundle/ruby/3.4.0/gems/webrick-1.9.1/lib/webrick/httpserver.rb:82:in 'WEBrick::HTTPServer#run'
	/Users/michellestar/Documents/GitHub/hello-michelle-star.github.io/vendor/bundle/ruby/3.4.0/gems/webrick-1.9.1/lib/webrick/server.rb:310:in 'block in WEBrick::GenericServer#start_thread'
[2026-04-27 23:05:17] ERROR Errno::ECONNRESET: Connection reset by peer @ io_fillbuf - fd:17 
	/Users/michellestar/Documents/GitHub/hello-michelle-star.github.io/vendor/bundle/ruby/3.4.0/gems/webrick-1.9.1/lib/webrick/httpserver.rb:82:in 'IO#eof?'
	/Users/michellestar/Documents/GitHub/hello-michelle-star.github.io/vendor/bundle/ruby/3.4.0/gems/webrick-1.9.1/lib/webrick/httpserver.rb:82:in 'WEBrick::HTTPServer#run'
	/Users/michellestar/Documents/GitHub/hello-michelle-star.github.io/vendor/bundle/ruby/3.4.0/gems/webrick-1.9.1/lib/webrick/server.rb:310:in 'block in WEBrick::GenericServer#start_thread'
      Regenerating: 1 file(s) changed at 2026-04-27 23:05:22
                    jekyll.log
       Jekyll Feed: Generating feed for posts
DEPRECATION WARNING [import]: Sass @import rules are deprecated and will be removed in Dart Sass 3.0.0.

More info and automated migrator: https://sass-lang.com/d/import

   ╷
26 │ @import "-sections-dir";
   │         ^^^^^^^^^^^^^^^
   ╵
    /Users/michellestar/Documents/GitHub/hello-michelle-star.github.io/assets/css/main.scss 26:9  root stylesheet
DEPRECATION WARNING [import]: Sass @import rules are deprecated and will be removed in Dart Sass 3.0.0.

More info and automated migrator: https://sass-lang.com/d/import

   ╷
27 │ @import 'about';
   │         ^^^^^^^
   ╵
    /Users/michellestar/Documents/GitHub/hello-michelle-star.github.io/assets/css/main.scss 27:9  root stylesheet
DEPRECATION WARNING [import]: Sass @import rules are deprecated and will be removed in Dart Sass 3.0.0.

More info and automated migrator: https://sass-lang.com/d/import

  ╷
2 │ @import "base",
  │         ^^^^^^
  ╵
    _-sections-dir.scss 2:9                                                                       @import
    /Users/michellestar/Documents/GitHub/hello-michelle-star.github.io/assets/css/main.scss 26:9  root stylesheet
DEPRECATION WARNING [import]: Sass @import rules are deprecated and will be removed in Dart Sass 3.0.0.

More info and automated migrator: https://sass-lang.com/d/import

  ╷
3 │         "code",
  │         ^^^^^^
  ╵
    _-sections-dir.scss 3:9                                                                       @import
    /Users/michellestar/Documents/GitHub/hello-michelle-star.github.io/assets/css/main.scss 26:9  root stylesheet
DEPRECATION WARNING [import]: Sass @import rules are deprecated and will be removed in Dart Sass 3.0.0.

More info and automated migrator: https://sass-lang.com/d/import

  ╷
4 │         "default",
  │         ^^^^^^^^^
  ╵
    _-sections-dir.scss 4:9                                                                       @import
    /Users/michellestar/Documents/GitHub/hello-michelle-star.github.io/assets/css/main.scss 26:9  root stylesheet
WARNING: 7 repetitive deprecation warnings omitted.
Run in verbose mode to see all warnings.
                    ...done in 0.03921 seconds.
                    
[2026-04-27 23:05:22] ERROR Errno::ECONNRESET: Connection reset by peer @ io_fillbuf - fd:20 
	/Users/michellestar/Documents/GitHub/hello-michelle-star.github.io/vendor/bundle/ruby/3.4.0/gems/webrick-1.9.1/lib/webrick/httpserver.rb:82:in 'IO#eof?'
	/Users/michellestar/Documents/GitHub/hello-michelle-star.github.io/vendor/bundle/ruby/3.4.0/gems/webrick-1.9.1/lib/webrick/httpserver.rb:82:in 'WEBrick::HTTPServer#run'
	/Users/michellestar/Documents/GitHub/hello-michelle-star.github.io/vendor/bundle/ruby/3.4.0/gems/webrick-1.9.1/lib/webrick/server.rb:310:in 'block in WEBrick::GenericServer#start_thread'
[2026-04-27 23:05:22] ERROR Errno::ECONNRESET: Connection reset by peer @ io_fillbuf - fd:8 
	/Users/michellestar/Documents/GitHub/hello-michelle-star.github.io/vendor/bundle/ruby/3.4.0/gems/webrick-1.9.1/lib/webrick/httpserver.rb:82:in 'IO#eof?'
	/Users/michellestar/Documents/GitHub/hello-michelle-star.github.io/vendor/bundle/ruby/3.4.0/gems/webrick-1.9.1/lib/webrick/httpserver.rb:82:in 'WEBrick::HTTPServer#run'
	/Users/michellestar/Documents/GitHub/hello-michelle-star.github.io/vendor/bundle/ruby/3.4.0/gems/webrick-1.9.1/lib/webrick/server.rb:310:in 'block in WEBrick::GenericServer#start_thread'
      Regenerating: 1 file(s) changed at 2026-04-27 23:05:23
                    _data/settings.yml
       Jekyll Feed: Generating feed for posts
DEPRECATION WARNING [import]: Sass @import rules are deprecated and will be removed in Dart Sass 3.0.0.

More info and automated migrator: https://sass-lang.com/d/import

   ╷
26 │ @import "-sections-dir";
   │         ^^^^^^^^^^^^^^^
   ╵
    /Users/michellestar/Documents/GitHub/hello-michelle-star.github.io/assets/css/main.scss 26:9  root stylesheet
DEPRECATION WARNING [import]: Sass @import rules are deprecated and will be removed in Dart Sass 3.0.0.

More info and automated migrator: https://sass-lang.com/d/import

   ╷
27 │ @import 'about';
   │         ^^^^^^^
   ╵
    /Users/michellestar/Documents/GitHub/hello-michelle-star.github.io/assets/css/main.scss 27:9  root stylesheet
DEPRECATION WARNING [import]: Sass @import rules are deprecated and will be removed in Dart Sass 3.0.0.

More info and automated migrator: https://sass-lang.com/d/import

  ╷
2 │ @import "base",
  │         ^^^^^^
  ╵
    _-sections-dir.scss 2:9                                                                       @import
    /Users/michellestar/Documents/GitHub/hello-michelle-star.github.io/assets/css/main.scss 26:9  root stylesheet
DEPRECATION WARNING [import]: Sass @import rules are deprecated and will be removed in Dart Sass 3.0.0.

More info and automated migrator: https://sass-lang.com/d/import

  ╷
3 │         "code",
  │         ^^^^^^
  ╵
    _-sections-dir.scss 3:9                                                                       @import
    /Users/michellestar/Documents/GitHub/hello-michelle-star.github.io/assets/css/main.scss 26:9  root stylesheet
DEPRECATION WARNING [import]: Sass @import rules are deprecated and will be removed in Dart Sass 3.0.0.

More info and automated migrator: https://sass-lang.com/d/import

  ╷
4 │         "default",
  │         ^^^^^^^^^
  ╵
    _-sections-dir.scss 4:9                                                                       @import
    /Users/michellestar/Documents/GitHub/hello-michelle-star.github.io/assets/css/main.scss 26:9  root stylesheet
WARNING: 7 repetitive deprecation warnings omitted.
Run in verbose mode to see all warnings.
                    ...done in 0.042295 seconds.
                    
      Regenerating: 1 file(s) changed at 2026-04-27 23:05:29
                    jekyll.log
       Jekyll Feed: Generating feed for posts
DEPRECATION WARNING [import]: Sass @import rules are deprecated and will be removed in Dart Sass 3.0.0.

More info and automated migrator: https://sass-lang.com/d/import

   ╷
26 │ @import "-sections-dir";
   │         ^^^^^^^^^^^^^^^
   ╵
    /Users/michellestar/Documents/GitHub/hello-michelle-star.github.io/assets/css/main.scss 26:9  root stylesheet
DEPRECATION WARNING [import]: Sass @import rules are deprecated and will be removed in Dart Sass 3.0.0.

More info and automated migrator: https://sass-lang.com/d/import

   ╷
27 │ @import 'about';
   │         ^^^^^^^
   ╵
    /Users/michellestar/Documents/GitHub/hello-michelle-star.github.io/assets/css/main.scss 27:9  root stylesheet
DEPRECATION WARNING [import]: Sass @import rules are deprecated and will be removed in Dart Sass 3.0.0.

More info and automated migrator: https://sass-lang.com/d/import

  ╷
2 │ @import "base",
  │         ^^^^^^
  ╵
    _-sections-dir.scss 2:9                                                                       @import
    /Users/michellestar/Documents/GitHub/hello-michelle-star.github.io/assets/css/main.scss 26:9  root stylesheet
DEPRECATION WARNING [import]: Sass @import rules are deprecated and will be removed in Dart Sass 3.0.0.

More info and automated migrator: https://sass-lang.com/d/import

  ╷
3 │         "code",
  │         ^^^^^^
  ╵
    _-sections-dir.scss 3:9                                                                       @import
    /Users/michellestar/Documents/GitHub/hello-michelle-star.github.io/assets/css/main.scss 26:9  root stylesheet
DEPRECATION WARNING [import]: Sass @import rules are deprecated and will be removed in Dart Sass 3.0.0.

More info and automated migrator: https://sass-lang.com/d/import

  ╷
4 │         "default",
  │         ^^^^^^^^^
  ╵
    _-sections-dir.scss 4:9                                                                       @import
    /Users/michellestar/Documents/GitHub/hello-michelle-star.github.io/assets/css/main.scss 26:9  root stylesheet
WARNING: 7 repetitive deprecation warnings omitted.
Run in verbose mode to see all warnings.
                    ...done in 0.031721 seconds.
                    
[2026-04-27 23:05:29] ERROR Errno::ECONNRESET: Connection reset by peer @ io_fillbuf - fd:21 
	/Users/michellestar/Documents/GitHub/hello-michelle-star.github.io/vendor/bundle/ruby/3.4.0/gems/webrick-1.9.1/lib/webrick/httpserver.rb:82:in 'IO#eof?'
	/Users/michellestar/Documents/GitHub/hello-michelle-star.github.io/vendor/bundle/ruby/3.4.0/gems/webrick-1.9.1/lib/webrick/httpserver.rb:82:in 'WEBrick::HTTPServer#run'
	/Users/michellestar/Documents/GitHub/hello-michelle-star.github.io/vendor/bundle/ruby/3.4.0/gems/webrick-1.9.1/lib/webrick/server.rb:310:in 'block in WEBrick::GenericServer#start_thread'
[2026-04-27 23:05:29] ERROR Errno::ECONNRESET: Connection reset by peer @ io_fillbuf - fd:17 
	/Users/michellestar/Documents/GitHub/hello-michelle-star.github.io/vendor/bundle/ruby/3.4.0/gems/webrick-1.9.1/lib/webrick/httpserver.rb:82:in 'IO#eof?'
	/Users/michellestar/Documents/GitHub/hello-michelle-star.github.io/vendor/bundle/ruby/3.4.0/gems/webrick-1.9.1/lib/webrick/httpserver.rb:82:in 'WEBrick::HTTPServer#run'
	/Users/michellestar/Documents/GitHub/hello-michelle-star.github.io/vendor/bundle/ruby/3.4.0/gems/webrick-1.9.1/lib/webrick/server.rb:310:in 'block in WEBrick::GenericServer#start_thread'
      Regenerating: 1 file(s) changed at 2026-04-27 23:05:35
                    jekyll.log
       Jekyll Feed: Generating feed for posts
DEPRECATION WARNING [import]: Sass @import rules are deprecated and will be removed in Dart Sass 3.0.0.

More info and automated migrator: https://sass-lang.com/d/import

   ╷
26 │ @import "-sections-dir";
   │         ^^^^^^^^^^^^^^^
   ╵
    /Users/michellestar/Documents/GitHub/hello-michelle-star.github.io/assets/css/main.scss 26:9  root stylesheet
DEPRECATION WARNING [import]: Sass @import rules are deprecated and will be removed in Dart Sass 3.0.0.

More info and automated migrator: https://sass-lang.com/d/import

   ╷
27 │ @import 'about';
   │         ^^^^^^^
   ╵
    /Users/michellestar/Documents/GitHub/hello-michelle-star.github.io/assets/css/main.scss 27:9  root stylesheet
DEPRECATION WARNING [import]: Sass @import rules are deprecated and will be removed in Dart Sass 3.0.0.

More info and automated migrator: https://sass-lang.com/d/import

  ╷
2 │ @import "base",
  │         ^^^^^^
  ╵
    _-sections-dir.scss 2:9                                                                       @import
    /Users/michellestar/Documents/GitHub/hello-michelle-star.github.io/assets/css/main.scss 26:9  root stylesheet
DEPRECATION WARNING [import]: Sass @import rules are deprecated and will be removed in Dart Sass 3.0.0.

More info and automated migrator: https://sass-lang.com/d/import

  ╷
3 │         "code",
  │         ^^^^^^
  ╵
    _-sections-dir.scss 3:9                                                                       @import
    /Users/michellestar/Documents/GitHub/hello-michelle-star.github.io/assets/css/main.scss 26:9  root stylesheet
DEPRECATION WARNING [import]: Sass @import rules are deprecated and will be removed in Dart Sass 3.0.0.

More info and automated migrator: https://sass-lang.com/d/import

  ╷
4 │         "default",
  │         ^^^^^^^^^
  ╵
    _-sections-dir.scss 4:9                                                                       @import
    /Users/michellestar/Documents/GitHub/hello-michelle-star.github.io/assets/css/main.scss 26:9  root stylesheet
WARNING: 7 repetitive deprecation warnings omitted.
Run in verbose mode to see all warnings.
                    ...done in 0.050886 seconds.
                    
      Regenerating: 1 file(s) changed at 2026-04-27 23:05:42
                    jekyll.log
       Jekyll Feed: Generating feed for posts
DEPRECATION WARNING [import]: Sass @import rules are deprecated and will be removed in Dart Sass 3.0.0.

More info and automated migrator: https://sass-lang.com/d/import

   ╷
26 │ @import "-sections-dir";
   │         ^^^^^^^^^^^^^^^
   ╵
    /Users/michellestar/Documents/GitHub/hello-michelle-star.github.io/assets/css/main.scss 26:9  root stylesheet
DEPRECATION WARNING [import]: Sass @import rules are deprecated and will be removed in Dart Sass 3.0.0.

More info and automated migrator: https://sass-lang.com/d/import

   ╷
27 │ @import 'about';
   │         ^^^^^^^
   ╵
    /Users/michellestar/Documents/GitHub/hello-michelle-star.github.io/assets/css/main.scss 27:9  root stylesheet
DEPRECATION WARNING [import]: Sass @import rules are deprecated and will be removed in Dart Sass 3.0.0.

More info and automated migrator: https://sass-lang.com/d/import

  ╷
2 │ @import "base",
  │         ^^^^^^
  ╵
    _-sections-dir.scss 2:9                                                                       @import
    /Users/michellestar/Documents/GitHub/hello-michelle-star.github.io/assets/css/main.scss 26:9  root stylesheet
DEPRECATION WARNING [import]: Sass @import rules are deprecated and will be removed in Dart Sass 3.0.0.

More info and automated migrator: https://sass-lang.com/d/import

  ╷
3 │         "code",
  │         ^^^^^^
  ╵
    _-sections-dir.scss 3:9                                                                       @import
    /Users/michellestar/Documents/GitHub/hello-michelle-star.github.io/assets/css/main.scss 26:9  root stylesheet
DEPRECATION WARNING [import]: Sass @import rules are deprecated and will be removed in Dart Sass 3.0.0.

More info and automated migrator: https://sass-lang.com/d/import

  ╷
4 │         "default",
  │         ^^^^^^^^^
  ╵
    _-sections-dir.scss 4:9                                                                       @import
    /Users/michellestar/Documents/GitHub/hello-michelle-star.github.io/assets/css/main.scss 26:9  root stylesheet
WARNING: 7 repetitive deprecation warnings omitted.
Run in verbose mode to see all warnings.
                    ...done in 0.063497 seconds.
                    
      Regenerating: 1 file(s) changed at 2026-04-27 23:05:47
                    jekyll.log
       Jekyll Feed: Generating feed for posts
DEPRECATION WARNING [import]: Sass @import rules are deprecated and will be removed in Dart Sass 3.0.0.

More info and automated migrator: https://sass-lang.com/d/import

   ╷
26 │ @import "-sections-dir";
   │         ^^^^^^^^^^^^^^^
   ╵
    /Users/michellestar/Documents/GitHub/hello-michelle-star.github.io/assets/css/main.scss 26:9  root stylesheet
DEPRECATION WARNING [import]: Sass @import rules are deprecated and will be removed in Dart Sass 3.0.0.

More info and automated migrator: https://sass-lang.com/d/import

   ╷
27 │ @import 'about';
   │         ^^^^^^^
   ╵
    /Users/michellestar/Documents/GitHub/hello-michelle-star.github.io/assets/css/main.scss 27:9  root stylesheet
DEPRECATION WARNING [import]: Sass @import rules are deprecated and will be removed in Dart Sass 3.0.0.

More info and automated migrator: https://sass-lang.com/d/import

  ╷
2 │ @import "base",
  │         ^^^^^^
  ╵
    _-sections-dir.scss 2:9                                                                       @import
    /Users/michellestar/Documents/GitHub/hello-michelle-star.github.io/assets/css/main.scss 26:9  root stylesheet
DEPRECATION WARNING [import]: Sass @import rules are deprecated and will be removed in Dart Sass 3.0.0.

More info and automated migrator: https://sass-lang.com/d/import

  ╷
3 │         "code",
  │         ^^^^^^
  ╵
    _-sections-dir.scss 3:9                                                                       @import
    /Users/michellestar/Documents/GitHub/hello-michelle-star.github.io/assets/css/main.scss 26:9  root stylesheet
DEPRECATION WARNING [import]: Sass @import rules are deprecated and will be removed in Dart Sass 3.0.0.

More info and automated migrator: https://sass-lang.com/d/import

  ╷
4 │         "default",
  │         ^^^^^^^^^
  ╵
    _-sections-dir.scss 4:9                                                                       @import
    /Users/michellestar/Documents/GitHub/hello-michelle-star.github.io/assets/css/main.scss 26:9  root stylesheet
WARNING: 7 repetitive deprecation warnings omitted.
Run in verbose mode to see all warnings.
                    ...done in 0.043125 seconds.
                    
      Regenerating: 1 file(s) changed at 2026-04-27 23:05:52
                    jekyll.log
       Jekyll Feed: Generating feed for posts
DEPRECATION WARNING [import]: Sass @import rules are deprecated and will be removed in Dart Sass 3.0.0.

More info and automated migrator: https://sass-lang.com/d/import

   ╷
26 │ @import "-sections-dir";
   │         ^^^^^^^^^^^^^^^
   ╵
    /Users/michellestar/Documents/GitHub/hello-michelle-star.github.io/assets/css/main.scss 26:9  root stylesheet
DEPRECATION WARNING [import]: Sass @import rules are deprecated and will be removed in Dart Sass 3.0.0.

More info and automated migrator: https://sass-lang.com/d/import

   ╷
27 │ @import 'about';
   │         ^^^^^^^
   ╵
    /Users/michellestar/Documents/GitHub/hello-michelle-star.github.io/assets/css/main.scss 27:9  root stylesheet
DEPRECATION WARNING [import]: Sass @import rules are deprecated and will be removed in Dart Sass 3.0.0.

More info and automated migrator: https://sass-lang.com/d/import

  ╷
2 │ @import "base",
  │         ^^^^^^
  ╵
    _-sections-dir.scss 2:9                                                                       @import
    /Users/michellestar/Documents/GitHub/hello-michelle-star.github.io/assets/css/main.scss 26:9  root stylesheet
DEPRECATION WARNING [import]: Sass @import rules are deprecated and will be removed in Dart Sass 3.0.0.

More info and automated migrator: https://sass-lang.com/d/import

  ╷
3 │         "code",
  │         ^^^^^^
  ╵
    _-sections-dir.scss 3:9                                                                       @import
    /Users/michellestar/Documents/GitHub/hello-michelle-star.github.io/assets/css/main.scss 26:9  root stylesheet
DEPRECATION WARNING [import]: Sass @import rules are deprecated and will be removed in Dart Sass 3.0.0.

More info and automated migrator: https://sass-lang.com/d/import

  ╷
4 │         "default",
  │         ^^^^^^^^^
  ╵
    _-sections-dir.scss 4:9                                                                       @import
    /Users/michellestar/Documents/GitHub/hello-michelle-star.github.io/assets/css/main.scss 26:9  root stylesheet
WARNING: 7 repetitive deprecation warnings omitted.
Run in verbose mode to see all warnings.
                    ...done in 0.061309 seconds.
                    
[2026-04-27 23:05:52] ERROR Errno::ECONNRESET: Connection reset by peer @ io_fillbuf - fd:26 
	/Users/michellestar/Documents/GitHub/hello-michelle-star.github.io/vendor/bundle/ruby/3.4.0/gems/webrick-1.9.1/lib/webrick/httpserver.rb:82:in 'IO#eof?'
	/Users/michellestar/Documents/GitHub/hello-michelle-star.github.io/vendor/bundle/ruby/3.4.0/gems/webrick-1.9.1/lib/webrick/httpserver.rb:82:in 'WEBrick::HTTPServer#run'
	/Users/michellestar/Documents/GitHub/hello-michelle-star.github.io/vendor/bundle/ruby/3.4.0/gems/webrick-1.9.1/lib/webrick/server.rb:310:in 'block in WEBrick::GenericServer#start_thread'
      Regenerating: 1 file(s) changed at 2026-04-27 23:05:57
                    jekyll.log
       Jekyll Feed: Generating feed for posts
DEPRECATION WARNING [import]: Sass @import rules are deprecated and will be removed in Dart Sass 3.0.0.

More info and automated migrator: https://sass-lang.com/d/import

   ╷
26 │ @import "-sections-dir";
   │         ^^^^^^^^^^^^^^^
   ╵
    /Users/michellestar/Documents/GitHub/hello-michelle-star.github.io/assets/css/main.scss 26:9  root stylesheet
DEPRECATION WARNING [import]: Sass @import rules are deprecated and will be removed in Dart Sass 3.0.0.

More info and automated migrator: https://sass-lang.com/d/import

   ╷
27 │ @import 'about';
   │         ^^^^^^^
   ╵
    /Users/michellestar/Documents/GitHub/hello-michelle-star.github.io/assets/css/main.scss 27:9  root stylesheet
DEPRECATION WARNING [import]: Sass @import rules are deprecated and will be removed in Dart Sass 3.0.0.

More info and automated migrator: https://sass-lang.com/d/import

  ╷
2 │ @import "base",
  │         ^^^^^^
  ╵
    _-sections-dir.scss 2:9                                                                       @import
    /Users/michellestar/Documents/GitHub/hello-michelle-star.github.io/assets/css/main.scss 26:9  root stylesheet
DEPRECATION WARNING [import]: Sass @import rules are deprecated and will be removed in Dart Sass 3.0.0.

More info and automated migrator: https://sass-lang.com/d/import

  ╷
3 │         "code",
  │         ^^^^^^
  ╵
    _-sections-dir.scss 3:9                                                                       @import
    /Users/michellestar/Documents/GitHub/hello-michelle-star.github.io/assets/css/main.scss 26:9  root stylesheet
DEPRECATION WARNING [import]: Sass @import rules are deprecated and will be removed in Dart Sass 3.0.0.

More info and automated migrator: https://sass-lang.com/d/import

  ╷
4 │         "default",
  │         ^^^^^^^^^
  ╵
    _-sections-dir.scss 4:9                                                                       @import
    /Users/michellestar/Documents/GitHub/hello-michelle-star.github.io/assets/css/main.scss 26:9  root stylesheet
WARNING: 7 repetitive deprecation warnings omitted.
Run in verbose mode to see all warnings.
                    ...done in 0.066741 seconds.
                    
      Regenerating: 1 file(s) changed at 2026-04-27 23:06:02
                    jekyll.log
       Jekyll Feed: Generating feed for posts
DEPRECATION WARNING [import]: Sass @import rules are deprecated and will be removed in Dart Sass 3.0.0.

More info and automated migrator: https://sass-lang.com/d/import

   ╷
26 │ @import "-sections-dir";
   │         ^^^^^^^^^^^^^^^
   ╵
    /Users/michellestar/Documents/GitHub/hello-michelle-star.github.io/assets/css/main.scss 26:9  root stylesheet
DEPRECATION WARNING [import]: Sass @import rules are deprecated and will be removed in Dart Sass 3.0.0.

More info and automated migrator: https://sass-lang.com/d/import

   ╷
27 │ @import 'about';
   │         ^^^^^^^
   ╵
    /Users/michellestar/Documents/GitHub/hello-michelle-star.github.io/assets/css/main.scss 27:9  root stylesheet
DEPRECATION WARNING [import]: Sass @import rules are deprecated and will be removed in Dart Sass 3.0.0.

More info and automated migrator: https://sass-lang.com/d/import

  ╷
2 │ @import "base",
  │         ^^^^^^
  ╵
    _-sections-dir.scss 2:9                                                                       @import
    /Users/michellestar/Documents/GitHub/hello-michelle-star.github.io/assets/css/main.scss 26:9  root stylesheet
DEPRECATION WARNING [import]: Sass @import rules are deprecated and will be removed in Dart Sass 3.0.0.

More info and automated migrator: https://sass-lang.com/d/import

  ╷
3 │         "code",
  │         ^^^^^^
  ╵
    _-sections-dir.scss 3:9                                                                       @import
    /Users/michellestar/Documents/GitHub/hello-michelle-star.github.io/assets/css/main.scss 26:9  root stylesheet
DEPRECATION WARNING [import]: Sass @import rules are deprecated and will be removed in Dart Sass 3.0.0.

More info and automated migrator: https://sass-lang.com/d/import

  ╷
4 │         "default",
  │         ^^^^^^^^^
  ╵
    _-sections-dir.scss 4:9                                                                       @import
    /Users/michellestar/Documents/GitHub/hello-michelle-star.github.io/assets/css/main.scss 26:9  root stylesheet
WARNING: 7 repetitive deprecation warnings omitted.
Run in verbose mode to see all warnings.
                    ...done in 0.049815 seconds.
                    
[2026-04-27 23:06:03] ERROR Errno::ECONNRESET: Connection reset by peer @ io_fillbuf - fd:19 
	/Users/michellestar/Documents/GitHub/hello-michelle-star.github.io/vendor/bundle/ruby/3.4.0/gems/webrick-1.9.1/lib/webrick/httpserver.rb:82:in 'IO#eof?'
	/Users/michellestar/Documents/GitHub/hello-michelle-star.github.io/vendor/bundle/ruby/3.4.0/gems/webrick-1.9.1/lib/webrick/httpserver.rb:82:in 'WEBrick::HTTPServer#run'
	/Users/michellestar/Documents/GitHub/hello-michelle-star.github.io/vendor/bundle/ruby/3.4.0/gems/webrick-1.9.1/lib/webrick/server.rb:310:in 'block in WEBrick::GenericServer#start_thread'
      Regenerating: 1 file(s) changed at 2026-04-27 23:06:07
                    jekyll.log
       Jekyll Feed: Generating feed for posts
DEPRECATION WARNING [import]: Sass @import rules are deprecated and will be removed in Dart Sass 3.0.0.

More info and automated migrator: https://sass-lang.com/d/import

   ╷
26 │ @import "-sections-dir";
   │         ^^^^^^^^^^^^^^^
   ╵
    /Users/michellestar/Documents/GitHub/hello-michelle-star.github.io/assets/css/main.scss 26:9  root stylesheet
DEPRECATION WARNING [import]: Sass @import rules are deprecated and will be removed in Dart Sass 3.0.0.

More info and automated migrator: https://sass-lang.com/d/import

   ╷
27 │ @import 'about';
   │         ^^^^^^^
   ╵
    /Users/michellestar/Documents/GitHub/hello-michelle-star.github.io/assets/css/main.scss 27:9  root stylesheet
DEPRECATION WARNING [import]: Sass @import rules are deprecated and will be removed in Dart Sass 3.0.0.

More info and automated migrator: https://sass-lang.com/d/import

  ╷
2 │ @import "base",
  │         ^^^^^^
  ╵
    _-sections-dir.scss 2:9                                                                       @import
    /Users/michellestar/Documents/GitHub/hello-michelle-star.github.io/assets/css/main.scss 26:9  root stylesheet
DEPRECATION WARNING [import]: Sass @import rules are deprecated and will be removed in Dart Sass 3.0.0.

More info and automated migrator: https://sass-lang.com/d/import

  ╷
3 │         "code",
  │         ^^^^^^
  ╵
    _-sections-dir.scss 3:9                                                                       @import
    /Users/michellestar/Documents/GitHub/hello-michelle-star.github.io/assets/css/main.scss 26:9  root stylesheet
DEPRECATION WARNING [import]: Sass @import rules are deprecated and will be removed in Dart Sass 3.0.0.

More info and automated migrator: https://sass-lang.com/d/import

  ╷
4 │         "default",
  │         ^^^^^^^^^
  ╵
    _-sections-dir.scss 4:9                                                                       @import
    /Users/michellestar/Documents/GitHub/hello-michelle-star.github.io/assets/css/main.scss 26:9  root stylesheet
WARNING: 7 repetitive deprecation warnings omitted.
Run in verbose mode to see all warnings.
                    ...done in 0.045035 seconds.
                    
      Regenerating: 1 file(s) changed at 2026-04-27 23:06:10
                    jekyll.log
       Jekyll Feed: Generating feed for posts
DEPRECATION WARNING [import]: Sass @import rules are deprecated and will be removed in Dart Sass 3.0.0.

More info and automated migrator: https://sass-lang.com/d/import

   ╷
26 │ @import "-sections-dir";
   │         ^^^^^^^^^^^^^^^
   ╵
    /Users/michellestar/Documents/GitHub/hello-michelle-star.github.io/assets/css/main.scss 26:9  root stylesheet
DEPRECATION WARNING [import]: Sass @import rules are deprecated and will be removed in Dart Sass 3.0.0.

More info and automated migrator: https://sass-lang.com/d/import

   ╷
27 │ @import 'about';
   │         ^^^^^^^
   ╵
    /Users/michellestar/Documents/GitHub/hello-michelle-star.github.io/assets/css/main.scss 27:9  root stylesheet
DEPRECATION WARNING [import]: Sass @import rules are deprecated and will be removed in Dart Sass 3.0.0.

More info and automated migrator: https://sass-lang.com/d/import

  ╷
2 │ @import "base",
  │         ^^^^^^
  ╵
    _-sections-dir.scss 2:9                                                                       @import
    /Users/michellestar/Documents/GitHub/hello-michelle-star.github.io/assets/css/main.scss 26:9  root stylesheet
DEPRECATION WARNING [import]: Sass @import rules are deprecated and will be removed in Dart Sass 3.0.0.

More info and automated migrator: https://sass-lang.com/d/import

  ╷
3 │         "code",
  │         ^^^^^^
  ╵
    _-sections-dir.scss 3:9                                                                       @import
    /Users/michellestar/Documents/GitHub/hello-michelle-star.github.io/assets/css/main.scss 26:9  root stylesheet
DEPRECATION WARNING [import]: Sass @import rules are deprecated and will be removed in Dart Sass 3.0.0.

More info and automated migrator: https://sass-lang.com/d/import

  ╷
4 │         "default",
  │         ^^^^^^^^^
  ╵
    _-sections-dir.scss 4:9                                                                       @import
    /Users/michellestar/Documents/GitHub/hello-michelle-star.github.io/assets/css/main.scss 26:9  root stylesheet
WARNING: 7 repetitive deprecation warnings omitted.
Run in verbose mode to see all warnings.
                    ...done in 0.050115 seconds.
                    
      Regenerating: 1 file(s) changed at 2026-04-27 23:06:15
                    jekyll.log
       Jekyll Feed: Generating feed for posts
DEPRECATION WARNING [import]: Sass @import rules are deprecated and will be removed in Dart Sass 3.0.0.

More info and automated migrator: https://sass-lang.com/d/import

   ╷
26 │ @import "-sections-dir";
   │         ^^^^^^^^^^^^^^^
   ╵
    /Users/michellestar/Documents/GitHub/hello-michelle-star.github.io/assets/css/main.scss 26:9  root stylesheet
DEPRECATION WARNING [import]: Sass @import rules are deprecated and will be removed in Dart Sass 3.0.0.

More info and automated migrator: https://sass-lang.com/d/import

   ╷
27 │ @import 'about';
   │         ^^^^^^^
   ╵
    /Users/michellestar/Documents/GitHub/hello-michelle-star.github.io/assets/css/main.scss 27:9  root stylesheet
DEPRECATION WARNING [import]: Sass @import rules are deprecated and will be removed in Dart Sass 3.0.0.

More info and automated migrator: https://sass-lang.com/d/import

  ╷
2 │ @import "base",
  │         ^^^^^^
  ╵
    _-sections-dir.scss 2:9                                                                       @import
    /Users/michellestar/Documents/GitHub/hello-michelle-star.github.io/assets/css/main.scss 26:9  root stylesheet
DEPRECATION WARNING [import]: Sass @import rules are deprecated and will be removed in Dart Sass 3.0.0.

More info and automated migrator: https://sass-lang.com/d/import

  ╷
3 │         "code",
  │         ^^^^^^
  ╵
    _-sections-dir.scss 3:9                                                                       @import
    /Users/michellestar/Documents/GitHub/hello-michelle-star.github.io/assets/css/main.scss 26:9  root stylesheet
DEPRECATION WARNING [import]: Sass @import rules are deprecated and will be removed in Dart Sass 3.0.0.

More info and automated migrator: https://sass-lang.com/d/import

  ╷
4 │         "default",
  │         ^^^^^^^^^
  ╵
    _-sections-dir.scss 4:9                                                                       @import
    /Users/michellestar/Documents/GitHub/hello-michelle-star.github.io/assets/css/main.scss 26:9  root stylesheet
WARNING: 7 repetitive deprecation warnings omitted.
Run in verbose mode to see all warnings.
                    ...done in 0.049079 seconds.
                    
[2026-04-27 23:06:16] ERROR Errno::ECONNRESET: Connection reset by peer @ io_fillbuf - fd:20 
	/Users/michellestar/Documents/GitHub/hello-michelle-star.github.io/vendor/bundle/ruby/3.4.0/gems/webrick-1.9.1/lib/webrick/httpserver.rb:82:in 'IO#eof?'
	/Users/michellestar/Documents/GitHub/hello-michelle-star.github.io/vendor/bundle/ruby/3.4.0/gems/webrick-1.9.1/lib/webrick/httpserver.rb:82:in 'WEBrick::HTTPServer#run'
	/Users/michellestar/Documents/GitHub/hello-michelle-star.github.io/vendor/bundle/ruby/3.4.0/gems/webrick-1.9.1/lib/webrick/server.rb:310:in 'block in WEBrick::GenericServer#start_thread'
      Regenerating: 1 file(s) changed at 2026-04-27 23:06:20
                    jekyll.log
       Jekyll Feed: Generating feed for posts
DEPRECATION WARNING [import]: Sass @import rules are deprecated and will be removed in Dart Sass 3.0.0.

More info and automated migrator: https://sass-lang.com/d/import

   ╷
26 │ @import "-sections-dir";
   │         ^^^^^^^^^^^^^^^
   ╵
    /Users/michellestar/Documents/GitHub/hello-michelle-star.github.io/assets/css/main.scss 26:9  root stylesheet
DEPRECATION WARNING [import]: Sass @import rules are deprecated and will be removed in Dart Sass 3.0.0.

More info and automated migrator: https://sass-lang.com/d/import

   ╷
27 │ @import 'about';
   │         ^^^^^^^
   ╵
    /Users/michellestar/Documents/GitHub/hello-michelle-star.github.io/assets/css/main.scss 27:9  root stylesheet
DEPRECATION WARNING [import]: Sass @import rules are deprecated and will be removed in Dart Sass 3.0.0.

More info and automated migrator: https://sass-lang.com/d/import

  ╷
2 │ @import "base",
  │         ^^^^^^
  ╵
    _-sections-dir.scss 2:9                                                                       @import
    /Users/michellestar/Documents/GitHub/hello-michelle-star.github.io/assets/css/main.scss 26:9  root stylesheet
DEPRECATION WARNING [import]: Sass @import rules are deprecated and will be removed in Dart Sass 3.0.0.

More info and automated migrator: https://sass-lang.com/d/import

  ╷
3 │         "code",
  │         ^^^^^^
  ╵
    _-sections-dir.scss 3:9                                                                       @import
    /Users/michellestar/Documents/GitHub/hello-michelle-star.github.io/assets/css/main.scss 26:9  root stylesheet
DEPRECATION WARNING [import]: Sass @import rules are deprecated and will be removed in Dart Sass 3.0.0.

More info and automated migrator: https://sass-lang.com/d/import

  ╷
4 │         "default",
  │         ^^^^^^^^^
  ╵
    _-sections-dir.scss 4:9                                                                       @import
    /Users/michellestar/Documents/GitHub/hello-michelle-star.github.io/assets/css/main.scss 26:9  root stylesheet
WARNING: 7 repetitive deprecation warnings omitted.
Run in verbose mode to see all warnings.
                    ...done in 0.048362 seconds.
                    
      Regenerating: 1 file(s) changed at 2026-04-27 23:06:24
                    jekyll.log
       Jekyll Feed: Generating feed for posts
DEPRECATION WARNING [import]: Sass @import rules are deprecated and will be removed in Dart Sass 3.0.0.

More info and automated migrator: https://sass-lang.com/d/import

   ╷
26 │ @import "-sections-dir";
   │         ^^^^^^^^^^^^^^^
   ╵
    /Users/michellestar/Documents/GitHub/hello-michelle-star.github.io/assets/css/main.scss 26:9  root stylesheet
DEPRECATION WARNING [import]: Sass @import rules are deprecated and will be removed in Dart Sass 3.0.0.

More info and automated migrator: https://sass-lang.com/d/import

   ╷
27 │ @import 'about';
   │         ^^^^^^^
   ╵
    /Users/michellestar/Documents/GitHub/hello-michelle-star.github.io/assets/css/main.scss 27:9  root stylesheet
DEPRECATION WARNING [import]: Sass @import rules are deprecated and will be removed in Dart Sass 3.0.0.

More info and automated migrator: https://sass-lang.com/d/import

  ╷
2 │ @import "base",
  │         ^^^^^^
  ╵
    _-sections-dir.scss 2:9                                                                       @import
    /Users/michellestar/Documents/GitHub/hello-michelle-star.github.io/assets/css/main.scss 26:9  root stylesheet
DEPRECATION WARNING [import]: Sass @import rules are deprecated and will be removed in Dart Sass 3.0.0.

More info and automated migrator: https://sass-lang.com/d/import

  ╷
3 │         "code",
  │         ^^^^^^
  ╵
    _-sections-dir.scss 3:9                                                                       @import
    /Users/michellestar/Documents/GitHub/hello-michelle-star.github.io/assets/css/main.scss 26:9  root stylesheet
DEPRECATION WARNING [import]: Sass @import rules are deprecated and will be removed in Dart Sass 3.0.0.

More info and automated migrator: https://sass-lang.com/d/import

  ╷
4 │         "default",
  │         ^^^^^^^^^
  ╵
    _-sections-dir.scss 4:9                                                                       @import
    /Users/michellestar/Documents/GitHub/hello-michelle-star.github.io/assets/css/main.scss 26:9  root stylesheet
WARNING: 7 repetitive deprecation warnings omitted.
Run in verbose mode to see all warnings.
                    ...done in 0.053888 seconds.
                    
      Regenerating: 1 file(s) changed at 2026-04-27 23:06:25
                    assets/css/main.scss
       Jekyll Feed: Generating feed for posts
DEPRECATION WARNING [import]: Sass @import rules are deprecated and will be removed in Dart Sass 3.0.0.

More info and automated migrator: https://sass-lang.com/d/import

   ╷
27 │ @import "-sections-dir";
   │         ^^^^^^^^^^^^^^^
   ╵
    /Users/michellestar/Documents/GitHub/hello-michelle-star.github.io/assets/css/main.scss 27:9  root stylesheet
DEPRECATION WARNING [import]: Sass @import rules are deprecated and will be removed in Dart Sass 3.0.0.

More info and automated migrator: https://sass-lang.com/d/import

   ╷
28 │ @import 'about';
   │         ^^^^^^^
   ╵
    /Users/michellestar/Documents/GitHub/hello-michelle-star.github.io/assets/css/main.scss 28:9  root stylesheet
DEPRECATION WARNING [import]: Sass @import rules are deprecated and will be removed in Dart Sass 3.0.0.

More info and automated migrator: https://sass-lang.com/d/import

  ╷
2 │ @import "base",
  │         ^^^^^^
  ╵
    _-sections-dir.scss 2:9                                                                       @import
    /Users/michellestar/Documents/GitHub/hello-michelle-star.github.io/assets/css/main.scss 27:9  root stylesheet
DEPRECATION WARNING [import]: Sass @import rules are deprecated and will be removed in Dart Sass 3.0.0.

More info and automated migrator: https://sass-lang.com/d/import

  ╷
3 │         "code",
  │         ^^^^^^
  ╵
    _-sections-dir.scss 3:9                                                                       @import
    /Users/michellestar/Documents/GitHub/hello-michelle-star.github.io/assets/css/main.scss 27:9  root stylesheet
DEPRECATION WARNING [import]: Sass @import rules are deprecated and will be removed in Dart Sass 3.0.0.

More info and automated migrator: https://sass-lang.com/d/import

  ╷
4 │         "default",
  │         ^^^^^^^^^
  ╵
    _-sections-dir.scss 4:9                                                                       @import
    /Users/michellestar/Documents/GitHub/hello-michelle-star.github.io/assets/css/main.scss 27:9  root stylesheet
WARNING: 7 repetitive deprecation warnings omitted.
Run in verbose mode to see all warnings.
                    ...done in 0.035683 seconds.
                    
[2026-04-27 23:06:25] ERROR Errno::ECONNRESET: Connection reset by peer @ io_fillbuf - fd:24 
	/Users/michellestar/Documents/GitHub/hello-michelle-star.github.io/vendor/bundle/ruby/3.4.0/gems/webrick-1.9.1/lib/webrick/httpserver.rb:82:in 'IO#eof?'
	/Users/michellestar/Documents/GitHub/hello-michelle-star.github.io/vendor/bundle/ruby/3.4.0/gems/webrick-1.9.1/lib/webrick/httpserver.rb:82:in 'WEBrick::HTTPServer#run'
	/Users/michellestar/Documents/GitHub/hello-michelle-star.github.io/vendor/bundle/ruby/3.4.0/gems/webrick-1.9.1/lib/webrick/server.rb:310:in 'block in WEBrick::GenericServer#start_thread'
      Regenerating: 1 file(s) changed at 2026-04-27 23:06:28
                    _sass/_social-icons.scss
       Jekyll Feed: Generating feed for posts
DEPRECATION WARNING [import]: Sass @import rules are deprecated and will be removed in Dart Sass 3.0.0.

More info and automated migrator: https://sass-lang.com/d/import

   ╷
27 │ @import "-sections-dir";
   │         ^^^^^^^^^^^^^^^
   ╵
    /Users/michellestar/Documents/GitHub/hello-michelle-star.github.io/assets/css/main.scss 27:9  root stylesheet
DEPRECATION WARNING [import]: Sass @import rules are deprecated and will be removed in Dart Sass 3.0.0.

More info and automated migrator: https://sass-lang.com/d/import

   ╷
28 │ @import 'about';
   │         ^^^^^^^
   ╵
    /Users/michellestar/Documents/GitHub/hello-michelle-star.github.io/assets/css/main.scss 28:9  root stylesheet
DEPRECATION WARNING [import]: Sass @import rules are deprecated and will be removed in Dart Sass 3.0.0.

More info and automated migrator: https://sass-lang.com/d/import

  ╷
2 │ @import "base",
  │         ^^^^^^
  ╵
    _-sections-dir.scss 2:9                                                                       @import
    /Users/michellestar/Documents/GitHub/hello-michelle-star.github.io/assets/css/main.scss 27:9  root stylesheet
DEPRECATION WARNING [import]: Sass @import rules are deprecated and will be removed in Dart Sass 3.0.0.

More info and automated migrator: https://sass-lang.com/d/import

  ╷
3 │         "code",
  │         ^^^^^^
  ╵
    _-sections-dir.scss 3:9                                                                       @import
    /Users/michellestar/Documents/GitHub/hello-michelle-star.github.io/assets/css/main.scss 27:9  root stylesheet
DEPRECATION WARNING [import]: Sass @import rules are deprecated and will be removed in Dart Sass 3.0.0.

More info and automated migrator: https://sass-lang.com/d/import

  ╷
4 │         "default",
  │         ^^^^^^^^^
  ╵
    _-sections-dir.scss 4:9                                                                       @import
    /Users/michellestar/Documents/GitHub/hello-michelle-star.github.io/assets/css/main.scss 27:9  root stylesheet
WARNING: 7 repetitive deprecation warnings omitted.
Run in verbose mode to see all warnings.
                    ...done in 0.035949 seconds.
                    
[2026-04-27 23:06:28] ERROR Errno::ECONNRESET: Connection reset by peer @ io_fillbuf - fd:22 
	/Users/michellestar/Documents/GitHub/hello-michelle-star.github.io/vendor/bundle/ruby/3.4.0/gems/webrick-1.9.1/lib/webrick/httpserver.rb:82:in 'IO#eof?'
	/Users/michellestar/Documents/GitHub/hello-michelle-star.github.io/vendor/bundle/ruby/3.4.0/gems/webrick-1.9.1/lib/webrick/httpserver.rb:82:in 'WEBrick::HTTPServer#run'
	/Users/michellestar/Documents/GitHub/hello-michelle-star.github.io/vendor/bundle/ruby/3.4.0/gems/webrick-1.9.1/lib/webrick/server.rb:310:in 'block in WEBrick::GenericServer#start_thread'
      Regenerating: 1 file(s) changed at 2026-04-27 23:06:30
                    jekyll.log
       Jekyll Feed: Generating feed for posts
DEPRECATION WARNING [import]: Sass @import rules are deprecated and will be removed in Dart Sass 3.0.0.

More info and automated migrator: https://sass-lang.com/d/import

   ╷
27 │ @import "-sections-dir";
   │         ^^^^^^^^^^^^^^^
   ╵
    /Users/michellestar/Documents/GitHub/hello-michelle-star.github.io/assets/css/main.scss 27:9  root stylesheet
DEPRECATION WARNING [import]: Sass @import rules are deprecated and will be removed in Dart Sass 3.0.0.

More info and automated migrator: https://sass-lang.com/d/import

   ╷
28 │ @import 'about';
   │         ^^^^^^^
   ╵
    /Users/michellestar/Documents/GitHub/hello-michelle-star.github.io/assets/css/main.scss 28:9  root stylesheet
DEPRECATION WARNING [import]: Sass @import rules are deprecated and will be removed in Dart Sass 3.0.0.

More info and automated migrator: https://sass-lang.com/d/import

  ╷
2 │ @import "base",
  │         ^^^^^^
  ╵
    _-sections-dir.scss 2:9                                                                       @import
    /Users/michellestar/Documents/GitHub/hello-michelle-star.github.io/assets/css/main.scss 27:9  root stylesheet
DEPRECATION WARNING [import]: Sass @import rules are deprecated and will be removed in Dart Sass 3.0.0.

More info and automated migrator: https://sass-lang.com/d/import

  ╷
3 │         "code",
  │         ^^^^^^
  ╵
    _-sections-dir.scss 3:9                                                                       @import
    /Users/michellestar/Documents/GitHub/hello-michelle-star.github.io/assets/css/main.scss 27:9  root stylesheet
DEPRECATION WARNING [import]: Sass @import rules are deprecated and will be removed in Dart Sass 3.0.0.

More info and automated migrator: https://sass-lang.com/d/import

  ╷
4 │         "default",
  │         ^^^^^^^^^
  ╵
    _-sections-dir.scss 4:9                                                                       @import
    /Users/michellestar/Documents/GitHub/hello-michelle-star.github.io/assets/css/main.scss 27:9  root stylesheet
WARNING: 7 repetitive deprecation warnings omitted.
Run in verbose mode to see all warnings.
                    ...done in 0.050793 seconds.
                    
      Regenerating: 1 file(s) changed at 2026-04-27 23:06:30
                    _data/settings.yml
       Jekyll Feed: Generating feed for posts
DEPRECATION WARNING [import]: Sass @import rules are deprecated and will be removed in Dart Sass 3.0.0.

More info and automated migrator: https://sass-lang.com/d/import

   ╷
27 │ @import "-sections-dir";
   │         ^^^^^^^^^^^^^^^
   ╵
    /Users/michellestar/Documents/GitHub/hello-michelle-star.github.io/assets/css/main.scss 27:9  root stylesheet
DEPRECATION WARNING [import]: Sass @import rules are deprecated and will be removed in Dart Sass 3.0.0.

More info and automated migrator: https://sass-lang.com/d/import

   ╷
28 │ @import 'about';
   │         ^^^^^^^
   ╵
    /Users/michellestar/Documents/GitHub/hello-michelle-star.github.io/assets/css/main.scss 28:9  root stylesheet
DEPRECATION WARNING [import]: Sass @import rules are deprecated and will be removed in Dart Sass 3.0.0.

More info and automated migrator: https://sass-lang.com/d/import

  ╷
2 │ @import "base",
  │         ^^^^^^
  ╵
    _-sections-dir.scss 2:9                                                                       @import
    /Users/michellestar/Documents/GitHub/hello-michelle-star.github.io/assets/css/main.scss 27:9  root stylesheet
DEPRECATION WARNING [import]: Sass @import rules are deprecated and will be removed in Dart Sass 3.0.0.

More info and automated migrator: https://sass-lang.com/d/import

  ╷
3 │         "code",
  │         ^^^^^^
  ╵
    _-sections-dir.scss 3:9                                                                       @import
    /Users/michellestar/Documents/GitHub/hello-michelle-star.github.io/assets/css/main.scss 27:9  root stylesheet
DEPRECATION WARNING [import]: Sass @import rules are deprecated and will be removed in Dart Sass 3.0.0.

More info and automated migrator: https://sass-lang.com/d/import

  ╷
4 │         "default",
  │         ^^^^^^^^^
  ╵
    _-sections-dir.scss 4:9                                                                       @import
    /Users/michellestar/Documents/GitHub/hello-michelle-star.github.io/assets/css/main.scss 27:9  root stylesheet
WARNING: 7 repetitive deprecation warnings omitted.
Run in verbose mode to see all warnings.
                    ...done in 0.045891 seconds.
                    
[2026-04-27 23:06:31] ERROR Errno::ECONNRESET: Connection reset by peer @ io_fillbuf - fd:22 
	/Users/michellestar/Documents/GitHub/hello-michelle-star.github.io/vendor/bundle/ruby/3.4.0/gems/webrick-1.9.1/lib/webrick/httpserver.rb:82:in 'IO#eof?'
	/Users/michellestar/Documents/GitHub/hello-michelle-star.github.io/vendor/bundle/ruby/3.4.0/gems/webrick-1.9.1/lib/webrick/httpserver.rb:82:in 'WEBrick::HTTPServer#run'
	/Users/michellestar/Documents/GitHub/hello-michelle-star.github.io/vendor/bundle/ruby/3.4.0/gems/webrick-1.9.1/lib/webrick/server.rb:310:in 'block in WEBrick::GenericServer#start_thread'
      Regenerating: 1 file(s) changed at 2026-04-27 23:06:34
                    jekyll.log
       Jekyll Feed: Generating feed for posts
DEPRECATION WARNING [import]: Sass @import rules are deprecated and will be removed in Dart Sass 3.0.0.

More info and automated migrator: https://sass-lang.com/d/import

   ╷
27 │ @import "-sections-dir";
   │         ^^^^^^^^^^^^^^^
   ╵
    /Users/michellestar/Documents/GitHub/hello-michelle-star.github.io/assets/css/main.scss 27:9  root stylesheet
DEPRECATION WARNING [import]: Sass @import rules are deprecated and will be removed in Dart Sass 3.0.0.

More info and automated migrator: https://sass-lang.com/d/import

   ╷
28 │ @import 'about';
   │         ^^^^^^^
   ╵
    /Users/michellestar/Documents/GitHub/hello-michelle-star.github.io/assets/css/main.scss 28:9  root stylesheet
DEPRECATION WARNING [import]: Sass @import rules are deprecated and will be removed in Dart Sass 3.0.0.

More info and automated migrator: https://sass-lang.com/d/import

  ╷
2 │ @import "base",
  │         ^^^^^^
  ╵
    _-sections-dir.scss 2:9                                                                       @import
    /Users/michellestar/Documents/GitHub/hello-michelle-star.github.io/assets/css/main.scss 27:9  root stylesheet
DEPRECATION WARNING [import]: Sass @import rules are deprecated and will be removed in Dart Sass 3.0.0.

More info and automated migrator: https://sass-lang.com/d/import

  ╷
3 │         "code",
  │         ^^^^^^
  ╵
    _-sections-dir.scss 3:9                                                                       @import
    /Users/michellestar/Documents/GitHub/hello-michelle-star.github.io/assets/css/main.scss 27:9  root stylesheet
DEPRECATION WARNING [import]: Sass @import rules are deprecated and will be removed in Dart Sass 3.0.0.

More info and automated migrator: https://sass-lang.com/d/import

  ╷
4 │         "default",
  │         ^^^^^^^^^
  ╵
    _-sections-dir.scss 4:9                                                                       @import
    /Users/michellestar/Documents/GitHub/hello-michelle-star.github.io/assets/css/main.scss 27:9  root stylesheet
WARNING: 7 repetitive deprecation warnings omitted.
Run in verbose mode to see all warnings.
                    ...done in 0.041927 seconds.
                    
      Regenerating: 1 file(s) changed at 2026-04-27 23:06:37
                    jekyll.log
       Jekyll Feed: Generating feed for posts
DEPRECATION WARNING [import]: Sass @import rules are deprecated and will be removed in Dart Sass 3.0.0.

More info and automated migrator: https://sass-lang.com/d/import

   ╷
27 │ @import "-sections-dir";
   │         ^^^^^^^^^^^^^^^
   ╵
    /Users/michellestar/Documents/GitHub/hello-michelle-star.github.io/assets/css/main.scss 27:9  root stylesheet
DEPRECATION WARNING [import]: Sass @import rules are deprecated and will be removed in Dart Sass 3.0.0.

More info and automated migrator: https://sass-lang.com/d/import

   ╷
28 │ @import 'about';
   │         ^^^^^^^
   ╵
    /Users/michellestar/Documents/GitHub/hello-michelle-star.github.io/assets/css/main.scss 28:9  root stylesheet
DEPRECATION WARNING [import]: Sass @import rules are deprecated and will be removed in Dart Sass 3.0.0.

More info and automated migrator: https://sass-lang.com/d/import

  ╷
2 │ @import "base",
  │         ^^^^^^
  ╵
    _-sections-dir.scss 2:9                                                                       @import
    /Users/michellestar/Documents/GitHub/hello-michelle-star.github.io/assets/css/main.scss 27:9  root stylesheet
DEPRECATION WARNING [import]: Sass @import rules are deprecated and will be removed in Dart Sass 3.0.0.

More info and automated migrator: https://sass-lang.com/d/import

  ╷
3 │         "code",
  │         ^^^^^^
  ╵
    _-sections-dir.scss 3:9                                                                       @import
    /Users/michellestar/Documents/GitHub/hello-michelle-star.github.io/assets/css/main.scss 27:9  root stylesheet
DEPRECATION WARNING [import]: Sass @import rules are deprecated and will be removed in Dart Sass 3.0.0.

More info and automated migrator: https://sass-lang.com/d/import

  ╷
4 │         "default",
  │         ^^^^^^^^^
  ╵
    _-sections-dir.scss 4:9                                                                       @import
    /Users/michellestar/Documents/GitHub/hello-michelle-star.github.io/assets/css/main.scss 27:9  root stylesheet
WARNING: 7 repetitive deprecation warnings omitted.
Run in verbose mode to see all warnings.
                    ...done in 0.039349 seconds.
                    
[2026-04-27 23:06:37] ERROR Errno::ECONNRESET: Connection reset by peer @ io_fillbuf - fd:17 
	/Users/michellestar/Documents/GitHub/hello-michelle-star.github.io/vendor/bundle/ruby/3.4.0/gems/webrick-1.9.1/lib/webrick/httpserver.rb:82:in 'IO#eof?'
	/Users/michellestar/Documents/GitHub/hello-michelle-star.github.io/vendor/bundle/ruby/3.4.0/gems/webrick-1.9.1/lib/webrick/httpserver.rb:82:in 'WEBrick::HTTPServer#run'
	/Users/michellestar/Documents/GitHub/hello-michelle-star.github.io/vendor/bundle/ruby/3.4.0/gems/webrick-1.9.1/lib/webrick/server.rb:310:in 'block in WEBrick::GenericServer#start_thread'
      Regenerating: 1 file(s) changed at 2026-04-27 23:06:38
                    jekyll.log
       Jekyll Feed: Generating feed for posts
DEPRECATION WARNING [import]: Sass @import rules are deprecated and will be removed in Dart Sass 3.0.0.

More info and automated migrator: https://sass-lang.com/d/import

   ╷
27 │ @import "-sections-dir";
   │         ^^^^^^^^^^^^^^^
   ╵
    /Users/michellestar/Documents/GitHub/hello-michelle-star.github.io/assets/css/main.scss 27:9  root stylesheet
DEPRECATION WARNING [import]: Sass @import rules are deprecated and will be removed in Dart Sass 3.0.0.

More info and automated migrator: https://sass-lang.com/d/import

   ╷
28 │ @import 'about';
   │         ^^^^^^^
   ╵
    /Users/michellestar/Documents/GitHub/hello-michelle-star.github.io/assets/css/main.scss 28:9  root stylesheet
DEPRECATION WARNING [import]: Sass @import rules are deprecated and will be removed in Dart Sass 3.0.0.

More info and automated migrator: https://sass-lang.com/d/import

  ╷
2 │ @import "base",
  │         ^^^^^^
  ╵
    _-sections-dir.scss 2:9                                                                       @import
    /Users/michellestar/Documents/GitHub/hello-michelle-star.github.io/assets/css/main.scss 27:9  root stylesheet
DEPRECATION WARNING [import]: Sass @import rules are deprecated and will be removed in Dart Sass 3.0.0.

More info and automated migrator: https://sass-lang.com/d/import

  ╷
3 │         "code",
  │         ^^^^^^
  ╵
    _-sections-dir.scss 3:9                                                                       @import
    /Users/michellestar/Documents/GitHub/hello-michelle-star.github.io/assets/css/main.scss 27:9  root stylesheet
DEPRECATION WARNING [import]: Sass @import rules are deprecated and will be removed in Dart Sass 3.0.0.

More info and automated migrator: https://sass-lang.com/d/import

  ╷
4 │         "default",
  │         ^^^^^^^^^
  ╵
    _-sections-dir.scss 4:9                                                                       @import
    /Users/michellestar/Documents/GitHub/hello-michelle-star.github.io/assets/css/main.scss 27:9  root stylesheet
WARNING: 7 repetitive deprecation warnings omitted.
Run in verbose mode to see all warnings.
                    ...done in 0.054981 seconds.
                    
[2026-04-27 23:06:38] ERROR Errno::ECONNRESET: Connection reset by peer @ io_fillbuf - fd:17 
	/Users/michellestar/Documents/GitHub/hello-michelle-star.github.io/vendor/bundle/ruby/3.4.0/gems/webrick-1.9.1/lib/webrick/httpserver.rb:82:in 'IO#eof?'
	/Users/michellestar/Documents/GitHub/hello-michelle-star.github.io/vendor/bundle/ruby/3.4.0/gems/webrick-1.9.1/lib/webrick/httpserver.rb:82:in 'WEBrick::HTTPServer#run'
	/Users/michellestar/Documents/GitHub/hello-michelle-star.github.io/vendor/bundle/ruby/3.4.0/gems/webrick-1.9.1/lib/webrick/server.rb:310:in 'block in WEBrick::GenericServer#start_thread'
      Regenerating: 1 file(s) changed at 2026-04-27 23:06:41
                    jekyll.log
       Jekyll Feed: Generating feed for posts
DEPRECATION WARNING [import]: Sass @import rules are deprecated and will be removed in Dart Sass 3.0.0.

More info and automated migrator: https://sass-lang.com/d/import

   ╷
27 │ @import "-sections-dir";
   │         ^^^^^^^^^^^^^^^
   ╵
    /Users/michellestar/Documents/GitHub/hello-michelle-star.github.io/assets/css/main.scss 27:9  root stylesheet
DEPRECATION WARNING [import]: Sass @import rules are deprecated and will be removed in Dart Sass 3.0.0.

More info and automated migrator: https://sass-lang.com/d/import

   ╷
28 │ @import 'about';
   │         ^^^^^^^
   ╵
    /Users/michellestar/Documents/GitHub/hello-michelle-star.github.io/assets/css/main.scss 28:9  root stylesheet
DEPRECATION WARNING [import]: Sass @import rules are deprecated and will be removed in Dart Sass 3.0.0.

More info and automated migrator: https://sass-lang.com/d/import

  ╷
2 │ @import "base",
  │         ^^^^^^
  ╵
    _-sections-dir.scss 2:9                                                                       @import
    /Users/michellestar/Documents/GitHub/hello-michelle-star.github.io/assets/css/main.scss 27:9  root stylesheet
DEPRECATION WARNING [import]: Sass @import rules are deprecated and will be removed in Dart Sass 3.0.0.

More info and automated migrator: https://sass-lang.com/d/import

  ╷
3 │         "code",
  │         ^^^^^^
  ╵
    _-sections-dir.scss 3:9                                                                       @import
    /Users/michellestar/Documents/GitHub/hello-michelle-star.github.io/assets/css/main.scss 27:9  root stylesheet
DEPRECATION WARNING [import]: Sass @import rules are deprecated and will be removed in Dart Sass 3.0.0.

More info and automated migrator: https://sass-lang.com/d/import

  ╷
4 │         "default",
  │         ^^^^^^^^^
  ╵
    _-sections-dir.scss 4:9                                                                       @import
    /Users/michellestar/Documents/GitHub/hello-michelle-star.github.io/assets/css/main.scss 27:9  root stylesheet
WARNING: 7 repetitive deprecation warnings omitted.
Run in verbose mode to see all warnings.
                    ...done in 0.055098 seconds.
                    
[2026-04-27 23:06:41] ERROR Errno::ECONNRESET: Connection reset by peer @ io_fillbuf - fd:23 
	/Users/michellestar/Documents/GitHub/hello-michelle-star.github.io/vendor/bundle/ruby/3.4.0/gems/webrick-1.9.1/lib/webrick/httpserver.rb:82:in 'IO#eof?'
	/Users/michellestar/Documents/GitHub/hello-michelle-star.github.io/vendor/bundle/ruby/3.4.0/gems/webrick-1.9.1/lib/webrick/httpserver.rb:82:in 'WEBrick::HTTPServer#run'
	/Users/michellestar/Documents/GitHub/hello-michelle-star.github.io/vendor/bundle/ruby/3.4.0/gems/webrick-1.9.1/lib/webrick/server.rb:310:in 'block in WEBrick::GenericServer#start_thread'
[2026-04-27 23:06:41] ERROR Errno::ECONNRESET: Connection reset by peer @ io_fillbuf - fd:20 
	/Users/michellestar/Documents/GitHub/hello-michelle-star.github.io/vendor/bundle/ruby/3.4.0/gems/webrick-1.9.1/lib/webrick/httpserver.rb:82:in 'IO#eof?'
	/Users/michellestar/Documents/GitHub/hello-michelle-star.github.io/vendor/bundle/ruby/3.4.0/gems/webrick-1.9.1/lib/webrick/httpserver.rb:82:in 'WEBrick::HTTPServer#run'
	/Users/michellestar/Documents/GitHub/hello-michelle-star.github.io/vendor/bundle/ruby/3.4.0/gems/webrick-1.9.1/lib/webrick/server.rb:310:in 'block in WEBrick::GenericServer#start_thread'
      Regenerating: 1 file(s) changed at 2026-04-27 23:06:46
                    jekyll.log
       Jekyll Feed: Generating feed for posts
DEPRECATION WARNING [import]: Sass @import rules are deprecated and will be removed in Dart Sass 3.0.0.

More info and automated migrator: https://sass-lang.com/d/import

   ╷
27 │ @import "-sections-dir";
   │         ^^^^^^^^^^^^^^^
   ╵
    /Users/michellestar/Documents/GitHub/hello-michelle-star.github.io/assets/css/main.scss 27:9  root stylesheet
DEPRECATION WARNING [import]: Sass @import rules are deprecated and will be removed in Dart Sass 3.0.0.

More info and automated migrator: https://sass-lang.com/d/import

   ╷
28 │ @import 'about';
   │         ^^^^^^^
   ╵
    /Users/michellestar/Documents/GitHub/hello-michelle-star.github.io/assets/css/main.scss 28:9  root stylesheet
DEPRECATION WARNING [import]: Sass @import rules are deprecated and will be removed in Dart Sass 3.0.0.

More info and automated migrator: https://sass-lang.com/d/import

  ╷
2 │ @import "base",
  │         ^^^^^^
  ╵
    _-sections-dir.scss 2:9                                                                       @import
    /Users/michellestar/Documents/GitHub/hello-michelle-star.github.io/assets/css/main.scss 27:9  root stylesheet
DEPRECATION WARNING [import]: Sass @import rules are deprecated and will be removed in Dart Sass 3.0.0.

More info and automated migrator: https://sass-lang.com/d/import

  ╷
3 │         "code",
  │         ^^^^^^
  ╵
    _-sections-dir.scss 3:9                                                                       @import
    /Users/michellestar/Documents/GitHub/hello-michelle-star.github.io/assets/css/main.scss 27:9  root stylesheet
DEPRECATION WARNING [import]: Sass @import rules are deprecated and will be removed in Dart Sass 3.0.0.

More info and automated migrator: https://sass-lang.com/d/import

  ╷
4 │         "default",
  │         ^^^^^^^^^
  ╵
    _-sections-dir.scss 4:9                                                                       @import
    /Users/michellestar/Documents/GitHub/hello-michelle-star.github.io/assets/css/main.scss 27:9  root stylesheet
WARNING: 7 repetitive deprecation warnings omitted.
Run in verbose mode to see all warnings.
                    ...done in 0.052623 seconds.
                    
[2026-04-27 23:06:46] ERROR Errno::ECONNRESET: Connection reset by peer @ io_fillbuf - fd:17 
	/Users/michellestar/Documents/GitHub/hello-michelle-star.github.io/vendor/bundle/ruby/3.4.0/gems/webrick-1.9.1/lib/webrick/httpserver.rb:82:in 'IO#eof?'
	/Users/michellestar/Documents/GitHub/hello-michelle-star.github.io/vendor/bundle/ruby/3.4.0/gems/webrick-1.9.1/lib/webrick/httpserver.rb:82:in 'WEBrick::HTTPServer#run'
	/Users/michellestar/Documents/GitHub/hello-michelle-star.github.io/vendor/bundle/ruby/3.4.0/gems/webrick-1.9.1/lib/webrick/server.rb:310:in 'block in WEBrick::GenericServer#start_thread'
      Regenerating: 1 file(s) changed at 2026-04-27 23:06:48
                    jekyll.log
       Jekyll Feed: Generating feed for posts
DEPRECATION WARNING [import]: Sass @import rules are deprecated and will be removed in Dart Sass 3.0.0.

More info and automated migrator: https://sass-lang.com/d/import

   ╷
27 │ @import "-sections-dir";
   │         ^^^^^^^^^^^^^^^
   ╵
    /Users/michellestar/Documents/GitHub/hello-michelle-star.github.io/assets/css/main.scss 27:9  root stylesheet
DEPRECATION WARNING [import]: Sass @import rules are deprecated and will be removed in Dart Sass 3.0.0.

More info and automated migrator: https://sass-lang.com/d/import

   ╷
28 │ @import 'about';
   │         ^^^^^^^
   ╵
    /Users/michellestar/Documents/GitHub/hello-michelle-star.github.io/assets/css/main.scss 28:9  root stylesheet
DEPRECATION WARNING [import]: Sass @import rules are deprecated and will be removed in Dart Sass 3.0.0.

More info and automated migrator: https://sass-lang.com/d/import

  ╷
2 │ @import "base",
  │         ^^^^^^
  ╵
    _-sections-dir.scss 2:9                                                                       @import
    /Users/michellestar/Documents/GitHub/hello-michelle-star.github.io/assets/css/main.scss 27:9  root stylesheet
DEPRECATION WARNING [import]: Sass @import rules are deprecated and will be removed in Dart Sass 3.0.0.

More info and automated migrator: https://sass-lang.com/d/import

  ╷
3 │         "code",
  │         ^^^^^^
  ╵
    _-sections-dir.scss 3:9                                                                       @import
    /Users/michellestar/Documents/GitHub/hello-michelle-star.github.io/assets/css/main.scss 27:9  root stylesheet
DEPRECATION WARNING [import]: Sass @import rules are deprecated and will be removed in Dart Sass 3.0.0.

More info and automated migrator: https://sass-lang.com/d/import

  ╷
4 │         "default",
  │         ^^^^^^^^^
  ╵
    _-sections-dir.scss 4:9                                                                       @import
    /Users/michellestar/Documents/GitHub/hello-michelle-star.github.io/assets/css/main.scss 27:9  root stylesheet
WARNING: 7 repetitive deprecation warnings omitted.
Run in verbose mode to see all warnings.
                    ...done in 0.05512 seconds.
                    
      Regenerating: 1 file(s) changed at 2026-04-27 23:06:53
                    jekyll.log
       Jekyll Feed: Generating feed for posts
DEPRECATION WARNING [import]: Sass @import rules are deprecated and will be removed in Dart Sass 3.0.0.

More info and automated migrator: https://sass-lang.com/d/import

   ╷
27 │ @import "-sections-dir";
   │         ^^^^^^^^^^^^^^^
   ╵
    /Users/michellestar/Documents/GitHub/hello-michelle-star.github.io/assets/css/main.scss 27:9  root stylesheet
DEPRECATION WARNING [import]: Sass @import rules are deprecated and will be removed in Dart Sass 3.0.0.

More info and automated migrator: https://sass-lang.com/d/import

   ╷
28 │ @import 'about';
   │         ^^^^^^^
   ╵
    /Users/michellestar/Documents/GitHub/hello-michelle-star.github.io/assets/css/main.scss 28:9  root stylesheet
DEPRECATION WARNING [import]: Sass @import rules are deprecated and will be removed in Dart Sass 3.0.0.

More info and automated migrator: https://sass-lang.com/d/import

  ╷
2 │ @import "base",
  │         ^^^^^^
  ╵
    _-sections-dir.scss 2:9                                                                       @import
    /Users/michellestar/Documents/GitHub/hello-michelle-star.github.io/assets/css/main.scss 27:9  root stylesheet
DEPRECATION WARNING [import]: Sass @import rules are deprecated and will be removed in Dart Sass 3.0.0.

More info and automated migrator: https://sass-lang.com/d/import

  ╷
3 │         "code",
  │         ^^^^^^
  ╵
    _-sections-dir.scss 3:9                                                                       @import
    /Users/michellestar/Documents/GitHub/hello-michelle-star.github.io/assets/css/main.scss 27:9  root stylesheet
DEPRECATION WARNING [import]: Sass @import rules are deprecated and will be removed in Dart Sass 3.0.0.

More info and automated migrator: https://sass-lang.com/d/import

  ╷
4 │         "default",
  │         ^^^^^^^^^
  ╵
    _-sections-dir.scss 4:9                                                                       @import
    /Users/michellestar/Documents/GitHub/hello-michelle-star.github.io/assets/css/main.scss 27:9  root stylesheet
WARNING: 7 repetitive deprecation warnings omitted.
Run in verbose mode to see all warnings.
                    ...done in 0.051941 seconds.
                    
[2026-04-27 23:06:54] ERROR Errno::ECONNRESET: Connection reset by peer @ io_fillbuf - fd:21 
	/Users/michellestar/Documents/GitHub/hello-michelle-star.github.io/vendor/bundle/ruby/3.4.0/gems/webrick-1.9.1/lib/webrick/httpserver.rb:82:in 'IO#eof?'
	/Users/michellestar/Documents/GitHub/hello-michelle-star.github.io/vendor/bundle/ruby/3.4.0/gems/webrick-1.9.1/lib/webrick/httpserver.rb:82:in 'WEBrick::HTTPServer#run'
	/Users/michellestar/Documents/GitHub/hello-michelle-star.github.io/vendor/bundle/ruby/3.4.0/gems/webrick-1.9.1/lib/webrick/server.rb:310:in 'block in WEBrick::GenericServer#start_thread'
      Regenerating: 1 file(s) changed at 2026-04-27 23:16:56
                    _data/settings.yml
       Jekyll Feed: Generating feed for posts
DEPRECATION WARNING [import]: Sass @import rules are deprecated and will be removed in Dart Sass 3.0.0.

More info and automated migrator: https://sass-lang.com/d/import

   ╷
27 │ @import "-sections-dir";
   │         ^^^^^^^^^^^^^^^
   ╵
    /Users/michellestar/Documents/GitHub/hello-michelle-star.github.io/assets/css/main.scss 27:9  root stylesheet
DEPRECATION WARNING [import]: Sass @import rules are deprecated and will be removed in Dart Sass 3.0.0.

More info and automated migrator: https://sass-lang.com/d/import

   ╷
28 │ @import 'about';
   │         ^^^^^^^
   ╵
    /Users/michellestar/Documents/GitHub/hello-michelle-star.github.io/assets/css/main.scss 28:9  root stylesheet
DEPRECATION WARNING [import]: Sass @import rules are deprecated and will be removed in Dart Sass 3.0.0.

More info and automated migrator: https://sass-lang.com/d/import

  ╷
2 │ @import "base",
  │         ^^^^^^
  ╵
    _-sections-dir.scss 2:9                                                                       @import
    /Users/michellestar/Documents/GitHub/hello-michelle-star.github.io/assets/css/main.scss 27:9  root stylesheet
DEPRECATION WARNING [import]: Sass @import rules are deprecated and will be removed in Dart Sass 3.0.0.

More info and automated migrator: https://sass-lang.com/d/import

  ╷
3 │         "code",
  │         ^^^^^^
  ╵
    _-sections-dir.scss 3:9                                                                       @import
    /Users/michellestar/Documents/GitHub/hello-michelle-star.github.io/assets/css/main.scss 27:9  root stylesheet
DEPRECATION WARNING [import]: Sass @import rules are deprecated and will be removed in Dart Sass 3.0.0.

More info and automated migrator: https://sass-lang.com/d/import

  ╷
4 │         "default",
  │         ^^^^^^^^^
  ╵
    _-sections-dir.scss 4:9                                                                       @import
    /Users/michellestar/Documents/GitHub/hello-michelle-star.github.io/assets/css/main.scss 27:9  root stylesheet
WARNING: 7 repetitive deprecation warnings omitted.
Run in verbose mode to see all warnings.
                    ...done in 0.127107 seconds.
                    
      Regenerating: 1 file(s) changed at 2026-04-27 23:17:00
                    jekyll.log
       Jekyll Feed: Generating feed for posts
DEPRECATION WARNING [import]: Sass @import rules are deprecated and will be removed in Dart Sass 3.0.0.

More info and automated migrator: https://sass-lang.com/d/import

   ╷
27 │ @import "-sections-dir";
   │         ^^^^^^^^^^^^^^^
   ╵
    /Users/michellestar/Documents/GitHub/hello-michelle-star.github.io/assets/css/main.scss 27:9  root stylesheet
DEPRECATION WARNING [import]: Sass @import rules are deprecated and will be removed in Dart Sass 3.0.0.

More info and automated migrator: https://sass-lang.com/d/import

   ╷
28 │ @import 'about';
   │         ^^^^^^^
   ╵
    /Users/michellestar/Documents/GitHub/hello-michelle-star.github.io/assets/css/main.scss 28:9  root stylesheet
DEPRECATION WARNING [import]: Sass @import rules are deprecated and will be removed in Dart Sass 3.0.0.

More info and automated migrator: https://sass-lang.com/d/import

  ╷
2 │ @import "base",
  │         ^^^^^^
  ╵
    _-sections-dir.scss 2:9                                                                       @import
    /Users/michellestar/Documents/GitHub/hello-michelle-star.github.io/assets/css/main.scss 27:9  root stylesheet
DEPRECATION WARNING [import]: Sass @import rules are deprecated and will be removed in Dart Sass 3.0.0.

More info and automated migrator: https://sass-lang.com/d/import

  ╷
3 │         "code",
  │         ^^^^^^
  ╵
    _-sections-dir.scss 3:9                                                                       @import
    /Users/michellestar/Documents/GitHub/hello-michelle-star.github.io/assets/css/main.scss 27:9  root stylesheet
DEPRECATION WARNING [import]: Sass @import rules are deprecated and will be removed in Dart Sass 3.0.0.

More info and automated migrator: https://sass-lang.com/d/import

  ╷
4 │         "default",
  │         ^^^^^^^^^
  ╵
    _-sections-dir.scss 4:9                                                                       @import
    /Users/michellestar/Documents/GitHub/hello-michelle-star.github.io/assets/css/main.scss 27:9  root stylesheet
WARNING: 7 repetitive deprecation warnings omitted.
Run in verbose mode to see all warnings.
                    ...done in 0.060012 seconds.
                    
      Regenerating: 1 file(s) changed at 2026-04-27 23:27:44
                    jekyll.log
       Jekyll Feed: Generating feed for posts
DEPRECATION WARNING [import]: Sass @import rules are deprecated and will be removed in Dart Sass 3.0.0.

More info and automated migrator: https://sass-lang.com/d/import

   ╷
27 │ @import "-sections-dir";
   │         ^^^^^^^^^^^^^^^
   ╵
    /Users/michellestar/Documents/GitHub/hello-michelle-star.github.io/assets/css/main.scss 27:9  root stylesheet
DEPRECATION WARNING [import]: Sass @import rules are deprecated and will be removed in Dart Sass 3.0.0.

More info and automated migrator: https://sass-lang.com/d/import

   ╷
28 │ @import 'about';
   │         ^^^^^^^
   ╵
    /Users/michellestar/Documents/GitHub/hello-michelle-star.github.io/assets/css/main.scss 28:9  root stylesheet
DEPRECATION WARNING [import]: Sass @import rules are deprecated and will be removed in Dart Sass 3.0.0.

More info and automated migrator: https://sass-lang.com/d/import

  ╷
2 │ @import "base",
  │         ^^^^^^
  ╵
    _-sections-dir.scss 2:9                                                                       @import
    /Users/michellestar/Documents/GitHub/hello-michelle-star.github.io/assets/css/main.scss 27:9  root stylesheet
DEPRECATION WARNING [import]: Sass @import rules are deprecated and will be removed in Dart Sass 3.0.0.

More info and automated migrator: https://sass-lang.com/d/import

  ╷
3 │         "code",
  │         ^^^^^^
  ╵
    _-sections-dir.scss 3:9                                                                       @import
    /Users/michellestar/Documents/GitHub/hello-michelle-star.github.io/assets/css/main.scss 27:9  root stylesheet
DEPRECATION WARNING [import]: Sass @import rules are deprecated and will be removed in Dart Sass 3.0.0.

More info and automated migrator: https://sass-lang.com/d/import

  ╷
4 │         "default",
  │         ^^^^^^^^^
  ╵
    _-sections-dir.scss 4:9                                                                       @import
    /Users/michellestar/Documents/GitHub/hello-michelle-star.github.io/assets/css/main.scss 27:9  root stylesheet
WARNING: 7 repetitive deprecation warnings omitted.
Run in verbose mode to see all warnings.
                    ...done in 0.097911 seconds.
                    
      Regenerating: 1 file(s) changed at 2026-04-27 23:27:44
                    jekyll.log
       Jekyll Feed: Generating feed for posts
DEPRECATION WARNING [import]: Sass @import rules are deprecated and will be removed in Dart Sass 3.0.0.

More info and automated migrator: https://sass-lang.com/d/import

   ╷
27 │ @import "-sections-dir";
   │         ^^^^^^^^^^^^^^^
   ╵
    /Users/michellestar/Documents/GitHub/hello-michelle-star.github.io/assets/css/main.scss 27:9  root stylesheet
DEPRECATION WARNING [import]: Sass @import rules are deprecated and will be removed in Dart Sass 3.0.0.

More info and automated migrator: https://sass-lang.com/d/import

   ╷
28 │ @import 'about';
   │         ^^^^^^^
   ╵
    /Users/michellestar/Documents/GitHub/hello-michelle-star.github.io/assets/css/main.scss 28:9  root stylesheet
DEPRECATION WARNING [import]: Sass @import rules are deprecated and will be removed in Dart Sass 3.0.0.

More info and automated migrator: https://sass-lang.com/d/import

  ╷
2 │ @import "base",
  │         ^^^^^^
  ╵
    _-sections-dir.scss 2:9                                                                       @import
    /Users/michellestar/Documents/GitHub/hello-michelle-star.github.io/assets/css/main.scss 27:9  root stylesheet
DEPRECATION WARNING [import]: Sass @import rules are deprecated and will be removed in Dart Sass 3.0.0.

More info and automated migrator: https://sass-lang.com/d/import

  ╷
3 │         "code",
  │         ^^^^^^
  ╵
    _-sections-dir.scss 3:9                                                                       @import
    /Users/michellestar/Documents/GitHub/hello-michelle-star.github.io/assets/css/main.scss 27:9  root stylesheet
DEPRECATION WARNING [import]: Sass @import rules are deprecated and will be removed in Dart Sass 3.0.0.

More info and automated migrator: https://sass-lang.com/d/import

  ╷
4 │         "default",
  │         ^^^^^^^^^
  ╵
    _-sections-dir.scss 4:9                                                                       @import
    /Users/michellestar/Documents/GitHub/hello-michelle-star.github.io/assets/css/main.scss 27:9  root stylesheet
WARNING: 7 repetitive deprecation warnings omitted.
Run in verbose mode to see all warnings.
                    ...done in 0.133904 seconds.
                    
      Regenerating: 1 file(s) changed at 2026-04-27 23:27:45
                    jekyll.log
       Jekyll Feed: Generating feed for posts
DEPRECATION WARNING [import]: Sass @import rules are deprecated and will be removed in Dart Sass 3.0.0.

More info and automated migrator: https://sass-lang.com/d/import

   ╷
27 │ @import "-sections-dir";
   │         ^^^^^^^^^^^^^^^
   ╵
    /Users/michellestar/Documents/GitHub/hello-michelle-star.github.io/assets/css/main.scss 27:9  root stylesheet
DEPRECATION WARNING [import]: Sass @import rules are deprecated and will be removed in Dart Sass 3.0.0.

More info and automated migrator: https://sass-lang.com/d/import

   ╷
28 │ @import 'about';
   │         ^^^^^^^
   ╵
    /Users/michellestar/Documents/GitHub/hello-michelle-star.github.io/assets/css/main.scss 28:9  root stylesheet
DEPRECATION WARNING [import]: Sass @import rules are deprecated and will be removed in Dart Sass 3.0.0.

More info and automated migrator: https://sass-lang.com/d/import

  ╷
2 │ @import "base",
  │         ^^^^^^
  ╵
    _-sections-dir.scss 2:9                                                                       @import
    /Users/michellestar/Documents/GitHub/hello-michelle-star.github.io/assets/css/main.scss 27:9  root stylesheet
DEPRECATION WARNING [import]: Sass @import rules are deprecated and will be removed in Dart Sass 3.0.0.

More info and automated migrator: https://sass-lang.com/d/import

  ╷
3 │         "code",
  │         ^^^^^^
  ╵
    _-sections-dir.scss 3:9                                                                       @import
    /Users/michellestar/Documents/GitHub/hello-michelle-star.github.io/assets/css/main.scss 27:9  root stylesheet
DEPRECATION WARNING [import]: Sass @import rules are deprecated and will be removed in Dart Sass 3.0.0.

More info and automated migrator: https://sass-lang.com/d/import

  ╷
4 │         "default",
  │         ^^^^^^^^^
  ╵
    _-sections-dir.scss 4:9                                                                       @import
    /Users/michellestar/Documents/GitHub/hello-michelle-star.github.io/assets/css/main.scss 27:9  root stylesheet
WARNING: 7 repetitive deprecation warnings omitted.
Run in verbose mode to see all warnings.
                    ...done in 0.073885 seconds.
                    
[2026-04-27 23:27:46] ERROR Errno::ECONNRESET: Connection reset by peer @ io_fillbuf - fd:10 
	/Users/michellestar/Documents/GitHub/hello-michelle-star.github.io/vendor/bundle/ruby/3.4.0/gems/webrick-1.9.1/lib/webrick/httpserver.rb:82:in 'IO#eof?'
	/Users/michellestar/Documents/GitHub/hello-michelle-star.github.io/vendor/bundle/ruby/3.4.0/gems/webrick-1.9.1/lib/webrick/httpserver.rb:82:in 'WEBrick::HTTPServer#run'
	/Users/michellestar/Documents/GitHub/hello-michelle-star.github.io/vendor/bundle/ruby/3.4.0/gems/webrick-1.9.1/lib/webrick/server.rb:310:in 'block in WEBrick::GenericServer#start_thread'
[2026-04-27 23:27:46] ERROR Errno::ECONNRESET: Connection reset by peer @ io_fillbuf - fd:28 
	/Users/michellestar/Documents/GitHub/hello-michelle-star.github.io/vendor/bundle/ruby/3.4.0/gems/webrick-1.9.1/lib/webrick/httpserver.rb:82:in 'IO#eof?'
	/Users/michellestar/Documents/GitHub/hello-michelle-star.github.io/vendor/bundle/ruby/3.4.0/gems/webrick-1.9.1/lib/webrick/httpserver.rb:82:in 'WEBrick::HTTPServer#run'
	/Users/michellestar/Documents/GitHub/hello-michelle-star.github.io/vendor/bundle/ruby/3.4.0/gems/webrick-1.9.1/lib/webrick/server.rb:310:in 'block in WEBrick::GenericServer#start_thread'
      Regenerating: 1 file(s) changed at 2026-04-27 23:27:50
                    jekyll.log
       Jekyll Feed: Generating feed for posts
DEPRECATION WARNING [import]: Sass @import rules are deprecated and will be removed in Dart Sass 3.0.0.

More info and automated migrator: https://sass-lang.com/d/import

   ╷
27 │ @import "-sections-dir";
   │         ^^^^^^^^^^^^^^^
   ╵
    /Users/michellestar/Documents/GitHub/hello-michelle-star.github.io/assets/css/main.scss 27:9  root stylesheet
DEPRECATION WARNING [import]: Sass @import rules are deprecated and will be removed in Dart Sass 3.0.0.

More info and automated migrator: https://sass-lang.com/d/import

   ╷
28 │ @import 'about';
   │         ^^^^^^^
   ╵
    /Users/michellestar/Documents/GitHub/hello-michelle-star.github.io/assets/css/main.scss 28:9  root stylesheet
DEPRECATION WARNING [import]: Sass @import rules are deprecated and will be removed in Dart Sass 3.0.0.

More info and automated migrator: https://sass-lang.com/d/import

  ╷
2 │ @import "base",
  │         ^^^^^^
  ╵
    _-sections-dir.scss 2:9                                                                       @import
    /Users/michellestar/Documents/GitHub/hello-michelle-star.github.io/assets/css/main.scss 27:9  root stylesheet
DEPRECATION WARNING [import]: Sass @import rules are deprecated and will be removed in Dart Sass 3.0.0.

More info and automated migrator: https://sass-lang.com/d/import

  ╷
3 │         "code",
  │         ^^^^^^
  ╵
    _-sections-dir.scss 3:9                                                                       @import
    /Users/michellestar/Documents/GitHub/hello-michelle-star.github.io/assets/css/main.scss 27:9  root stylesheet
DEPRECATION WARNING [import]: Sass @import rules are deprecated and will be removed in Dart Sass 3.0.0.

More info and automated migrator: https://sass-lang.com/d/import

  ╷
4 │         "default",
  │         ^^^^^^^^^
  ╵
    _-sections-dir.scss 4:9                                                                       @import
    /Users/michellestar/Documents/GitHub/hello-michelle-star.github.io/assets/css/main.scss 27:9  root stylesheet
WARNING: 7 repetitive deprecation warnings omitted.
Run in verbose mode to see all warnings.
                    ...done in 0.053003 seconds.
                    
[2026-04-27 23:27:50] ERROR Errno::ECONNRESET: Connection reset by peer @ io_fillbuf - fd:23 
	/Users/michellestar/Documents/GitHub/hello-michelle-star.github.io/vendor/bundle/ruby/3.4.0/gems/webrick-1.9.1/lib/webrick/httpserver.rb:82:in 'IO#eof?'
	/Users/michellestar/Documents/GitHub/hello-michelle-star.github.io/vendor/bundle/ruby/3.4.0/gems/webrick-1.9.1/lib/webrick/httpserver.rb:82:in 'WEBrick::HTTPServer#run'
	/Users/michellestar/Documents/GitHub/hello-michelle-star.github.io/vendor/bundle/ruby/3.4.0/gems/webrick-1.9.1/lib/webrick/server.rb:310:in 'block in WEBrick::GenericServer#start_thread'
[2026-04-27 23:27:50] ERROR Errno::ECONNRESET: Connection reset by peer @ io_fillbuf - fd:22 
	/Users/michellestar/Documents/GitHub/hello-michelle-star.github.io/vendor/bundle/ruby/3.4.0/gems/webrick-1.9.1/lib/webrick/httpserver.rb:82:in 'IO#eof?'
	/Users/michellestar/Documents/GitHub/hello-michelle-star.github.io/vendor/bundle/ruby/3.4.0/gems/webrick-1.9.1/lib/webrick/httpserver.rb:82:in 'WEBrick::HTTPServer#run'
	/Users/michellestar/Documents/GitHub/hello-michelle-star.github.io/vendor/bundle/ruby/3.4.0/gems/webrick-1.9.1/lib/webrick/server.rb:310:in 'block in WEBrick::GenericServer#start_thread'
      Regenerating: 1 file(s) changed at 2026-04-27 23:27:59
                    jekyll.log
       Jekyll Feed: Generating feed for posts
DEPRECATION WARNING [import]: Sass @import rules are deprecated and will be removed in Dart Sass 3.0.0.

More info and automated migrator: https://sass-lang.com/d/import

   ╷
27 │ @import "-sections-dir";
   │         ^^^^^^^^^^^^^^^
   ╵
    /Users/michellestar/Documents/GitHub/hello-michelle-star.github.io/assets/css/main.scss 27:9  root stylesheet
DEPRECATION WARNING [import]: Sass @import rules are deprecated and will be removed in Dart Sass 3.0.0.

More info and automated migrator: https://sass-lang.com/d/import

   ╷
28 │ @import 'about';
   │         ^^^^^^^
   ╵
    /Users/michellestar/Documents/GitHub/hello-michelle-star.github.io/assets/css/main.scss 28:9  root stylesheet
DEPRECATION WARNING [import]: Sass @import rules are deprecated and will be removed in Dart Sass 3.0.0.

More info and automated migrator: https://sass-lang.com/d/import

  ╷
2 │ @import "base",
  │         ^^^^^^
  ╵
    _-sections-dir.scss 2:9                                                                       @import
    /Users/michellestar/Documents/GitHub/hello-michelle-star.github.io/assets/css/main.scss 27:9  root stylesheet
DEPRECATION WARNING [import]: Sass @import rules are deprecated and will be removed in Dart Sass 3.0.0.

More info and automated migrator: https://sass-lang.com/d/import

  ╷
3 │         "code",
  │         ^^^^^^
  ╵
    _-sections-dir.scss 3:9                                                                       @import
    /Users/michellestar/Documents/GitHub/hello-michelle-star.github.io/assets/css/main.scss 27:9  root stylesheet
DEPRECATION WARNING [import]: Sass @import rules are deprecated and will be removed in Dart Sass 3.0.0.

More info and automated migrator: https://sass-lang.com/d/import

  ╷
4 │         "default",
  │         ^^^^^^^^^
  ╵
    _-sections-dir.scss 4:9                                                                       @import
    /Users/michellestar/Documents/GitHub/hello-michelle-star.github.io/assets/css/main.scss 27:9  root stylesheet
WARNING: 7 repetitive deprecation warnings omitted.
Run in verbose mode to see all warnings.
                    ...done in 0.053693 seconds.
                    
      Regenerating: 1 file(s) changed at 2026-04-27 23:28:19
                    jekyll.log
       Jekyll Feed: Generating feed for posts
DEPRECATION WARNING [import]: Sass @import rules are deprecated and will be removed in Dart Sass 3.0.0.

More info and automated migrator: https://sass-lang.com/d/import

   ╷
27 │ @import "-sections-dir";
   │         ^^^^^^^^^^^^^^^
   ╵
    /Users/michellestar/Documents/GitHub/hello-michelle-star.github.io/assets/css/main.scss 27:9  root stylesheet
DEPRECATION WARNING [import]: Sass @import rules are deprecated and will be removed in Dart Sass 3.0.0.

More info and automated migrator: https://sass-lang.com/d/import

   ╷
28 │ @import 'about';
   │         ^^^^^^^
   ╵
    /Users/michellestar/Documents/GitHub/hello-michelle-star.github.io/assets/css/main.scss 28:9  root stylesheet
DEPRECATION WARNING [import]: Sass @import rules are deprecated and will be removed in Dart Sass 3.0.0.

More info and automated migrator: https://sass-lang.com/d/import

  ╷
2 │ @import "base",
  │         ^^^^^^
  ╵
    _-sections-dir.scss 2:9                                                                       @import
    /Users/michellestar/Documents/GitHub/hello-michelle-star.github.io/assets/css/main.scss 27:9  root stylesheet
DEPRECATION WARNING [import]: Sass @import rules are deprecated and will be removed in Dart Sass 3.0.0.

More info and automated migrator: https://sass-lang.com/d/import

  ╷
3 │         "code",
  │         ^^^^^^
  ╵
    _-sections-dir.scss 3:9                                                                       @import
    /Users/michellestar/Documents/GitHub/hello-michelle-star.github.io/assets/css/main.scss 27:9  root stylesheet
DEPRECATION WARNING [import]: Sass @import rules are deprecated and will be removed in Dart Sass 3.0.0.

More info and automated migrator: https://sass-lang.com/d/import

  ╷
4 │         "default",
  │         ^^^^^^^^^
  ╵
    _-sections-dir.scss 4:9                                                                       @import
    /Users/michellestar/Documents/GitHub/hello-michelle-star.github.io/assets/css/main.scss 27:9  root stylesheet
WARNING: 7 repetitive deprecation warnings omitted.
Run in verbose mode to see all warnings.
                    ...done in 0.088904 seconds.
                    
[2026-04-27 23:28:19] ERROR Errno::ECONNRESET: Connection reset by peer @ io_fillbuf - fd:23 
	/Users/michellestar/Documents/GitHub/hello-michelle-star.github.io/vendor/bundle/ruby/3.4.0/gems/webrick-1.9.1/lib/webrick/httpserver.rb:82:in 'IO#eof?'
	/Users/michellestar/Documents/GitHub/hello-michelle-star.github.io/vendor/bundle/ruby/3.4.0/gems/webrick-1.9.1/lib/webrick/httpserver.rb:82:in 'WEBrick::HTTPServer#run'
	/Users/michellestar/Documents/GitHub/hello-michelle-star.github.io/vendor/bundle/ruby/3.4.0/gems/webrick-1.9.1/lib/webrick/server.rb:310:in 'block in WEBrick::GenericServer#start_thread'
[2026-04-27 23:28:20] ERROR Errno::ECONNRESET: Connection reset by peer @ io_fillbuf - fd:26 
	/Users/michellestar/Documents/GitHub/hello-michelle-star.github.io/vendor/bundle/ruby/3.4.0/gems/webrick-1.9.1/lib/webrick/httpserver.rb:82:in 'IO#eof?'
	/Users/michellestar/Documents/GitHub/hello-michelle-star.github.io/vendor/bundle/ruby/3.4.0/gems/webrick-1.9.1/lib/webrick/httpserver.rb:82:in 'WEBrick::HTTPServer#run'
	/Users/michellestar/Documents/GitHub/hello-michelle-star.github.io/vendor/bundle/ruby/3.4.0/gems/webrick-1.9.1/lib/webrick/server.rb:310:in 'block in WEBrick::GenericServer#start_thread'
      Regenerating: 1 file(s) changed at 2026-04-27 23:29:02
                    jekyll.log
       Jekyll Feed: Generating feed for posts
DEPRECATION WARNING [import]: Sass @import rules are deprecated and will be removed in Dart Sass 3.0.0.

More info and automated migrator: https://sass-lang.com/d/import

   ╷
27 │ @import "-sections-dir";
   │         ^^^^^^^^^^^^^^^
   ╵
    /Users/michellestar/Documents/GitHub/hello-michelle-star.github.io/assets/css/main.scss 27:9  root stylesheet
DEPRECATION WARNING [import]: Sass @import rules are deprecated and will be removed in Dart Sass 3.0.0.

More info and automated migrator: https://sass-lang.com/d/import

   ╷
28 │ @import 'about';
   │         ^^^^^^^
   ╵
    /Users/michellestar/Documents/GitHub/hello-michelle-star.github.io/assets/css/main.scss 28:9  root stylesheet
DEPRECATION WARNING [import]: Sass @import rules are deprecated and will be removed in Dart Sass 3.0.0.

More info and automated migrator: https://sass-lang.com/d/import

  ╷
2 │ @import "base",
  │         ^^^^^^
  ╵
    _-sections-dir.scss 2:9                                                                       @import
    /Users/michellestar/Documents/GitHub/hello-michelle-star.github.io/assets/css/main.scss 27:9  root stylesheet
DEPRECATION WARNING [import]: Sass @import rules are deprecated and will be removed in Dart Sass 3.0.0.

More info and automated migrator: https://sass-lang.com/d/import

  ╷
3 │         "code",
  │         ^^^^^^
  ╵
    _-sections-dir.scss 3:9                                                                       @import
    /Users/michellestar/Documents/GitHub/hello-michelle-star.github.io/assets/css/main.scss 27:9  root stylesheet
DEPRECATION WARNING [import]: Sass @import rules are deprecated and will be removed in Dart Sass 3.0.0.

More info and automated migrator: https://sass-lang.com/d/import

  ╷
4 │         "default",
  │         ^^^^^^^^^
  ╵
    _-sections-dir.scss 4:9                                                                       @import
    /Users/michellestar/Documents/GitHub/hello-michelle-star.github.io/assets/css/main.scss 27:9  root stylesheet
WARNING: 7 repetitive deprecation warnings omitted.
Run in verbose mode to see all warnings.
                    ...done in 0.118578 seconds.
                    
[2026-04-27 23:29:03] ERROR Errno::ECONNRESET: Connection reset by peer @ io_fillbuf - fd:19 
	/Users/michellestar/Documents/GitHub/hello-michelle-star.github.io/vendor/bundle/ruby/3.4.0/gems/webrick-1.9.1/lib/webrick/httpserver.rb:82:in 'IO#eof?'
	/Users/michellestar/Documents/GitHub/hello-michelle-star.github.io/vendor/bundle/ruby/3.4.0/gems/webrick-1.9.1/lib/webrick/httpserver.rb:82:in 'WEBrick::HTTPServer#run'
	/Users/michellestar/Documents/GitHub/hello-michelle-star.github.io/vendor/bundle/ruby/3.4.0/gems/webrick-1.9.1/lib/webrick/server.rb:310:in 'block in WEBrick::GenericServer#start_thread'
      Regenerating: 1 file(s) changed at 2026-04-27 23:30:18
                    jekyll.log
       Jekyll Feed: Generating feed for posts
DEPRECATION WARNING [import]: Sass @import rules are deprecated and will be removed in Dart Sass 3.0.0.

More info and automated migrator: https://sass-lang.com/d/import

   ╷
27 │ @import "-sections-dir";
   │         ^^^^^^^^^^^^^^^
   ╵
    /Users/michellestar/Documents/GitHub/hello-michelle-star.github.io/assets/css/main.scss 27:9  root stylesheet
DEPRECATION WARNING [import]: Sass @import rules are deprecated and will be removed in Dart Sass 3.0.0.

More info and automated migrator: https://sass-lang.com/d/import

   ╷
28 │ @import 'about';
   │         ^^^^^^^
   ╵
    /Users/michellestar/Documents/GitHub/hello-michelle-star.github.io/assets/css/main.scss 28:9  root stylesheet
DEPRECATION WARNING [import]: Sass @import rules are deprecated and will be removed in Dart Sass 3.0.0.

More info and automated migrator: https://sass-lang.com/d/import

  ╷
2 │ @import "base",
  │         ^^^^^^
  ╵
    _-sections-dir.scss 2:9                                                                       @import
    /Users/michellestar/Documents/GitHub/hello-michelle-star.github.io/assets/css/main.scss 27:9  root stylesheet
DEPRECATION WARNING [import]: Sass @import rules are deprecated and will be removed in Dart Sass 3.0.0.

More info and automated migrator: https://sass-lang.com/d/import

  ╷
3 │         "code",
  │         ^^^^^^
  ╵
    _-sections-dir.scss 3:9                                                                       @import
    /Users/michellestar/Documents/GitHub/hello-michelle-star.github.io/assets/css/main.scss 27:9  root stylesheet
DEPRECATION WARNING [import]: Sass @import rules are deprecated and will be removed in Dart Sass 3.0.0.

More info and automated migrator: https://sass-lang.com/d/import

  ╷
4 │         "default",
  │         ^^^^^^^^^
  ╵
    _-sections-dir.scss 4:9                                                                       @import
    /Users/michellestar/Documents/GitHub/hello-michelle-star.github.io/assets/css/main.scss 27:9  root stylesheet
WARNING: 7 repetitive deprecation warnings omitted.
Run in verbose mode to see all warnings.
                    ...done in 0.110946 seconds.
                    
      Regenerating: 1 file(s) changed at 2026-04-27 23:32:50
                    jekyll.log
       Jekyll Feed: Generating feed for posts
DEPRECATION WARNING [import]: Sass @import rules are deprecated and will be removed in Dart Sass 3.0.0.

More info and automated migrator: https://sass-lang.com/d/import

   ╷
27 │ @import "-sections-dir";
   │         ^^^^^^^^^^^^^^^
   ╵
    /Users/michellestar/Documents/GitHub/hello-michelle-star.github.io/assets/css/main.scss 27:9  root stylesheet
DEPRECATION WARNING [import]: Sass @import rules are deprecated and will be removed in Dart Sass 3.0.0.

More info and automated migrator: https://sass-lang.com/d/import

   ╷
28 │ @import 'about';
   │         ^^^^^^^
   ╵
    /Users/michellestar/Documents/GitHub/hello-michelle-star.github.io/assets/css/main.scss 28:9  root stylesheet
DEPRECATION WARNING [import]: Sass @import rules are deprecated and will be removed in Dart Sass 3.0.0.

More info and automated migrator: https://sass-lang.com/d/import

  ╷
2 │ @import "base",
  │         ^^^^^^
  ╵
    _-sections-dir.scss 2:9                                                                       @import
    /Users/michellestar/Documents/GitHub/hello-michelle-star.github.io/assets/css/main.scss 27:9  root stylesheet
DEPRECATION WARNING [import]: Sass @import rules are deprecated and will be removed in Dart Sass 3.0.0.

More info and automated migrator: https://sass-lang.com/d/import

  ╷
3 │         "code",
  │         ^^^^^^
  ╵
    _-sections-dir.scss 3:9                                                                       @import
    /Users/michellestar/Documents/GitHub/hello-michelle-star.github.io/assets/css/main.scss 27:9  root stylesheet
DEPRECATION WARNING [import]: Sass @import rules are deprecated and will be removed in Dart Sass 3.0.0.

More info and automated migrator: https://sass-lang.com/d/import

  ╷
4 │         "default",
  │         ^^^^^^^^^
  ╵
    _-sections-dir.scss 4:9                                                                       @import
    /Users/michellestar/Documents/GitHub/hello-michelle-star.github.io/assets/css/main.scss 27:9  root stylesheet
WARNING: 7 repetitive deprecation warnings omitted.
Run in verbose mode to see all warnings.
                    ...done in 0.125988 seconds.
                    
[2026-04-27 23:32:50] ERROR Errno::ECONNRESET: Connection reset by peer @ io_fillbuf - fd:16 
	/Users/michellestar/Documents/GitHub/hello-michelle-star.github.io/vendor/bundle/ruby/3.4.0/gems/webrick-1.9.1/lib/webrick/httpserver.rb:82:in 'IO#eof?'
	/Users/michellestar/Documents/GitHub/hello-michelle-star.github.io/vendor/bundle/ruby/3.4.0/gems/webrick-1.9.1/lib/webrick/httpserver.rb:82:in 'WEBrick::HTTPServer#run'
	/Users/michellestar/Documents/GitHub/hello-michelle-star.github.io/vendor/bundle/ruby/3.4.0/gems/webrick-1.9.1/lib/webrick/server.rb:310:in 'block in WEBrick::GenericServer#start_thread'
[2026-04-27 23:32:50] ERROR Errno::ECONNRESET: Connection reset by peer @ io_fillbuf - fd:25 
	/Users/michellestar/Documents/GitHub/hello-michelle-star.github.io/vendor/bundle/ruby/3.4.0/gems/webrick-1.9.1/lib/webrick/httpserver.rb:82:in 'IO#eof?'
	/Users/michellestar/Documents/GitHub/hello-michelle-star.github.io/vendor/bundle/ruby/3.4.0/gems/webrick-1.9.1/lib/webrick/httpserver.rb:82:in 'WEBrick::HTTPServer#run'
	/Users/michellestar/Documents/GitHub/hello-michelle-star.github.io/vendor/bundle/ruby/3.4.0/gems/webrick-1.9.1/lib/webrick/server.rb:310:in 'block in WEBrick::GenericServer#start_thread'
      Regenerating: 1 file(s) changed at 2026-04-27 23:34:14
                    jekyll.log
       Jekyll Feed: Generating feed for posts
DEPRECATION WARNING [import]: Sass @import rules are deprecated and will be removed in Dart Sass 3.0.0.

More info and automated migrator: https://sass-lang.com/d/import

   ╷
27 │ @import "-sections-dir";
   │         ^^^^^^^^^^^^^^^
   ╵
    /Users/michellestar/Documents/GitHub/hello-michelle-star.github.io/assets/css/main.scss 27:9  root stylesheet
DEPRECATION WARNING [import]: Sass @import rules are deprecated and will be removed in Dart Sass 3.0.0.

More info and automated migrator: https://sass-lang.com/d/import

   ╷
28 │ @import 'about';
   │         ^^^^^^^
   ╵
    /Users/michellestar/Documents/GitHub/hello-michelle-star.github.io/assets/css/main.scss 28:9  root stylesheet
DEPRECATION WARNING [import]: Sass @import rules are deprecated and will be removed in Dart Sass 3.0.0.

More info and automated migrator: https://sass-lang.com/d/import

  ╷
2 │ @import "base",
  │         ^^^^^^
  ╵
    _-sections-dir.scss 2:9                                                                       @import
    /Users/michellestar/Documents/GitHub/hello-michelle-star.github.io/assets/css/main.scss 27:9  root stylesheet
DEPRECATION WARNING [import]: Sass @import rules are deprecated and will be removed in Dart Sass 3.0.0.

More info and automated migrator: https://sass-lang.com/d/import

  ╷
3 │         "code",
  │         ^^^^^^
  ╵
    _-sections-dir.scss 3:9                                                                       @import
    /Users/michellestar/Documents/GitHub/hello-michelle-star.github.io/assets/css/main.scss 27:9  root stylesheet
DEPRECATION WARNING [import]: Sass @import rules are deprecated and will be removed in Dart Sass 3.0.0.

More info and automated migrator: https://sass-lang.com/d/import

  ╷
4 │         "default",
  │         ^^^^^^^^^
  ╵
    _-sections-dir.scss 4:9                                                                       @import
    /Users/michellestar/Documents/GitHub/hello-michelle-star.github.io/assets/css/main.scss 27:9  root stylesheet
WARNING: 7 repetitive deprecation warnings omitted.
Run in verbose mode to see all warnings.
                    ...done in 0.092578 seconds.
                    
[2026-04-27 23:34:14] ERROR Errno::ECONNRESET: Connection reset by peer @ io_fillbuf - fd:23 
	/Users/michellestar/Documents/GitHub/hello-michelle-star.github.io/vendor/bundle/ruby/3.4.0/gems/webrick-1.9.1/lib/webrick/httpserver.rb:82:in 'IO#eof?'
	/Users/michellestar/Documents/GitHub/hello-michelle-star.github.io/vendor/bundle/ruby/3.4.0/gems/webrick-1.9.1/lib/webrick/httpserver.rb:82:in 'WEBrick::HTTPServer#run'
	/Users/michellestar/Documents/GitHub/hello-michelle-star.github.io/vendor/bundle/ruby/3.4.0/gems/webrick-1.9.1/lib/webrick/server.rb:310:in 'block in WEBrick::GenericServer#start_thread'
      Regenerating: 1 file(s) changed at 2026-04-27 23:34:16
                    jekyll.log
       Jekyll Feed: Generating feed for posts
DEPRECATION WARNING [import]: Sass @import rules are deprecated and will be removed in Dart Sass 3.0.0.

More info and automated migrator: https://sass-lang.com/d/import

   ╷
27 │ @import "-sections-dir";
   │         ^^^^^^^^^^^^^^^
   ╵
    /Users/michellestar/Documents/GitHub/hello-michelle-star.github.io/assets/css/main.scss 27:9  root stylesheet
DEPRECATION WARNING [import]: Sass @import rules are deprecated and will be removed in Dart Sass 3.0.0.

More info and automated migrator: https://sass-lang.com/d/import

   ╷
28 │ @import 'about';
   │         ^^^^^^^
   ╵
    /Users/michellestar/Documents/GitHub/hello-michelle-star.github.io/assets/css/main.scss 28:9  root stylesheet
DEPRECATION WARNING [import]: Sass @import rules are deprecated and will be removed in Dart Sass 3.0.0.

More info and automated migrator: https://sass-lang.com/d/import

  ╷
2 │ @import "base",
  │         ^^^^^^
  ╵
    _-sections-dir.scss 2:9                                                                       @import
    /Users/michellestar/Documents/GitHub/hello-michelle-star.github.io/assets/css/main.scss 27:9  root stylesheet
DEPRECATION WARNING [import]: Sass @import rules are deprecated and will be removed in Dart Sass 3.0.0.

More info and automated migrator: https://sass-lang.com/d/import

  ╷
3 │         "code",
  │         ^^^^^^
  ╵
    _-sections-dir.scss 3:9                                                                       @import
    /Users/michellestar/Documents/GitHub/hello-michelle-star.github.io/assets/css/main.scss 27:9  root stylesheet
DEPRECATION WARNING [import]: Sass @import rules are deprecated and will be removed in Dart Sass 3.0.0.

More info and automated migrator: https://sass-lang.com/d/import

  ╷
4 │         "default",
  │         ^^^^^^^^^
  ╵
    _-sections-dir.scss 4:9                                                                       @import
    /Users/michellestar/Documents/GitHub/hello-michelle-star.github.io/assets/css/main.scss 27:9  root stylesheet
WARNING: 7 repetitive deprecation warnings omitted.
Run in verbose mode to see all warnings.
                    ...done in 0.081098 seconds.
                    
[2026-04-27 23:34:16] ERROR Errno::ECONNRESET: Connection reset by peer @ io_fillbuf - fd:19 
	/Users/michellestar/Documents/GitHub/hello-michelle-star.github.io/vendor/bundle/ruby/3.4.0/gems/webrick-1.9.1/lib/webrick/httpserver.rb:82:in 'IO#eof?'
	/Users/michellestar/Documents/GitHub/hello-michelle-star.github.io/vendor/bundle/ruby/3.4.0/gems/webrick-1.9.1/lib/webrick/httpserver.rb:82:in 'WEBrick::HTTPServer#run'
	/Users/michellestar/Documents/GitHub/hello-michelle-star.github.io/vendor/bundle/ruby/3.4.0/gems/webrick-1.9.1/lib/webrick/server.rb:310:in 'block in WEBrick::GenericServer#start_thread'
      Regenerating: 1 file(s) changed at 2026-04-27 23:38:23
                    jekyll.log
       Jekyll Feed: Generating feed for posts
DEPRECATION WARNING [import]: Sass @import rules are deprecated and will be removed in Dart Sass 3.0.0.

More info and automated migrator: https://sass-lang.com/d/import

   ╷
27 │ @import "-sections-dir";
   │         ^^^^^^^^^^^^^^^
   ╵
    /Users/michellestar/Documents/GitHub/hello-michelle-star.github.io/assets/css/main.scss 27:9  root stylesheet
DEPRECATION WARNING [import]: Sass @import rules are deprecated and will be removed in Dart Sass 3.0.0.

More info and automated migrator: https://sass-lang.com/d/import

   ╷
28 │ @import 'about';
   │         ^^^^^^^
   ╵
    /Users/michellestar/Documents/GitHub/hello-michelle-star.github.io/assets/css/main.scss 28:9  root stylesheet
DEPRECATION WARNING [import]: Sass @import rules are deprecated and will be removed in Dart Sass 3.0.0.

More info and automated migrator: https://sass-lang.com/d/import

  ╷
2 │ @import "base",
  │         ^^^^^^
  ╵
    _-sections-dir.scss 2:9                                                                       @import
    /Users/michellestar/Documents/GitHub/hello-michelle-star.github.io/assets/css/main.scss 27:9  root stylesheet
DEPRECATION WARNING [import]: Sass @import rules are deprecated and will be removed in Dart Sass 3.0.0.

More info and automated migrator: https://sass-lang.com/d/import

  ╷
3 │         "code",
  │         ^^^^^^
  ╵
    _-sections-dir.scss 3:9                                                                       @import
    /Users/michellestar/Documents/GitHub/hello-michelle-star.github.io/assets/css/main.scss 27:9  root stylesheet
DEPRECATION WARNING [import]: Sass @import rules are deprecated and will be removed in Dart Sass 3.0.0.

More info and automated migrator: https://sass-lang.com/d/import

  ╷
4 │         "default",
  │         ^^^^^^^^^
  ╵
    _-sections-dir.scss 4:9                                                                       @import
    /Users/michellestar/Documents/GitHub/hello-michelle-star.github.io/assets/css/main.scss 27:9  root stylesheet
WARNING: 7 repetitive deprecation warnings omitted.
Run in verbose mode to see all warnings.
                    ...done in 0.100548 seconds.
                    
[2026-04-27 23:38:24] ERROR Errno::ECONNRESET: Connection reset by peer @ io_fillbuf - fd:21 
	/Users/michellestar/Documents/GitHub/hello-michelle-star.github.io/vendor/bundle/ruby/3.4.0/gems/webrick-1.9.1/lib/webrick/httpserver.rb:82:in 'IO#eof?'
	/Users/michellestar/Documents/GitHub/hello-michelle-star.github.io/vendor/bundle/ruby/3.4.0/gems/webrick-1.9.1/lib/webrick/httpserver.rb:82:in 'WEBrick::HTTPServer#run'
	/Users/michellestar/Documents/GitHub/hello-michelle-star.github.io/vendor/bundle/ruby/3.4.0/gems/webrick-1.9.1/lib/webrick/server.rb:310:in 'block in WEBrick::GenericServer#start_thread'
      Regenerating: 1 file(s) changed at 2026-04-27 23:48:59
                    jekyll.log
       Jekyll Feed: Generating feed for posts
DEPRECATION WARNING [import]: Sass @import rules are deprecated and will be removed in Dart Sass 3.0.0.

More info and automated migrator: https://sass-lang.com/d/import

   ╷
27 │ @import "-sections-dir";
   │         ^^^^^^^^^^^^^^^
   ╵
    /Users/michellestar/Documents/GitHub/hello-michelle-star.github.io/assets/css/main.scss 27:9  root stylesheet
DEPRECATION WARNING [import]: Sass @import rules are deprecated and will be removed in Dart Sass 3.0.0.

More info and automated migrator: https://sass-lang.com/d/import

   ╷
28 │ @import 'about';
   │         ^^^^^^^
   ╵
    /Users/michellestar/Documents/GitHub/hello-michelle-star.github.io/assets/css/main.scss 28:9  root stylesheet
DEPRECATION WARNING [import]: Sass @import rules are deprecated and will be removed in Dart Sass 3.0.0.

More info and automated migrator: https://sass-lang.com/d/import

  ╷
2 │ @import "base",
  │         ^^^^^^
  ╵
    _-sections-dir.scss 2:9                                                                       @import
    /Users/michellestar/Documents/GitHub/hello-michelle-star.github.io/assets/css/main.scss 27:9  root stylesheet
DEPRECATION WARNING [import]: Sass @import rules are deprecated and will be removed in Dart Sass 3.0.0.

More info and automated migrator: https://sass-lang.com/d/import

  ╷
3 │         "code",
  │         ^^^^^^
  ╵
    _-sections-dir.scss 3:9                                                                       @import
    /Users/michellestar/Documents/GitHub/hello-michelle-star.github.io/assets/css/main.scss 27:9  root stylesheet
DEPRECATION WARNING [import]: Sass @import rules are deprecated and will be removed in Dart Sass 3.0.0.

More info and automated migrator: https://sass-lang.com/d/import

  ╷
4 │         "default",
  │         ^^^^^^^^^
  ╵
    _-sections-dir.scss 4:9                                                                       @import
    /Users/michellestar/Documents/GitHub/hello-michelle-star.github.io/assets/css/main.scss 27:9  root stylesheet
WARNING: 7 repetitive deprecation warnings omitted.
Run in verbose mode to see all warnings.
                    ...done in 0.105871 seconds.
                    
      Regenerating: 1 file(s) changed at 2026-04-27 23:49:06
                    jekyll.log
       Jekyll Feed: Generating feed for posts
DEPRECATION WARNING [import]: Sass @import rules are deprecated and will be removed in Dart Sass 3.0.0.

More info and automated migrator: https://sass-lang.com/d/import

   ╷
27 │ @import "-sections-dir";
   │         ^^^^^^^^^^^^^^^
   ╵
    /Users/michellestar/Documents/GitHub/hello-michelle-star.github.io/assets/css/main.scss 27:9  root stylesheet
DEPRECATION WARNING [import]: Sass @import rules are deprecated and will be removed in Dart Sass 3.0.0.

More info and automated migrator: https://sass-lang.com/d/import

   ╷
28 │ @import 'about';
   │         ^^^^^^^
   ╵
    /Users/michellestar/Documents/GitHub/hello-michelle-star.github.io/assets/css/main.scss 28:9  root stylesheet
DEPRECATION WARNING [import]: Sass @import rules are deprecated and will be removed in Dart Sass 3.0.0.

More info and automated migrator: https://sass-lang.com/d/import

  ╷
2 │ @import "base",
  │         ^^^^^^
  ╵
    _-sections-dir.scss 2:9                                                                       @import
    /Users/michellestar/Documents/GitHub/hello-michelle-star.github.io/assets/css/main.scss 27:9  root stylesheet
DEPRECATION WARNING [import]: Sass @import rules are deprecated and will be removed in Dart Sass 3.0.0.

More info and automated migrator: https://sass-lang.com/d/import

  ╷
3 │         "code",
  │         ^^^^^^
  ╵
    _-sections-dir.scss 3:9                                                                       @import
    /Users/michellestar/Documents/GitHub/hello-michelle-star.github.io/assets/css/main.scss 27:9  root stylesheet
DEPRECATION WARNING [import]: Sass @import rules are deprecated and will be removed in Dart Sass 3.0.0.

More info and automated migrator: https://sass-lang.com/d/import

  ╷
4 │         "default",
  │         ^^^^^^^^^
  ╵
    _-sections-dir.scss 4:9                                                                       @import
    /Users/michellestar/Documents/GitHub/hello-michelle-star.github.io/assets/css/main.scss 27:9  root stylesheet
WARNING: 7 repetitive deprecation warnings omitted.
Run in verbose mode to see all warnings.
                    ...done in 0.06404 seconds.
                    
[2026-04-27 23:49:06] ERROR Errno::ECONNRESET: Connection reset by peer @ io_fillbuf - fd:18 
	/Users/michellestar/Documents/GitHub/hello-michelle-star.github.io/vendor/bundle/ruby/3.4.0/gems/webrick-1.9.1/lib/webrick/httpserver.rb:82:in 'IO#eof?'
	/Users/michellestar/Documents/GitHub/hello-michelle-star.github.io/vendor/bundle/ruby/3.4.0/gems/webrick-1.9.1/lib/webrick/httpserver.rb:82:in 'WEBrick::HTTPServer#run'
	/Users/michellestar/Documents/GitHub/hello-michelle-star.github.io/vendor/bundle/ruby/3.4.0/gems/webrick-1.9.1/lib/webrick/server.rb:310:in 'block in WEBrick::GenericServer#start_thread'
      Regenerating: 1 file(s) changed at 2026-04-27 23:49:11
                    jekyll.log
       Jekyll Feed: Generating feed for posts
DEPRECATION WARNING [import]: Sass @import rules are deprecated and will be removed in Dart Sass 3.0.0.

More info and automated migrator: https://sass-lang.com/d/import

   ╷
27 │ @import "-sections-dir";
   │         ^^^^^^^^^^^^^^^
   ╵
    /Users/michellestar/Documents/GitHub/hello-michelle-star.github.io/assets/css/main.scss 27:9  root stylesheet
DEPRECATION WARNING [import]: Sass @import rules are deprecated and will be removed in Dart Sass 3.0.0.

More info and automated migrator: https://sass-lang.com/d/import

   ╷
28 │ @import 'about';
   │         ^^^^^^^
   ╵
    /Users/michellestar/Documents/GitHub/hello-michelle-star.github.io/assets/css/main.scss 28:9  root stylesheet
DEPRECATION WARNING [import]: Sass @import rules are deprecated and will be removed in Dart Sass 3.0.0.

More info and automated migrator: https://sass-lang.com/d/import

  ╷
2 │ @import "base",
  │         ^^^^^^
  ╵
    _-sections-dir.scss 2:9                                                                       @import
    /Users/michellestar/Documents/GitHub/hello-michelle-star.github.io/assets/css/main.scss 27:9  root stylesheet
DEPRECATION WARNING [import]: Sass @import rules are deprecated and will be removed in Dart Sass 3.0.0.

More info and automated migrator: https://sass-lang.com/d/import

  ╷
3 │         "code",
  │         ^^^^^^
  ╵
    _-sections-dir.scss 3:9                                                                       @import
    /Users/michellestar/Documents/GitHub/hello-michelle-star.github.io/assets/css/main.scss 27:9  root stylesheet
DEPRECATION WARNING [import]: Sass @import rules are deprecated and will be removed in Dart Sass 3.0.0.

More info and automated migrator: https://sass-lang.com/d/import

  ╷
4 │         "default",
  │         ^^^^^^^^^
  ╵
    _-sections-dir.scss 4:9                                                                       @import
    /Users/michellestar/Documents/GitHub/hello-michelle-star.github.io/assets/css/main.scss 27:9  root stylesheet
WARNING: 7 repetitive deprecation warnings omitted.
Run in verbose mode to see all warnings.
                    ...done in 0.041027 seconds.
                    
[2026-04-27 23:49:12] ERROR Errno::ECONNRESET: Connection reset by peer @ io_fillbuf - fd:22 
	/Users/michellestar/Documents/GitHub/hello-michelle-star.github.io/vendor/bundle/ruby/3.4.0/gems/webrick-1.9.1/lib/webrick/httpserver.rb:82:in 'IO#eof?'
	/Users/michellestar/Documents/GitHub/hello-michelle-star.github.io/vendor/bundle/ruby/3.4.0/gems/webrick-1.9.1/lib/webrick/httpserver.rb:82:in 'WEBrick::HTTPServer#run'
	/Users/michellestar/Documents/GitHub/hello-michelle-star.github.io/vendor/bundle/ruby/3.4.0/gems/webrick-1.9.1/lib/webrick/server.rb:310:in 'block in WEBrick::GenericServer#start_thread'
      Regenerating: 1 file(s) changed at 2026-04-27 23:49:18
                    jekyll.log
       Jekyll Feed: Generating feed for posts
DEPRECATION WARNING [import]: Sass @import rules are deprecated and will be removed in Dart Sass 3.0.0.

More info and automated migrator: https://sass-lang.com/d/import

   ╷
27 │ @import "-sections-dir";
   │         ^^^^^^^^^^^^^^^
   ╵
    /Users/michellestar/Documents/GitHub/hello-michelle-star.github.io/assets/css/main.scss 27:9  root stylesheet
DEPRECATION WARNING [import]: Sass @import rules are deprecated and will be removed in Dart Sass 3.0.0.

More info and automated migrator: https://sass-lang.com/d/import

   ╷
28 │ @import 'about';
   │         ^^^^^^^
   ╵
    /Users/michellestar/Documents/GitHub/hello-michelle-star.github.io/assets/css/main.scss 28:9  root stylesheet
DEPRECATION WARNING [import]: Sass @import rules are deprecated and will be removed in Dart Sass 3.0.0.

More info and automated migrator: https://sass-lang.com/d/import

  ╷
2 │ @import "base",
  │         ^^^^^^
  ╵
    _-sections-dir.scss 2:9                                                                       @import
    /Users/michellestar/Documents/GitHub/hello-michelle-star.github.io/assets/css/main.scss 27:9  root stylesheet
DEPRECATION WARNING [import]: Sass @import rules are deprecated and will be removed in Dart Sass 3.0.0.

More info and automated migrator: https://sass-lang.com/d/import

  ╷
3 │         "code",
  │         ^^^^^^
  ╵
    _-sections-dir.scss 3:9                                                                       @import
    /Users/michellestar/Documents/GitHub/hello-michelle-star.github.io/assets/css/main.scss 27:9  root stylesheet
DEPRECATION WARNING [import]: Sass @import rules are deprecated and will be removed in Dart Sass 3.0.0.

More info and automated migrator: https://sass-lang.com/d/import

  ╷
4 │         "default",
  │         ^^^^^^^^^
  ╵
    _-sections-dir.scss 4:9                                                                       @import
    /Users/michellestar/Documents/GitHub/hello-michelle-star.github.io/assets/css/main.scss 27:9  root stylesheet
WARNING: 7 repetitive deprecation warnings omitted.
Run in verbose mode to see all warnings.
                    ...done in 0.048524 seconds.
                    
      Regenerating: 1 file(s) changed at 2026-04-27 23:49:24
                    jekyll.log
       Jekyll Feed: Generating feed for posts
DEPRECATION WARNING [import]: Sass @import rules are deprecated and will be removed in Dart Sass 3.0.0.

More info and automated migrator: https://sass-lang.com/d/import

   ╷
27 │ @import "-sections-dir";
   │         ^^^^^^^^^^^^^^^
   ╵
    /Users/michellestar/Documents/GitHub/hello-michelle-star.github.io/assets/css/main.scss 27:9  root stylesheet
DEPRECATION WARNING [import]: Sass @import rules are deprecated and will be removed in Dart Sass 3.0.0.

More info and automated migrator: https://sass-lang.com/d/import

   ╷
28 │ @import 'about';
   │         ^^^^^^^
   ╵
    /Users/michellestar/Documents/GitHub/hello-michelle-star.github.io/assets/css/main.scss 28:9  root stylesheet
DEPRECATION WARNING [import]: Sass @import rules are deprecated and will be removed in Dart Sass 3.0.0.

More info and automated migrator: https://sass-lang.com/d/import

  ╷
2 │ @import "base",
  │         ^^^^^^
  ╵
    _-sections-dir.scss 2:9                                                                       @import
    /Users/michellestar/Documents/GitHub/hello-michelle-star.github.io/assets/css/main.scss 27:9  root stylesheet
DEPRECATION WARNING [import]: Sass @import rules are deprecated and will be removed in Dart Sass 3.0.0.

More info and automated migrator: https://sass-lang.com/d/import

  ╷
3 │         "code",
  │         ^^^^^^
  ╵
    _-sections-dir.scss 3:9                                                                       @import
    /Users/michellestar/Documents/GitHub/hello-michelle-star.github.io/assets/css/main.scss 27:9  root stylesheet
DEPRECATION WARNING [import]: Sass @import rules are deprecated and will be removed in Dart Sass 3.0.0.

More info and automated migrator: https://sass-lang.com/d/import

  ╷
4 │         "default",
  │         ^^^^^^^^^
  ╵
    _-sections-dir.scss 4:9                                                                       @import
    /Users/michellestar/Documents/GitHub/hello-michelle-star.github.io/assets/css/main.scss 27:9  root stylesheet
WARNING: 7 repetitive deprecation warnings omitted.
Run in verbose mode to see all warnings.
                    ...done in 0.049415 seconds.
                    
[2026-04-27 23:49:24] ERROR Errno::ECONNRESET: Connection reset by peer @ io_fillbuf - fd:22 
	/Users/michellestar/Documents/GitHub/hello-michelle-star.github.io/vendor/bundle/ruby/3.4.0/gems/webrick-1.9.1/lib/webrick/httpserver.rb:82:in 'IO#eof?'
	/Users/michellestar/Documents/GitHub/hello-michelle-star.github.io/vendor/bundle/ruby/3.4.0/gems/webrick-1.9.1/lib/webrick/httpserver.rb:82:in 'WEBrick::HTTPServer#run'
	/Users/michellestar/Documents/GitHub/hello-michelle-star.github.io/vendor/bundle/ruby/3.4.0/gems/webrick-1.9.1/lib/webrick/server.rb:310:in 'block in WEBrick::GenericServer#start_thread'
      Regenerating: 1 file(s) changed at 2026-04-27 23:49:30
                    jekyll.log
       Jekyll Feed: Generating feed for posts
DEPRECATION WARNING [import]: Sass @import rules are deprecated and will be removed in Dart Sass 3.0.0.

More info and automated migrator: https://sass-lang.com/d/import

   ╷
27 │ @import "-sections-dir";
   │         ^^^^^^^^^^^^^^^
   ╵
    /Users/michellestar/Documents/GitHub/hello-michelle-star.github.io/assets/css/main.scss 27:9  root stylesheet
DEPRECATION WARNING [import]: Sass @import rules are deprecated and will be removed in Dart Sass 3.0.0.

More info and automated migrator: https://sass-lang.com/d/import

   ╷
28 │ @import 'about';
   │         ^^^^^^^
   ╵
    /Users/michellestar/Documents/GitHub/hello-michelle-star.github.io/assets/css/main.scss 28:9  root stylesheet
DEPRECATION WARNING [import]: Sass @import rules are deprecated and will be removed in Dart Sass 3.0.0.

More info and automated migrator: https://sass-lang.com/d/import

  ╷
2 │ @import "base",
  │         ^^^^^^
  ╵
    _-sections-dir.scss 2:9                                                                       @import
    /Users/michellestar/Documents/GitHub/hello-michelle-star.github.io/assets/css/main.scss 27:9  root stylesheet
DEPRECATION WARNING [import]: Sass @import rules are deprecated and will be removed in Dart Sass 3.0.0.

More info and automated migrator: https://sass-lang.com/d/import

  ╷
3 │         "code",
  │         ^^^^^^
  ╵
    _-sections-dir.scss 3:9                                                                       @import
    /Users/michellestar/Documents/GitHub/hello-michelle-star.github.io/assets/css/main.scss 27:9  root stylesheet
DEPRECATION WARNING [import]: Sass @import rules are deprecated and will be removed in Dart Sass 3.0.0.

More info and automated migrator: https://sass-lang.com/d/import

  ╷
4 │         "default",
  │         ^^^^^^^^^
  ╵
    _-sections-dir.scss 4:9                                                                       @import
    /Users/michellestar/Documents/GitHub/hello-michelle-star.github.io/assets/css/main.scss 27:9  root stylesheet
WARNING: 7 repetitive deprecation warnings omitted.
Run in verbose mode to see all warnings.
                    ...done in 0.045866 seconds.
                    
      Regenerating: 1 file(s) changed at 2026-04-27 23:49:36
                    jekyll.log
       Jekyll Feed: Generating feed for posts
DEPRECATION WARNING [import]: Sass @import rules are deprecated and will be removed in Dart Sass 3.0.0.

More info and automated migrator: https://sass-lang.com/d/import

   ╷
27 │ @import "-sections-dir";
   │         ^^^^^^^^^^^^^^^
   ╵
    /Users/michellestar/Documents/GitHub/hello-michelle-star.github.io/assets/css/main.scss 27:9  root stylesheet
DEPRECATION WARNING [import]: Sass @import rules are deprecated and will be removed in Dart Sass 3.0.0.

More info and automated migrator: https://sass-lang.com/d/import

   ╷
28 │ @import 'about';
   │         ^^^^^^^
   ╵
    /Users/michellestar/Documents/GitHub/hello-michelle-star.github.io/assets/css/main.scss 28:9  root stylesheet
DEPRECATION WARNING [import]: Sass @import rules are deprecated and will be removed in Dart Sass 3.0.0.

More info and automated migrator: https://sass-lang.com/d/import

  ╷
2 │ @import "base",
  │         ^^^^^^
  ╵
    _-sections-dir.scss 2:9                                                                       @import
    /Users/michellestar/Documents/GitHub/hello-michelle-star.github.io/assets/css/main.scss 27:9  root stylesheet
DEPRECATION WARNING [import]: Sass @import rules are deprecated and will be removed in Dart Sass 3.0.0.

More info and automated migrator: https://sass-lang.com/d/import

  ╷
3 │         "code",
  │         ^^^^^^
  ╵
    _-sections-dir.scss 3:9                                                                       @import
    /Users/michellestar/Documents/GitHub/hello-michelle-star.github.io/assets/css/main.scss 27:9  root stylesheet
DEPRECATION WARNING [import]: Sass @import rules are deprecated and will be removed in Dart Sass 3.0.0.

More info and automated migrator: https://sass-lang.com/d/import

  ╷
4 │         "default",
  │         ^^^^^^^^^
  ╵
    _-sections-dir.scss 4:9                                                                       @import
    /Users/michellestar/Documents/GitHub/hello-michelle-star.github.io/assets/css/main.scss 27:9  root stylesheet
WARNING: 7 repetitive deprecation warnings omitted.
Run in verbose mode to see all warnings.
                    ...done in 0.048389 seconds.
                    
[2026-04-27 23:49:36] ERROR Errno::ECONNRESET: Connection reset by peer @ io_fillbuf - fd:26 
	/Users/michellestar/Documents/GitHub/hello-michelle-star.github.io/vendor/bundle/ruby/3.4.0/gems/webrick-1.9.1/lib/webrick/httpserver.rb:82:in 'IO#eof?'
	/Users/michellestar/Documents/GitHub/hello-michelle-star.github.io/vendor/bundle/ruby/3.4.0/gems/webrick-1.9.1/lib/webrick/httpserver.rb:82:in 'WEBrick::HTTPServer#run'
	/Users/michellestar/Documents/GitHub/hello-michelle-star.github.io/vendor/bundle/ruby/3.4.0/gems/webrick-1.9.1/lib/webrick/server.rb:310:in 'block in WEBrick::GenericServer#start_thread'
      Regenerating: 1 file(s) changed at 2026-04-27 23:49:41
                    jekyll.log
       Jekyll Feed: Generating feed for posts
DEPRECATION WARNING [import]: Sass @import rules are deprecated and will be removed in Dart Sass 3.0.0.

More info and automated migrator: https://sass-lang.com/d/import

   ╷
27 │ @import "-sections-dir";
   │         ^^^^^^^^^^^^^^^
   ╵
    /Users/michellestar/Documents/GitHub/hello-michelle-star.github.io/assets/css/main.scss 27:9  root stylesheet
DEPRECATION WARNING [import]: Sass @import rules are deprecated and will be removed in Dart Sass 3.0.0.

More info and automated migrator: https://sass-lang.com/d/import

   ╷
28 │ @import 'about';
   │         ^^^^^^^
   ╵
    /Users/michellestar/Documents/GitHub/hello-michelle-star.github.io/assets/css/main.scss 28:9  root stylesheet
DEPRECATION WARNING [import]: Sass @import rules are deprecated and will be removed in Dart Sass 3.0.0.

More info and automated migrator: https://sass-lang.com/d/import

  ╷
2 │ @import "base",
  │         ^^^^^^
  ╵
    _-sections-dir.scss 2:9                                                                       @import
    /Users/michellestar/Documents/GitHub/hello-michelle-star.github.io/assets/css/main.scss 27:9  root stylesheet
DEPRECATION WARNING [import]: Sass @import rules are deprecated and will be removed in Dart Sass 3.0.0.

More info and automated migrator: https://sass-lang.com/d/import

  ╷
3 │         "code",
  │         ^^^^^^
  ╵
    _-sections-dir.scss 3:9                                                                       @import
    /Users/michellestar/Documents/GitHub/hello-michelle-star.github.io/assets/css/main.scss 27:9  root stylesheet
DEPRECATION WARNING [import]: Sass @import rules are deprecated and will be removed in Dart Sass 3.0.0.

More info and automated migrator: https://sass-lang.com/d/import

  ╷
4 │         "default",
  │         ^^^^^^^^^
  ╵
    _-sections-dir.scss 4:9                                                                       @import
    /Users/michellestar/Documents/GitHub/hello-michelle-star.github.io/assets/css/main.scss 27:9  root stylesheet
WARNING: 7 repetitive deprecation warnings omitted.
Run in verbose mode to see all warnings.
                    ...done in 0.041572 seconds.
                    
      Regenerating: 1 file(s) changed at 2026-04-27 23:49:46
                    jekyll.log
       Jekyll Feed: Generating feed for posts
DEPRECATION WARNING [import]: Sass @import rules are deprecated and will be removed in Dart Sass 3.0.0.

More info and automated migrator: https://sass-lang.com/d/import

   ╷
27 │ @import "-sections-dir";
   │         ^^^^^^^^^^^^^^^
   ╵
    /Users/michellestar/Documents/GitHub/hello-michelle-star.github.io/assets/css/main.scss 27:9  root stylesheet
DEPRECATION WARNING [import]: Sass @import rules are deprecated and will be removed in Dart Sass 3.0.0.

More info and automated migrator: https://sass-lang.com/d/import

   ╷
28 │ @import 'about';
   │         ^^^^^^^
   ╵
    /Users/michellestar/Documents/GitHub/hello-michelle-star.github.io/assets/css/main.scss 28:9  root stylesheet
DEPRECATION WARNING [import]: Sass @import rules are deprecated and will be removed in Dart Sass 3.0.0.

More info and automated migrator: https://sass-lang.com/d/import

  ╷
2 │ @import "base",
  │         ^^^^^^
  ╵
    _-sections-dir.scss 2:9                                                                       @import
    /Users/michellestar/Documents/GitHub/hello-michelle-star.github.io/assets/css/main.scss 27:9  root stylesheet
DEPRECATION WARNING [import]: Sass @import rules are deprecated and will be removed in Dart Sass 3.0.0.

More info and automated migrator: https://sass-lang.com/d/import

  ╷
3 │         "code",
  │         ^^^^^^
  ╵
    _-sections-dir.scss 3:9                                                                       @import
    /Users/michellestar/Documents/GitHub/hello-michelle-star.github.io/assets/css/main.scss 27:9  root stylesheet
DEPRECATION WARNING [import]: Sass @import rules are deprecated and will be removed in Dart Sass 3.0.0.

More info and automated migrator: https://sass-lang.com/d/import

  ╷
4 │         "default",
  │         ^^^^^^^^^
  ╵
    _-sections-dir.scss 4:9                                                                       @import
    /Users/michellestar/Documents/GitHub/hello-michelle-star.github.io/assets/css/main.scss 27:9  root stylesheet
WARNING: 7 repetitive deprecation warnings omitted.
Run in verbose mode to see all warnings.
                    ...done in 0.058472 seconds.
                    
      Regenerating: 1 file(s) changed at 2026-04-27 23:49:50
                    jekyll.log
       Jekyll Feed: Generating feed for posts
DEPRECATION WARNING [import]: Sass @import rules are deprecated and will be removed in Dart Sass 3.0.0.

More info and automated migrator: https://sass-lang.com/d/import

   ╷
27 │ @import "-sections-dir";
   │         ^^^^^^^^^^^^^^^
   ╵
    /Users/michellestar/Documents/GitHub/hello-michelle-star.github.io/assets/css/main.scss 27:9  root stylesheet
DEPRECATION WARNING [import]: Sass @import rules are deprecated and will be removed in Dart Sass 3.0.0.

More info and automated migrator: https://sass-lang.com/d/import

   ╷
28 │ @import 'about';
   │         ^^^^^^^
   ╵
    /Users/michellestar/Documents/GitHub/hello-michelle-star.github.io/assets/css/main.scss 28:9  root stylesheet
DEPRECATION WARNING [import]: Sass @import rules are deprecated and will be removed in Dart Sass 3.0.0.

More info and automated migrator: https://sass-lang.com/d/import

  ╷
2 │ @import "base",
  │         ^^^^^^
  ╵
    _-sections-dir.scss 2:9                                                                       @import
    /Users/michellestar/Documents/GitHub/hello-michelle-star.github.io/assets/css/main.scss 27:9  root stylesheet
DEPRECATION WARNING [import]: Sass @import rules are deprecated and will be removed in Dart Sass 3.0.0.

More info and automated migrator: https://sass-lang.com/d/import

  ╷
3 │         "code",
  │         ^^^^^^
  ╵
    _-sections-dir.scss 3:9                                                                       @import
    /Users/michellestar/Documents/GitHub/hello-michelle-star.github.io/assets/css/main.scss 27:9  root stylesheet
DEPRECATION WARNING [import]: Sass @import rules are deprecated and will be removed in Dart Sass 3.0.0.

More info and automated migrator: https://sass-lang.com/d/import

  ╷
4 │         "default",
  │         ^^^^^^^^^
  ╵
    _-sections-dir.scss 4:9                                                                       @import
    /Users/michellestar/Documents/GitHub/hello-michelle-star.github.io/assets/css/main.scss 27:9  root stylesheet
WARNING: 7 repetitive deprecation warnings omitted.
Run in verbose mode to see all warnings.
                    ...done in 0.058111 seconds.
                    
[2026-04-27 23:49:51] ERROR Errno::ECONNRESET: Connection reset by peer @ io_fillbuf - fd:25 
	/Users/michellestar/Documents/GitHub/hello-michelle-star.github.io/vendor/bundle/ruby/3.4.0/gems/webrick-1.9.1/lib/webrick/httpserver.rb:82:in 'IO#eof?'
	/Users/michellestar/Documents/GitHub/hello-michelle-star.github.io/vendor/bundle/ruby/3.4.0/gems/webrick-1.9.1/lib/webrick/httpserver.rb:82:in 'WEBrick::HTTPServer#run'
	/Users/michellestar/Documents/GitHub/hello-michelle-star.github.io/vendor/bundle/ruby/3.4.0/gems/webrick-1.9.1/lib/webrick/server.rb:310:in 'block in WEBrick::GenericServer#start_thread'
      Regenerating: 1 file(s) changed at 2026-04-27 23:49:56
                    jekyll.log
       Jekyll Feed: Generating feed for posts
DEPRECATION WARNING [import]: Sass @import rules are deprecated and will be removed in Dart Sass 3.0.0.

More info and automated migrator: https://sass-lang.com/d/import

   ╷
27 │ @import "-sections-dir";
   │         ^^^^^^^^^^^^^^^
   ╵
    /Users/michellestar/Documents/GitHub/hello-michelle-star.github.io/assets/css/main.scss 27:9  root stylesheet
DEPRECATION WARNING [import]: Sass @import rules are deprecated and will be removed in Dart Sass 3.0.0.

More info and automated migrator: https://sass-lang.com/d/import

   ╷
28 │ @import 'about';
   │         ^^^^^^^
   ╵
    /Users/michellestar/Documents/GitHub/hello-michelle-star.github.io/assets/css/main.scss 28:9  root stylesheet
DEPRECATION WARNING [import]: Sass @import rules are deprecated and will be removed in Dart Sass 3.0.0.

More info and automated migrator: https://sass-lang.com/d/import

  ╷
2 │ @import "base",
  │         ^^^^^^
  ╵
    _-sections-dir.scss 2:9                                                                       @import
    /Users/michellestar/Documents/GitHub/hello-michelle-star.github.io/assets/css/main.scss 27:9  root stylesheet
DEPRECATION WARNING [import]: Sass @import rules are deprecated and will be removed in Dart Sass 3.0.0.

More info and automated migrator: https://sass-lang.com/d/import

  ╷
3 │         "code",
  │         ^^^^^^
  ╵
    _-sections-dir.scss 3:9                                                                       @import
    /Users/michellestar/Documents/GitHub/hello-michelle-star.github.io/assets/css/main.scss 27:9  root stylesheet
DEPRECATION WARNING [import]: Sass @import rules are deprecated and will be removed in Dart Sass 3.0.0.

More info and automated migrator: https://sass-lang.com/d/import

  ╷
4 │         "default",
  │         ^^^^^^^^^
  ╵
    _-sections-dir.scss 4:9                                                                       @import
    /Users/michellestar/Documents/GitHub/hello-michelle-star.github.io/assets/css/main.scss 27:9  root stylesheet
WARNING: 7 repetitive deprecation warnings omitted.
Run in verbose mode to see all warnings.
                    ...done in 0.0565 seconds.
                    
[2026-04-27 23:49:56] ERROR Errno::ECONNRESET: Connection reset by peer @ io_fillbuf - fd:22 
	/Users/michellestar/Documents/GitHub/hello-michelle-star.github.io/vendor/bundle/ruby/3.4.0/gems/webrick-1.9.1/lib/webrick/httpserver.rb:82:in 'IO#eof?'
	/Users/michellestar/Documents/GitHub/hello-michelle-star.github.io/vendor/bundle/ruby/3.4.0/gems/webrick-1.9.1/lib/webrick/httpserver.rb:82:in 'WEBrick::HTTPServer#run'
	/Users/michellestar/Documents/GitHub/hello-michelle-star.github.io/vendor/bundle/ruby/3.4.0/gems/webrick-1.9.1/lib/webrick/server.rb:310:in 'block in WEBrick::GenericServer#start_thread'
      Regenerating: 1 file(s) changed at 2026-04-27 23:50:01
                    jekyll.log
       Jekyll Feed: Generating feed for posts
DEPRECATION WARNING [import]: Sass @import rules are deprecated and will be removed in Dart Sass 3.0.0.

More info and automated migrator: https://sass-lang.com/d/import

   ╷
27 │ @import "-sections-dir";
   │         ^^^^^^^^^^^^^^^
   ╵
    /Users/michellestar/Documents/GitHub/hello-michelle-star.github.io/assets/css/main.scss 27:9  root stylesheet
DEPRECATION WARNING [import]: Sass @import rules are deprecated and will be removed in Dart Sass 3.0.0.

More info and automated migrator: https://sass-lang.com/d/import

   ╷
28 │ @import 'about';
   │         ^^^^^^^
   ╵
    /Users/michellestar/Documents/GitHub/hello-michelle-star.github.io/assets/css/main.scss 28:9  root stylesheet
DEPRECATION WARNING [import]: Sass @import rules are deprecated and will be removed in Dart Sass 3.0.0.

More info and automated migrator: https://sass-lang.com/d/import

  ╷
2 │ @import "base",
  │         ^^^^^^
  ╵
    _-sections-dir.scss 2:9                                                                       @import
    /Users/michellestar/Documents/GitHub/hello-michelle-star.github.io/assets/css/main.scss 27:9  root stylesheet
DEPRECATION WARNING [import]: Sass @import rules are deprecated and will be removed in Dart Sass 3.0.0.

More info and automated migrator: https://sass-lang.com/d/import

  ╷
3 │         "code",
  │         ^^^^^^
  ╵
    _-sections-dir.scss 3:9                                                                       @import
    /Users/michellestar/Documents/GitHub/hello-michelle-star.github.io/assets/css/main.scss 27:9  root stylesheet
DEPRECATION WARNING [import]: Sass @import rules are deprecated and will be removed in Dart Sass 3.0.0.

More info and automated migrator: https://sass-lang.com/d/import

  ╷
4 │         "default",
  │         ^^^^^^^^^
  ╵
    _-sections-dir.scss 4:9                                                                       @import
    /Users/michellestar/Documents/GitHub/hello-michelle-star.github.io/assets/css/main.scss 27:9  root stylesheet
WARNING: 7 repetitive deprecation warnings omitted.
Run in verbose mode to see all warnings.
                    ...done in 0.053087 seconds.
                    
[2026-04-27 23:50:01] ERROR Errno::ECONNRESET: Connection reset by peer @ io_fillbuf - fd:18 
	/Users/michellestar/Documents/GitHub/hello-michelle-star.github.io/vendor/bundle/ruby/3.4.0/gems/webrick-1.9.1/lib/webrick/httpserver.rb:82:in 'IO#eof?'
	/Users/michellestar/Documents/GitHub/hello-michelle-star.github.io/vendor/bundle/ruby/3.4.0/gems/webrick-1.9.1/lib/webrick/httpserver.rb:82:in 'WEBrick::HTTPServer#run'
	/Users/michellestar/Documents/GitHub/hello-michelle-star.github.io/vendor/bundle/ruby/3.4.0/gems/webrick-1.9.1/lib/webrick/server.rb:310:in 'block in WEBrick::GenericServer#start_thread'
      Regenerating: 1 file(s) changed at 2026-04-27 23:50:05
                    jekyll.log
       Jekyll Feed: Generating feed for posts
DEPRECATION WARNING [import]: Sass @import rules are deprecated and will be removed in Dart Sass 3.0.0.

More info and automated migrator: https://sass-lang.com/d/import

   ╷
27 │ @import "-sections-dir";
   │         ^^^^^^^^^^^^^^^
   ╵
    /Users/michellestar/Documents/GitHub/hello-michelle-star.github.io/assets/css/main.scss 27:9  root stylesheet
DEPRECATION WARNING [import]: Sass @import rules are deprecated and will be removed in Dart Sass 3.0.0.

More info and automated migrator: https://sass-lang.com/d/import

   ╷
28 │ @import 'about';
   │         ^^^^^^^
   ╵
    /Users/michellestar/Documents/GitHub/hello-michelle-star.github.io/assets/css/main.scss 28:9  root stylesheet
DEPRECATION WARNING [import]: Sass @import rules are deprecated and will be removed in Dart Sass 3.0.0.

More info and automated migrator: https://sass-lang.com/d/import

  ╷
2 │ @import "base",
  │         ^^^^^^
  ╵
    _-sections-dir.scss 2:9                                                                       @import
    /Users/michellestar/Documents/GitHub/hello-michelle-star.github.io/assets/css/main.scss 27:9  root stylesheet
DEPRECATION WARNING [import]: Sass @import rules are deprecated and will be removed in Dart Sass 3.0.0.

More info and automated migrator: https://sass-lang.com/d/import

  ╷
3 │         "code",
  │         ^^^^^^
  ╵
    _-sections-dir.scss 3:9                                                                       @import
    /Users/michellestar/Documents/GitHub/hello-michelle-star.github.io/assets/css/main.scss 27:9  root stylesheet
DEPRECATION WARNING [import]: Sass @import rules are deprecated and will be removed in Dart Sass 3.0.0.

More info and automated migrator: https://sass-lang.com/d/import

  ╷
4 │         "default",
  │         ^^^^^^^^^
  ╵
    _-sections-dir.scss 4:9                                                                       @import
    /Users/michellestar/Documents/GitHub/hello-michelle-star.github.io/assets/css/main.scss 27:9  root stylesheet
WARNING: 7 repetitive deprecation warnings omitted.
Run in verbose mode to see all warnings.
                    ...done in 0.054323 seconds.
                    
[2026-04-27 23:50:05] ERROR Errno::ECONNRESET: Connection reset by peer @ io_fillbuf - fd:26 
	/Users/michellestar/Documents/GitHub/hello-michelle-star.github.io/vendor/bundle/ruby/3.4.0/gems/webrick-1.9.1/lib/webrick/httpserver.rb:82:in 'IO#eof?'
	/Users/michellestar/Documents/GitHub/hello-michelle-star.github.io/vendor/bundle/ruby/3.4.0/gems/webrick-1.9.1/lib/webrick/httpserver.rb:82:in 'WEBrick::HTTPServer#run'
	/Users/michellestar/Documents/GitHub/hello-michelle-star.github.io/vendor/bundle/ruby/3.4.0/gems/webrick-1.9.1/lib/webrick/server.rb:310:in 'block in WEBrick::GenericServer#start_thread'
[2026-04-27 23:50:05] ERROR Errno::ECONNRESET: Connection reset by peer @ io_fillbuf - fd:21 
	/Users/michellestar/Documents/GitHub/hello-michelle-star.github.io/vendor/bundle/ruby/3.4.0/gems/webrick-1.9.1/lib/webrick/httpserver.rb:82:in 'IO#eof?'
	/Users/michellestar/Documents/GitHub/hello-michelle-star.github.io/vendor/bundle/ruby/3.4.0/gems/webrick-1.9.1/lib/webrick/httpserver.rb:82:in 'WEBrick::HTTPServer#run'
	/Users/michellestar/Documents/GitHub/hello-michelle-star.github.io/vendor/bundle/ruby/3.4.0/gems/webrick-1.9.1/lib/webrick/server.rb:310:in 'block in WEBrick::GenericServer#start_thread'
      Regenerating: 1 file(s) changed at 2026-04-27 23:50:08
                    jekyll.log
       Jekyll Feed: Generating feed for posts
DEPRECATION WARNING [import]: Sass @import rules are deprecated and will be removed in Dart Sass 3.0.0.

More info and automated migrator: https://sass-lang.com/d/import

   ╷
27 │ @import "-sections-dir";
   │         ^^^^^^^^^^^^^^^
   ╵
    /Users/michellestar/Documents/GitHub/hello-michelle-star.github.io/assets/css/main.scss 27:9  root stylesheet
DEPRECATION WARNING [import]: Sass @import rules are deprecated and will be removed in Dart Sass 3.0.0.

More info and automated migrator: https://sass-lang.com/d/import

   ╷
28 │ @import 'about';
   │         ^^^^^^^
   ╵
    /Users/michellestar/Documents/GitHub/hello-michelle-star.github.io/assets/css/main.scss 28:9  root stylesheet
DEPRECATION WARNING [import]: Sass @import rules are deprecated and will be removed in Dart Sass 3.0.0.

More info and automated migrator: https://sass-lang.com/d/import

  ╷
2 │ @import "base",
  │         ^^^^^^
  ╵
    _-sections-dir.scss 2:9                                                                       @import
    /Users/michellestar/Documents/GitHub/hello-michelle-star.github.io/assets/css/main.scss 27:9  root stylesheet
DEPRECATION WARNING [import]: Sass @import rules are deprecated and will be removed in Dart Sass 3.0.0.

More info and automated migrator: https://sass-lang.com/d/import

  ╷
3 │         "code",
  │         ^^^^^^
  ╵
    _-sections-dir.scss 3:9                                                                       @import
    /Users/michellestar/Documents/GitHub/hello-michelle-star.github.io/assets/css/main.scss 27:9  root stylesheet
DEPRECATION WARNING [import]: Sass @import rules are deprecated and will be removed in Dart Sass 3.0.0.

More info and automated migrator: https://sass-lang.com/d/import

  ╷
4 │         "default",
  │         ^^^^^^^^^
  ╵
    _-sections-dir.scss 4:9                                                                       @import
    /Users/michellestar/Documents/GitHub/hello-michelle-star.github.io/assets/css/main.scss 27:9  root stylesheet
WARNING: 7 repetitive deprecation warnings omitted.
Run in verbose mode to see all warnings.
                    ...done in 0.052401 seconds.
                    
      Regenerating: 1 file(s) changed at 2026-04-27 23:50:13
                    jekyll.log
       Jekyll Feed: Generating feed for posts
DEPRECATION WARNING [import]: Sass @import rules are deprecated and will be removed in Dart Sass 3.0.0.

More info and automated migrator: https://sass-lang.com/d/import

   ╷
27 │ @import "-sections-dir";
   │         ^^^^^^^^^^^^^^^
   ╵
    /Users/michellestar/Documents/GitHub/hello-michelle-star.github.io/assets/css/main.scss 27:9  root stylesheet
DEPRECATION WARNING [import]: Sass @import rules are deprecated and will be removed in Dart Sass 3.0.0.

More info and automated migrator: https://sass-lang.com/d/import

   ╷
28 │ @import 'about';
   │         ^^^^^^^
   ╵
    /Users/michellestar/Documents/GitHub/hello-michelle-star.github.io/assets/css/main.scss 28:9  root stylesheet
DEPRECATION WARNING [import]: Sass @import rules are deprecated and will be removed in Dart Sass 3.0.0.

More info and automated migrator: https://sass-lang.com/d/import

  ╷
2 │ @import "base",
  │         ^^^^^^
  ╵
    _-sections-dir.scss 2:9                                                                       @import
    /Users/michellestar/Documents/GitHub/hello-michelle-star.github.io/assets/css/main.scss 27:9  root stylesheet
DEPRECATION WARNING [import]: Sass @import rules are deprecated and will be removed in Dart Sass 3.0.0.

More info and automated migrator: https://sass-lang.com/d/import

  ╷
3 │         "code",
  │         ^^^^^^
  ╵
    _-sections-dir.scss 3:9                                                                       @import
    /Users/michellestar/Documents/GitHub/hello-michelle-star.github.io/assets/css/main.scss 27:9  root stylesheet
DEPRECATION WARNING [import]: Sass @import rules are deprecated and will be removed in Dart Sass 3.0.0.

More info and automated migrator: https://sass-lang.com/d/import

  ╷
4 │         "default",
  │         ^^^^^^^^^
  ╵
    _-sections-dir.scss 4:9                                                                       @import
    /Users/michellestar/Documents/GitHub/hello-michelle-star.github.io/assets/css/main.scss 27:9  root stylesheet
WARNING: 7 repetitive deprecation warnings omitted.
Run in verbose mode to see all warnings.
                    ...done in 0.05336 seconds.
                    
      Regenerating: 1 file(s) changed at 2026-04-27 23:50:18
                    jekyll.log
       Jekyll Feed: Generating feed for posts
DEPRECATION WARNING [import]: Sass @import rules are deprecated and will be removed in Dart Sass 3.0.0.

More info and automated migrator: https://sass-lang.com/d/import

   ╷
27 │ @import "-sections-dir";
   │         ^^^^^^^^^^^^^^^
   ╵
    /Users/michellestar/Documents/GitHub/hello-michelle-star.github.io/assets/css/main.scss 27:9  root stylesheet
DEPRECATION WARNING [import]: Sass @import rules are deprecated and will be removed in Dart Sass 3.0.0.

More info and automated migrator: https://sass-lang.com/d/import

   ╷
28 │ @import 'about';
   │         ^^^^^^^
   ╵
    /Users/michellestar/Documents/GitHub/hello-michelle-star.github.io/assets/css/main.scss 28:9  root stylesheet
DEPRECATION WARNING [import]: Sass @import rules are deprecated and will be removed in Dart Sass 3.0.0.

More info and automated migrator: https://sass-lang.com/d/import

  ╷
2 │ @import "base",
  │         ^^^^^^
  ╵
    _-sections-dir.scss 2:9                                                                       @import
    /Users/michellestar/Documents/GitHub/hello-michelle-star.github.io/assets/css/main.scss 27:9  root stylesheet
DEPRECATION WARNING [import]: Sass @import rules are deprecated and will be removed in Dart Sass 3.0.0.

More info and automated migrator: https://sass-lang.com/d/import

  ╷
3 │         "code",
  │         ^^^^^^
  ╵
    _-sections-dir.scss 3:9                                                                       @import
    /Users/michellestar/Documents/GitHub/hello-michelle-star.github.io/assets/css/main.scss 27:9  root stylesheet
DEPRECATION WARNING [import]: Sass @import rules are deprecated and will be removed in Dart Sass 3.0.0.

More info and automated migrator: https://sass-lang.com/d/import

  ╷
4 │         "default",
  │         ^^^^^^^^^
  ╵
    _-sections-dir.scss 4:9                                                                       @import
    /Users/michellestar/Documents/GitHub/hello-michelle-star.github.io/assets/css/main.scss 27:9  root stylesheet
WARNING: 7 repetitive deprecation warnings omitted.
Run in verbose mode to see all warnings.
                    ...done in 0.050418 seconds.
                    
[2026-04-27 23:50:18] ERROR Errno::ECONNRESET: Connection reset by peer @ io_fillbuf - fd:24 
	/Users/michellestar/Documents/GitHub/hello-michelle-star.github.io/vendor/bundle/ruby/3.4.0/gems/webrick-1.9.1/lib/webrick/httpserver.rb:82:in 'IO#eof?'
	/Users/michellestar/Documents/GitHub/hello-michelle-star.github.io/vendor/bundle/ruby/3.4.0/gems/webrick-1.9.1/lib/webrick/httpserver.rb:82:in 'WEBrick::HTTPServer#run'
	/Users/michellestar/Documents/GitHub/hello-michelle-star.github.io/vendor/bundle/ruby/3.4.0/gems/webrick-1.9.1/lib/webrick/server.rb:310:in 'block in WEBrick::GenericServer#start_thread'
[2026-04-27 23:50:18] ERROR Errno::ECONNRESET: Connection reset by peer @ io_fillbuf - fd:22 
	/Users/michellestar/Documents/GitHub/hello-michelle-star.github.io/vendor/bundle/ruby/3.4.0/gems/webrick-1.9.1/lib/webrick/httpserver.rb:82:in 'IO#eof?'
	/Users/michellestar/Documents/GitHub/hello-michelle-star.github.io/vendor/bundle/ruby/3.4.0/gems/webrick-1.9.1/lib/webrick/httpserver.rb:82:in 'WEBrick::HTTPServer#run'
	/Users/michellestar/Documents/GitHub/hello-michelle-star.github.io/vendor/bundle/ruby/3.4.0/gems/webrick-1.9.1/lib/webrick/server.rb:310:in 'block in WEBrick::GenericServer#start_thread'
      Regenerating: 1 file(s) changed at 2026-04-27 23:50:24
                    jekyll.log
       Jekyll Feed: Generating feed for posts
DEPRECATION WARNING [import]: Sass @import rules are deprecated and will be removed in Dart Sass 3.0.0.

More info and automated migrator: https://sass-lang.com/d/import

   ╷
27 │ @import "-sections-dir";
   │         ^^^^^^^^^^^^^^^
   ╵
    /Users/michellestar/Documents/GitHub/hello-michelle-star.github.io/assets/css/main.scss 27:9  root stylesheet
DEPRECATION WARNING [import]: Sass @import rules are deprecated and will be removed in Dart Sass 3.0.0.

More info and automated migrator: https://sass-lang.com/d/import

   ╷
28 │ @import 'about';
   │         ^^^^^^^
   ╵
    /Users/michellestar/Documents/GitHub/hello-michelle-star.github.io/assets/css/main.scss 28:9  root stylesheet
DEPRECATION WARNING [import]: Sass @import rules are deprecated and will be removed in Dart Sass 3.0.0.

More info and automated migrator: https://sass-lang.com/d/import

  ╷
2 │ @import "base",
  │         ^^^^^^
  ╵
    _-sections-dir.scss 2:9                                                                       @import
    /Users/michellestar/Documents/GitHub/hello-michelle-star.github.io/assets/css/main.scss 27:9  root stylesheet
DEPRECATION WARNING [import]: Sass @import rules are deprecated and will be removed in Dart Sass 3.0.0.

More info and automated migrator: https://sass-lang.com/d/import

  ╷
3 │         "code",
  │         ^^^^^^
  ╵
    _-sections-dir.scss 3:9                                                                       @import
    /Users/michellestar/Documents/GitHub/hello-michelle-star.github.io/assets/css/main.scss 27:9  root stylesheet
DEPRECATION WARNING [import]: Sass @import rules are deprecated and will be removed in Dart Sass 3.0.0.

More info and automated migrator: https://sass-lang.com/d/import

  ╷
4 │         "default",
  │         ^^^^^^^^^
  ╵
    _-sections-dir.scss 4:9                                                                       @import
    /Users/michellestar/Documents/GitHub/hello-michelle-star.github.io/assets/css/main.scss 27:9  root stylesheet
WARNING: 7 repetitive deprecation warnings omitted.
Run in verbose mode to see all warnings.
                    ...done in 0.049061 seconds.
                    
[2026-04-27 23:50:24] ERROR Errno::ECONNRESET: Connection reset by peer @ io_fillbuf - fd:18 
	/Users/michellestar/Documents/GitHub/hello-michelle-star.github.io/vendor/bundle/ruby/3.4.0/gems/webrick-1.9.1/lib/webrick/httpserver.rb:82:in 'IO#eof?'
	/Users/michellestar/Documents/GitHub/hello-michelle-star.github.io/vendor/bundle/ruby/3.4.0/gems/webrick-1.9.1/lib/webrick/httpserver.rb:82:in 'WEBrick::HTTPServer#run'
	/Users/michellestar/Documents/GitHub/hello-michelle-star.github.io/vendor/bundle/ruby/3.4.0/gems/webrick-1.9.1/lib/webrick/server.rb:310:in 'block in WEBrick::GenericServer#start_thread'
      Regenerating: 1 file(s) changed at 2026-04-27 23:50:30
                    jekyll.log
       Jekyll Feed: Generating feed for posts
DEPRECATION WARNING [import]: Sass @import rules are deprecated and will be removed in Dart Sass 3.0.0.

More info and automated migrator: https://sass-lang.com/d/import

   ╷
27 │ @import "-sections-dir";
   │         ^^^^^^^^^^^^^^^
   ╵
    /Users/michellestar/Documents/GitHub/hello-michelle-star.github.io/assets/css/main.scss 27:9  root stylesheet
DEPRECATION WARNING [import]: Sass @import rules are deprecated and will be removed in Dart Sass 3.0.0.

More info and automated migrator: https://sass-lang.com/d/import

   ╷
28 │ @import 'about';
   │         ^^^^^^^
   ╵
    /Users/michellestar/Documents/GitHub/hello-michelle-star.github.io/assets/css/main.scss 28:9  root stylesheet
DEPRECATION WARNING [import]: Sass @import rules are deprecated and will be removed in Dart Sass 3.0.0.

More info and automated migrator: https://sass-lang.com/d/import

  ╷
2 │ @import "base",
  │         ^^^^^^
  ╵
    _-sections-dir.scss 2:9                                                                       @import
    /Users/michellestar/Documents/GitHub/hello-michelle-star.github.io/assets/css/main.scss 27:9  root stylesheet
DEPRECATION WARNING [import]: Sass @import rules are deprecated and will be removed in Dart Sass 3.0.0.

More info and automated migrator: https://sass-lang.com/d/import

  ╷
3 │         "code",
  │         ^^^^^^
  ╵
    _-sections-dir.scss 3:9                                                                       @import
    /Users/michellestar/Documents/GitHub/hello-michelle-star.github.io/assets/css/main.scss 27:9  root stylesheet
DEPRECATION WARNING [import]: Sass @import rules are deprecated and will be removed in Dart Sass 3.0.0.

More info and automated migrator: https://sass-lang.com/d/import

  ╷
4 │         "default",
  │         ^^^^^^^^^
  ╵
    _-sections-dir.scss 4:9                                                                       @import
    /Users/michellestar/Documents/GitHub/hello-michelle-star.github.io/assets/css/main.scss 27:9  root stylesheet
WARNING: 7 repetitive deprecation warnings omitted.
Run in verbose mode to see all warnings.
                    ...done in 0.051323 seconds.
                    
[2026-04-27 23:50:31] ERROR Errno::ECONNRESET: Connection reset by peer @ io_fillbuf - fd:21 
	/Users/michellestar/Documents/GitHub/hello-michelle-star.github.io/vendor/bundle/ruby/3.4.0/gems/webrick-1.9.1/lib/webrick/httpserver.rb:82:in 'IO#eof?'
	/Users/michellestar/Documents/GitHub/hello-michelle-star.github.io/vendor/bundle/ruby/3.4.0/gems/webrick-1.9.1/lib/webrick/httpserver.rb:82:in 'WEBrick::HTTPServer#run'
	/Users/michellestar/Documents/GitHub/hello-michelle-star.github.io/vendor/bundle/ruby/3.4.0/gems/webrick-1.9.1/lib/webrick/server.rb:310:in 'block in WEBrick::GenericServer#start_thread'
[2026-04-27 23:50:31] ERROR Errno::ECONNRESET: Connection reset by peer @ io_fillbuf - fd:18 
	/Users/michellestar/Documents/GitHub/hello-michelle-star.github.io/vendor/bundle/ruby/3.4.0/gems/webrick-1.9.1/lib/webrick/httpserver.rb:82:in 'IO#eof?'
	/Users/michellestar/Documents/GitHub/hello-michelle-star.github.io/vendor/bundle/ruby/3.4.0/gems/webrick-1.9.1/lib/webrick/httpserver.rb:82:in 'WEBrick::HTTPServer#run'
	/Users/michellestar/Documents/GitHub/hello-michelle-star.github.io/vendor/bundle/ruby/3.4.0/gems/webrick-1.9.1/lib/webrick/server.rb:310:in 'block in WEBrick::GenericServer#start_thread'
      Regenerating: 1 file(s) changed at 2026-04-27 23:50:36
                    jekyll.log
       Jekyll Feed: Generating feed for posts
DEPRECATION WARNING [import]: Sass @import rules are deprecated and will be removed in Dart Sass 3.0.0.

More info and automated migrator: https://sass-lang.com/d/import

   ╷
27 │ @import "-sections-dir";
   │         ^^^^^^^^^^^^^^^
   ╵
    /Users/michellestar/Documents/GitHub/hello-michelle-star.github.io/assets/css/main.scss 27:9  root stylesheet
DEPRECATION WARNING [import]: Sass @import rules are deprecated and will be removed in Dart Sass 3.0.0.

More info and automated migrator: https://sass-lang.com/d/import

   ╷
28 │ @import 'about';
   │         ^^^^^^^
   ╵
    /Users/michellestar/Documents/GitHub/hello-michelle-star.github.io/assets/css/main.scss 28:9  root stylesheet
DEPRECATION WARNING [import]: Sass @import rules are deprecated and will be removed in Dart Sass 3.0.0.

More info and automated migrator: https://sass-lang.com/d/import

  ╷
2 │ @import "base",
  │         ^^^^^^
  ╵
    _-sections-dir.scss 2:9                                                                       @import
    /Users/michellestar/Documents/GitHub/hello-michelle-star.github.io/assets/css/main.scss 27:9  root stylesheet
DEPRECATION WARNING [import]: Sass @import rules are deprecated and will be removed in Dart Sass 3.0.0.

More info and automated migrator: https://sass-lang.com/d/import

  ╷
3 │         "code",
  │         ^^^^^^
  ╵
    _-sections-dir.scss 3:9                                                                       @import
    /Users/michellestar/Documents/GitHub/hello-michelle-star.github.io/assets/css/main.scss 27:9  root stylesheet
DEPRECATION WARNING [import]: Sass @import rules are deprecated and will be removed in Dart Sass 3.0.0.

More info and automated migrator: https://sass-lang.com/d/import

  ╷
4 │         "default",
  │         ^^^^^^^^^
  ╵
    _-sections-dir.scss 4:9                                                                       @import
    /Users/michellestar/Documents/GitHub/hello-michelle-star.github.io/assets/css/main.scss 27:9  root stylesheet
WARNING: 7 repetitive deprecation warnings omitted.
Run in verbose mode to see all warnings.
                    ...done in 0.045945 seconds.
                    
      Regenerating: 1 file(s) changed at 2026-04-27 23:50:42
                    jekyll.log
       Jekyll Feed: Generating feed for posts
DEPRECATION WARNING [import]: Sass @import rules are deprecated and will be removed in Dart Sass 3.0.0.

More info and automated migrator: https://sass-lang.com/d/import

   ╷
27 │ @import "-sections-dir";
   │         ^^^^^^^^^^^^^^^
   ╵
    /Users/michellestar/Documents/GitHub/hello-michelle-star.github.io/assets/css/main.scss 27:9  root stylesheet
DEPRECATION WARNING [import]: Sass @import rules are deprecated and will be removed in Dart Sass 3.0.0.

More info and automated migrator: https://sass-lang.com/d/import

   ╷
28 │ @import 'about';
   │         ^^^^^^^
   ╵
    /Users/michellestar/Documents/GitHub/hello-michelle-star.github.io/assets/css/main.scss 28:9  root stylesheet
DEPRECATION WARNING [import]: Sass @import rules are deprecated and will be removed in Dart Sass 3.0.0.

More info and automated migrator: https://sass-lang.com/d/import

  ╷
2 │ @import "base",
  │         ^^^^^^
  ╵
    _-sections-dir.scss 2:9                                                                       @import
    /Users/michellestar/Documents/GitHub/hello-michelle-star.github.io/assets/css/main.scss 27:9  root stylesheet
DEPRECATION WARNING [import]: Sass @import rules are deprecated and will be removed in Dart Sass 3.0.0.

More info and automated migrator: https://sass-lang.com/d/import

  ╷
3 │         "code",
  │         ^^^^^^
  ╵
    _-sections-dir.scss 3:9                                                                       @import
    /Users/michellestar/Documents/GitHub/hello-michelle-star.github.io/assets/css/main.scss 27:9  root stylesheet
DEPRECATION WARNING [import]: Sass @import rules are deprecated and will be removed in Dart Sass 3.0.0.

More info and automated migrator: https://sass-lang.com/d/import

  ╷
4 │         "default",
  │         ^^^^^^^^^
  ╵
    _-sections-dir.scss 4:9                                                                       @import
    /Users/michellestar/Documents/GitHub/hello-michelle-star.github.io/assets/css/main.scss 27:9  root stylesheet
WARNING: 7 repetitive deprecation warnings omitted.
Run in verbose mode to see all warnings.
                    ...done in 0.056092 seconds.
                    
[2026-04-27 23:50:42] ERROR Errno::ECONNRESET: Connection reset by peer @ io_fillbuf - fd:25 
	/Users/michellestar/Documents/GitHub/hello-michelle-star.github.io/vendor/bundle/ruby/3.4.0/gems/webrick-1.9.1/lib/webrick/httpserver.rb:82:in 'IO#eof?'
	/Users/michellestar/Documents/GitHub/hello-michelle-star.github.io/vendor/bundle/ruby/3.4.0/gems/webrick-1.9.1/lib/webrick/httpserver.rb:82:in 'WEBrick::HTTPServer#run'
	/Users/michellestar/Documents/GitHub/hello-michelle-star.github.io/vendor/bundle/ruby/3.4.0/gems/webrick-1.9.1/lib/webrick/server.rb:310:in 'block in WEBrick::GenericServer#start_thread'
[2026-04-27 23:50:42] ERROR Errno::ECONNRESET: Connection reset by peer @ io_fillbuf - fd:8 
	/Users/michellestar/Documents/GitHub/hello-michelle-star.github.io/vendor/bundle/ruby/3.4.0/gems/webrick-1.9.1/lib/webrick/httpserver.rb:82:in 'IO#eof?'
	/Users/michellestar/Documents/GitHub/hello-michelle-star.github.io/vendor/bundle/ruby/3.4.0/gems/webrick-1.9.1/lib/webrick/httpserver.rb:82:in 'WEBrick::HTTPServer#run'
	/Users/michellestar/Documents/GitHub/hello-michelle-star.github.io/vendor/bundle/ruby/3.4.0/gems/webrick-1.9.1/lib/webrick/server.rb:310:in 'block in WEBrick::GenericServer#start_thread'
[2026-04-27 23:50:42] ERROR Errno::ECONNRESET: Connection reset by peer @ io_fillbuf - fd:7 
	/Users/michellestar/Documents/GitHub/hello-michelle-star.github.io/vendor/bundle/ruby/3.4.0/gems/webrick-1.9.1/lib/webrick/httpserver.rb:82:in 'IO#eof?'
	/Users/michellestar/Documents/GitHub/hello-michelle-star.github.io/vendor/bundle/ruby/3.4.0/gems/webrick-1.9.1/lib/webrick/httpserver.rb:82:in 'WEBrick::HTTPServer#run'
	/Users/michellestar/Documents/GitHub/hello-michelle-star.github.io/vendor/bundle/ruby/3.4.0/gems/webrick-1.9.1/lib/webrick/server.rb:310:in 'block in WEBrick::GenericServer#start_thread'
      Regenerating: 1 file(s) changed at 2026-04-27 23:50:48
                    jekyll.log
       Jekyll Feed: Generating feed for posts
DEPRECATION WARNING [import]: Sass @import rules are deprecated and will be removed in Dart Sass 3.0.0.

More info and automated migrator: https://sass-lang.com/d/import

   ╷
27 │ @import "-sections-dir";
   │         ^^^^^^^^^^^^^^^
   ╵
    /Users/michellestar/Documents/GitHub/hello-michelle-star.github.io/assets/css/main.scss 27:9  root stylesheet
DEPRECATION WARNING [import]: Sass @import rules are deprecated and will be removed in Dart Sass 3.0.0.

More info and automated migrator: https://sass-lang.com/d/import

   ╷
28 │ @import 'about';
   │         ^^^^^^^
   ╵
    /Users/michellestar/Documents/GitHub/hello-michelle-star.github.io/assets/css/main.scss 28:9  root stylesheet
DEPRECATION WARNING [import]: Sass @import rules are deprecated and will be removed in Dart Sass 3.0.0.

More info and automated migrator: https://sass-lang.com/d/import

  ╷
2 │ @import "base",
  │         ^^^^^^
  ╵
    _-sections-dir.scss 2:9                                                                       @import
    /Users/michellestar/Documents/GitHub/hello-michelle-star.github.io/assets/css/main.scss 27:9  root stylesheet
DEPRECATION WARNING [import]: Sass @import rules are deprecated and will be removed in Dart Sass 3.0.0.

More info and automated migrator: https://sass-lang.com/d/import

  ╷
3 │         "code",
  │         ^^^^^^
  ╵
    _-sections-dir.scss 3:9                                                                       @import
    /Users/michellestar/Documents/GitHub/hello-michelle-star.github.io/assets/css/main.scss 27:9  root stylesheet
DEPRECATION WARNING [import]: Sass @import rules are deprecated and will be removed in Dart Sass 3.0.0.

More info and automated migrator: https://sass-lang.com/d/import

  ╷
4 │         "default",
  │         ^^^^^^^^^
  ╵
    _-sections-dir.scss 4:9                                                                       @import
    /Users/michellestar/Documents/GitHub/hello-michelle-star.github.io/assets/css/main.scss 27:9  root stylesheet
WARNING: 7 repetitive deprecation warnings omitted.
Run in verbose mode to see all warnings.
                    ...done in 0.047253 seconds.
                    
[2026-04-27 23:50:48] ERROR Errno::ECONNRESET: Connection reset by peer @ io_fillbuf - fd:22 
	/Users/michellestar/Documents/GitHub/hello-michelle-star.github.io/vendor/bundle/ruby/3.4.0/gems/webrick-1.9.1/lib/webrick/httpserver.rb:82:in 'IO#eof?'
	/Users/michellestar/Documents/GitHub/hello-michelle-star.github.io/vendor/bundle/ruby/3.4.0/gems/webrick-1.9.1/lib/webrick/httpserver.rb:82:in 'WEBrick::HTTPServer#run'
	/Users/michellestar/Documents/GitHub/hello-michelle-star.github.io/vendor/bundle/ruby/3.4.0/gems/webrick-1.9.1/lib/webrick/server.rb:310:in 'block in WEBrick::GenericServer#start_thread'
      Regenerating: 1 file(s) changed at 2026-04-27 23:50:54
                    jekyll.log
       Jekyll Feed: Generating feed for posts
DEPRECATION WARNING [import]: Sass @import rules are deprecated and will be removed in Dart Sass 3.0.0.

More info and automated migrator: https://sass-lang.com/d/import

   ╷
27 │ @import "-sections-dir";
   │         ^^^^^^^^^^^^^^^
   ╵
    /Users/michellestar/Documents/GitHub/hello-michelle-star.github.io/assets/css/main.scss 27:9  root stylesheet
DEPRECATION WARNING [import]: Sass @import rules are deprecated and will be removed in Dart Sass 3.0.0.

More info and automated migrator: https://sass-lang.com/d/import

   ╷
28 │ @import 'about';
   │         ^^^^^^^
   ╵
    /Users/michellestar/Documents/GitHub/hello-michelle-star.github.io/assets/css/main.scss 28:9  root stylesheet
DEPRECATION WARNING [import]: Sass @import rules are deprecated and will be removed in Dart Sass 3.0.0.

More info and automated migrator: https://sass-lang.com/d/import

  ╷
2 │ @import "base",
  │         ^^^^^^
  ╵
    _-sections-dir.scss 2:9                                                                       @import
    /Users/michellestar/Documents/GitHub/hello-michelle-star.github.io/assets/css/main.scss 27:9  root stylesheet
DEPRECATION WARNING [import]: Sass @import rules are deprecated and will be removed in Dart Sass 3.0.0.

More info and automated migrator: https://sass-lang.com/d/import

  ╷
3 │         "code",
  │         ^^^^^^
  ╵
    _-sections-dir.scss 3:9                                                                       @import
    /Users/michellestar/Documents/GitHub/hello-michelle-star.github.io/assets/css/main.scss 27:9  root stylesheet
DEPRECATION WARNING [import]: Sass @import rules are deprecated and will be removed in Dart Sass 3.0.0.

More info and automated migrator: https://sass-lang.com/d/import

  ╷
4 │         "default",
  │         ^^^^^^^^^
  ╵
    _-sections-dir.scss 4:9                                                                       @import
    /Users/michellestar/Documents/GitHub/hello-michelle-star.github.io/assets/css/main.scss 27:9  root stylesheet
WARNING: 7 repetitive deprecation warnings omitted.
Run in verbose mode to see all warnings.
                    ...done in 0.046224 seconds.
                    
[2026-04-27 23:50:54] ERROR Errno::ECONNRESET: Connection reset by peer @ io_fillbuf - fd:21 
	/Users/michellestar/Documents/GitHub/hello-michelle-star.github.io/vendor/bundle/ruby/3.4.0/gems/webrick-1.9.1/lib/webrick/httpserver.rb:82:in 'IO#eof?'
	/Users/michellestar/Documents/GitHub/hello-michelle-star.github.io/vendor/bundle/ruby/3.4.0/gems/webrick-1.9.1/lib/webrick/httpserver.rb:82:in 'WEBrick::HTTPServer#run'
	/Users/michellestar/Documents/GitHub/hello-michelle-star.github.io/vendor/bundle/ruby/3.4.0/gems/webrick-1.9.1/lib/webrick/server.rb:310:in 'block in WEBrick::GenericServer#start_thread'
      Regenerating: 1 file(s) changed at 2026-04-27 23:50:59
                    jekyll.log
       Jekyll Feed: Generating feed for posts
DEPRECATION WARNING [import]: Sass @import rules are deprecated and will be removed in Dart Sass 3.0.0.

More info and automated migrator: https://sass-lang.com/d/import

   ╷
27 │ @import "-sections-dir";
   │         ^^^^^^^^^^^^^^^
   ╵
    /Users/michellestar/Documents/GitHub/hello-michelle-star.github.io/assets/css/main.scss 27:9  root stylesheet
DEPRECATION WARNING [import]: Sass @import rules are deprecated and will be removed in Dart Sass 3.0.0.

More info and automated migrator: https://sass-lang.com/d/import

   ╷
28 │ @import 'about';
   │         ^^^^^^^
   ╵
    /Users/michellestar/Documents/GitHub/hello-michelle-star.github.io/assets/css/main.scss 28:9  root stylesheet
DEPRECATION WARNING [import]: Sass @import rules are deprecated and will be removed in Dart Sass 3.0.0.

More info and automated migrator: https://sass-lang.com/d/import

  ╷
2 │ @import "base",
  │         ^^^^^^
  ╵
    _-sections-dir.scss 2:9                                                                       @import
    /Users/michellestar/Documents/GitHub/hello-michelle-star.github.io/assets/css/main.scss 27:9  root stylesheet
DEPRECATION WARNING [import]: Sass @import rules are deprecated and will be removed in Dart Sass 3.0.0.

More info and automated migrator: https://sass-lang.com/d/import

  ╷
3 │         "code",
  │         ^^^^^^
  ╵
    _-sections-dir.scss 3:9                                                                       @import
    /Users/michellestar/Documents/GitHub/hello-michelle-star.github.io/assets/css/main.scss 27:9  root stylesheet
DEPRECATION WARNING [import]: Sass @import rules are deprecated and will be removed in Dart Sass 3.0.0.

More info and automated migrator: https://sass-lang.com/d/import

  ╷
4 │         "default",
  │         ^^^^^^^^^
  ╵
    _-sections-dir.scss 4:9                                                                       @import
    /Users/michellestar/Documents/GitHub/hello-michelle-star.github.io/assets/css/main.scss 27:9  root stylesheet
WARNING: 7 repetitive deprecation warnings omitted.
Run in verbose mode to see all warnings.
                    ...done in 0.052232 seconds.
                    
      Regenerating: 1 file(s) changed at 2026-04-27 23:51:05
                    jekyll.log
       Jekyll Feed: Generating feed for posts
DEPRECATION WARNING [import]: Sass @import rules are deprecated and will be removed in Dart Sass 3.0.0.

More info and automated migrator: https://sass-lang.com/d/import

   ╷
27 │ @import "-sections-dir";
   │         ^^^^^^^^^^^^^^^
   ╵
    /Users/michellestar/Documents/GitHub/hello-michelle-star.github.io/assets/css/main.scss 27:9  root stylesheet
DEPRECATION WARNING [import]: Sass @import rules are deprecated and will be removed in Dart Sass 3.0.0.

More info and automated migrator: https://sass-lang.com/d/import

   ╷
28 │ @import 'about';
   │         ^^^^^^^
   ╵
    /Users/michellestar/Documents/GitHub/hello-michelle-star.github.io/assets/css/main.scss 28:9  root stylesheet
DEPRECATION WARNING [import]: Sass @import rules are deprecated and will be removed in Dart Sass 3.0.0.

More info and automated migrator: https://sass-lang.com/d/import

  ╷
2 │ @import "base",
  │         ^^^^^^
  ╵
    _-sections-dir.scss 2:9                                                                       @import
    /Users/michellestar/Documents/GitHub/hello-michelle-star.github.io/assets/css/main.scss 27:9  root stylesheet
DEPRECATION WARNING [import]: Sass @import rules are deprecated and will be removed in Dart Sass 3.0.0.

More info and automated migrator: https://sass-lang.com/d/import

  ╷
3 │         "code",
  │         ^^^^^^
  ╵
    _-sections-dir.scss 3:9                                                                       @import
    /Users/michellestar/Documents/GitHub/hello-michelle-star.github.io/assets/css/main.scss 27:9  root stylesheet
DEPRECATION WARNING [import]: Sass @import rules are deprecated and will be removed in Dart Sass 3.0.0.

More info and automated migrator: https://sass-lang.com/d/import

  ╷
4 │         "default",
  │         ^^^^^^^^^
  ╵
    _-sections-dir.scss 4:9                                                                       @import
    /Users/michellestar/Documents/GitHub/hello-michelle-star.github.io/assets/css/main.scss 27:9  root stylesheet
WARNING: 7 repetitive deprecation warnings omitted.
Run in verbose mode to see all warnings.
                    ...done in 0.046297 seconds.
                    
[2026-04-27 23:51:05] ERROR Errno::ECONNRESET: Connection reset by peer @ io_fillbuf - fd:23 
	/Users/michellestar/Documents/GitHub/hello-michelle-star.github.io/vendor/bundle/ruby/3.4.0/gems/webrick-1.9.1/lib/webrick/httpserver.rb:82:in 'IO#eof?'
	/Users/michellestar/Documents/GitHub/hello-michelle-star.github.io/vendor/bundle/ruby/3.4.0/gems/webrick-1.9.1/lib/webrick/httpserver.rb:82:in 'WEBrick::HTTPServer#run'
	/Users/michellestar/Documents/GitHub/hello-michelle-star.github.io/vendor/bundle/ruby/3.4.0/gems/webrick-1.9.1/lib/webrick/server.rb:310:in 'block in WEBrick::GenericServer#start_thread'
      Regenerating: 1 file(s) changed at 2026-04-27 23:51:11
                    jekyll.log
       Jekyll Feed: Generating feed for posts
DEPRECATION WARNING [import]: Sass @import rules are deprecated and will be removed in Dart Sass 3.0.0.

More info and automated migrator: https://sass-lang.com/d/import

   ╷
27 │ @import "-sections-dir";
   │         ^^^^^^^^^^^^^^^
   ╵
    /Users/michellestar/Documents/GitHub/hello-michelle-star.github.io/assets/css/main.scss 27:9  root stylesheet
DEPRECATION WARNING [import]: Sass @import rules are deprecated and will be removed in Dart Sass 3.0.0.

More info and automated migrator: https://sass-lang.com/d/import

   ╷
28 │ @import 'about';
   │         ^^^^^^^
   ╵
    /Users/michellestar/Documents/GitHub/hello-michelle-star.github.io/assets/css/main.scss 28:9  root stylesheet
DEPRECATION WARNING [import]: Sass @import rules are deprecated and will be removed in Dart Sass 3.0.0.

More info and automated migrator: https://sass-lang.com/d/import

  ╷
2 │ @import "base",
  │         ^^^^^^
  ╵
    _-sections-dir.scss 2:9                                                                       @import
    /Users/michellestar/Documents/GitHub/hello-michelle-star.github.io/assets/css/main.scss 27:9  root stylesheet
DEPRECATION WARNING [import]: Sass @import rules are deprecated and will be removed in Dart Sass 3.0.0.

More info and automated migrator: https://sass-lang.com/d/import

  ╷
3 │         "code",
  │         ^^^^^^
  ╵
    _-sections-dir.scss 3:9                                                                       @import
    /Users/michellestar/Documents/GitHub/hello-michelle-star.github.io/assets/css/main.scss 27:9  root stylesheet
DEPRECATION WARNING [import]: Sass @import rules are deprecated and will be removed in Dart Sass 3.0.0.

More info and automated migrator: https://sass-lang.com/d/import

  ╷
4 │         "default",
  │         ^^^^^^^^^
  ╵
    _-sections-dir.scss 4:9                                                                       @import
    /Users/michellestar/Documents/GitHub/hello-michelle-star.github.io/assets/css/main.scss 27:9  root stylesheet
WARNING: 7 repetitive deprecation warnings omitted.
Run in verbose mode to see all warnings.
                    ...done in 0.041354 seconds.
                    
[2026-04-27 23:51:11] ERROR Errno::ECONNRESET: Connection reset by peer @ io_fillbuf - fd:19 
	/Users/michellestar/Documents/GitHub/hello-michelle-star.github.io/vendor/bundle/ruby/3.4.0/gems/webrick-1.9.1/lib/webrick/httpserver.rb:82:in 'IO#eof?'
	/Users/michellestar/Documents/GitHub/hello-michelle-star.github.io/vendor/bundle/ruby/3.4.0/gems/webrick-1.9.1/lib/webrick/httpserver.rb:82:in 'WEBrick::HTTPServer#run'
	/Users/michellestar/Documents/GitHub/hello-michelle-star.github.io/vendor/bundle/ruby/3.4.0/gems/webrick-1.9.1/lib/webrick/server.rb:310:in 'block in WEBrick::GenericServer#start_thread'
[2026-04-27 23:51:11] ERROR Errno::ECONNRESET: Connection reset by peer @ io_fillbuf - fd:21 
	/Users/michellestar/Documents/GitHub/hello-michelle-star.github.io/vendor/bundle/ruby/3.4.0/gems/webrick-1.9.1/lib/webrick/httpserver.rb:82:in 'IO#eof?'
	/Users/michellestar/Documents/GitHub/hello-michelle-star.github.io/vendor/bundle/ruby/3.4.0/gems/webrick-1.9.1/lib/webrick/httpserver.rb:82:in 'WEBrick::HTTPServer#run'
	/Users/michellestar/Documents/GitHub/hello-michelle-star.github.io/vendor/bundle/ruby/3.4.0/gems/webrick-1.9.1/lib/webrick/server.rb:310:in 'block in WEBrick::GenericServer#start_thread'
      Regenerating: 1 file(s) changed at 2026-04-27 23:51:17
                    jekyll.log
       Jekyll Feed: Generating feed for posts
DEPRECATION WARNING [import]: Sass @import rules are deprecated and will be removed in Dart Sass 3.0.0.

More info and automated migrator: https://sass-lang.com/d/import

   ╷
27 │ @import "-sections-dir";
   │         ^^^^^^^^^^^^^^^
   ╵
    /Users/michellestar/Documents/GitHub/hello-michelle-star.github.io/assets/css/main.scss 27:9  root stylesheet
DEPRECATION WARNING [import]: Sass @import rules are deprecated and will be removed in Dart Sass 3.0.0.

More info and automated migrator: https://sass-lang.com/d/import

   ╷
28 │ @import 'about';
   │         ^^^^^^^
   ╵
    /Users/michellestar/Documents/GitHub/hello-michelle-star.github.io/assets/css/main.scss 28:9  root stylesheet
DEPRECATION WARNING [import]: Sass @import rules are deprecated and will be removed in Dart Sass 3.0.0.

More info and automated migrator: https://sass-lang.com/d/import

  ╷
2 │ @import "base",
  │         ^^^^^^
  ╵
    _-sections-dir.scss 2:9                                                                       @import
    /Users/michellestar/Documents/GitHub/hello-michelle-star.github.io/assets/css/main.scss 27:9  root stylesheet
DEPRECATION WARNING [import]: Sass @import rules are deprecated and will be removed in Dart Sass 3.0.0.

More info and automated migrator: https://sass-lang.com/d/import

  ╷
3 │         "code",
  │         ^^^^^^
  ╵
    _-sections-dir.scss 3:9                                                                       @import
    /Users/michellestar/Documents/GitHub/hello-michelle-star.github.io/assets/css/main.scss 27:9  root stylesheet
DEPRECATION WARNING [import]: Sass @import rules are deprecated and will be removed in Dart Sass 3.0.0.

More info and automated migrator: https://sass-lang.com/d/import

  ╷
4 │         "default",
  │         ^^^^^^^^^
  ╵
    _-sections-dir.scss 4:9                                                                       @import
    /Users/michellestar/Documents/GitHub/hello-michelle-star.github.io/assets/css/main.scss 27:9  root stylesheet
WARNING: 7 repetitive deprecation warnings omitted.
Run in verbose mode to see all warnings.
                    ...done in 0.052918 seconds.
                    
[2026-04-27 23:51:17] ERROR Errno::ECONNRESET: Connection reset by peer @ io_fillbuf - fd:23 
	/Users/michellestar/Documents/GitHub/hello-michelle-star.github.io/vendor/bundle/ruby/3.4.0/gems/webrick-1.9.1/lib/webrick/httpserver.rb:82:in 'IO#eof?'
	/Users/michellestar/Documents/GitHub/hello-michelle-star.github.io/vendor/bundle/ruby/3.4.0/gems/webrick-1.9.1/lib/webrick/httpserver.rb:82:in 'WEBrick::HTTPServer#run'
	/Users/michellestar/Documents/GitHub/hello-michelle-star.github.io/vendor/bundle/ruby/3.4.0/gems/webrick-1.9.1/lib/webrick/server.rb:310:in 'block in WEBrick::GenericServer#start_thread'
      Regenerating: 1 file(s) changed at 2026-04-27 23:51:25
                    jekyll.log
       Jekyll Feed: Generating feed for posts
DEPRECATION WARNING [import]: Sass @import rules are deprecated and will be removed in Dart Sass 3.0.0.

More info and automated migrator: https://sass-lang.com/d/import

   ╷
27 │ @import "-sections-dir";
   │         ^^^^^^^^^^^^^^^
   ╵
    /Users/michellestar/Documents/GitHub/hello-michelle-star.github.io/assets/css/main.scss 27:9  root stylesheet
DEPRECATION WARNING [import]: Sass @import rules are deprecated and will be removed in Dart Sass 3.0.0.

More info and automated migrator: https://sass-lang.com/d/import

   ╷
28 │ @import 'about';
   │         ^^^^^^^
   ╵
    /Users/michellestar/Documents/GitHub/hello-michelle-star.github.io/assets/css/main.scss 28:9  root stylesheet
DEPRECATION WARNING [import]: Sass @import rules are deprecated and will be removed in Dart Sass 3.0.0.

More info and automated migrator: https://sass-lang.com/d/import

  ╷
2 │ @import "base",
  │         ^^^^^^
  ╵
    _-sections-dir.scss 2:9                                                                       @import
    /Users/michellestar/Documents/GitHub/hello-michelle-star.github.io/assets/css/main.scss 27:9  root stylesheet
DEPRECATION WARNING [import]: Sass @import rules are deprecated and will be removed in Dart Sass 3.0.0.

More info and automated migrator: https://sass-lang.com/d/import

  ╷
3 │         "code",
  │         ^^^^^^
  ╵
    _-sections-dir.scss 3:9                                                                       @import
    /Users/michellestar/Documents/GitHub/hello-michelle-star.github.io/assets/css/main.scss 27:9  root stylesheet
DEPRECATION WARNING [import]: Sass @import rules are deprecated and will be removed in Dart Sass 3.0.0.

More info and automated migrator: https://sass-lang.com/d/import

  ╷
4 │         "default",
  │         ^^^^^^^^^
  ╵
    _-sections-dir.scss 4:9                                                                       @import
    /Users/michellestar/Documents/GitHub/hello-michelle-star.github.io/assets/css/main.scss 27:9  root stylesheet
WARNING: 7 repetitive deprecation warnings omitted.
Run in verbose mode to see all warnings.
                    ...done in 0.04581 seconds.
                    
      Regenerating: 1 file(s) changed at 2026-04-27 23:51:30
                    jekyll.log
       Jekyll Feed: Generating feed for posts
DEPRECATION WARNING [import]: Sass @import rules are deprecated and will be removed in Dart Sass 3.0.0.

More info and automated migrator: https://sass-lang.com/d/import

   ╷
27 │ @import "-sections-dir";
   │         ^^^^^^^^^^^^^^^
   ╵
    /Users/michellestar/Documents/GitHub/hello-michelle-star.github.io/assets/css/main.scss 27:9  root stylesheet
DEPRECATION WARNING [import]: Sass @import rules are deprecated and will be removed in Dart Sass 3.0.0.

More info and automated migrator: https://sass-lang.com/d/import

   ╷
28 │ @import 'about';
   │         ^^^^^^^
   ╵
    /Users/michellestar/Documents/GitHub/hello-michelle-star.github.io/assets/css/main.scss 28:9  root stylesheet
DEPRECATION WARNING [import]: Sass @import rules are deprecated and will be removed in Dart Sass 3.0.0.

More info and automated migrator: https://sass-lang.com/d/import

  ╷
2 │ @import "base",
  │         ^^^^^^
  ╵
    _-sections-dir.scss 2:9                                                                       @import
    /Users/michellestar/Documents/GitHub/hello-michelle-star.github.io/assets/css/main.scss 27:9  root stylesheet
DEPRECATION WARNING [import]: Sass @import rules are deprecated and will be removed in Dart Sass 3.0.0.

More info and automated migrator: https://sass-lang.com/d/import

  ╷
3 │         "code",
  │         ^^^^^^
  ╵
    _-sections-dir.scss 3:9                                                                       @import
    /Users/michellestar/Documents/GitHub/hello-michelle-star.github.io/assets/css/main.scss 27:9  root stylesheet
DEPRECATION WARNING [import]: Sass @import rules are deprecated and will be removed in Dart Sass 3.0.0.

More info and automated migrator: https://sass-lang.com/d/import

  ╷
4 │         "default",
  │         ^^^^^^^^^
  ╵
    _-sections-dir.scss 4:9                                                                       @import
    /Users/michellestar/Documents/GitHub/hello-michelle-star.github.io/assets/css/main.scss 27:9  root stylesheet
WARNING: 7 repetitive deprecation warnings omitted.
Run in verbose mode to see all warnings.
                    ...done in 0.048139 seconds.
                    
[2026-04-27 23:51:31] ERROR Errno::ECONNRESET: Connection reset by peer @ io_fillbuf - fd:23 
	/Users/michellestar/Documents/GitHub/hello-michelle-star.github.io/vendor/bundle/ruby/3.4.0/gems/webrick-1.9.1/lib/webrick/httpserver.rb:82:in 'IO#eof?'
	/Users/michellestar/Documents/GitHub/hello-michelle-star.github.io/vendor/bundle/ruby/3.4.0/gems/webrick-1.9.1/lib/webrick/httpserver.rb:82:in 'WEBrick::HTTPServer#run'
	/Users/michellestar/Documents/GitHub/hello-michelle-star.github.io/vendor/bundle/ruby/3.4.0/gems/webrick-1.9.1/lib/webrick/server.rb:310:in 'block in WEBrick::GenericServer#start_thread'
      Regenerating: 1 file(s) changed at 2026-04-27 23:51:36
                    jekyll.log
       Jekyll Feed: Generating feed for posts
DEPRECATION WARNING [import]: Sass @import rules are deprecated and will be removed in Dart Sass 3.0.0.

More info and automated migrator: https://sass-lang.com/d/import

   ╷
27 │ @import "-sections-dir";
   │         ^^^^^^^^^^^^^^^
   ╵
    /Users/michellestar/Documents/GitHub/hello-michelle-star.github.io/assets/css/main.scss 27:9  root stylesheet
DEPRECATION WARNING [import]: Sass @import rules are deprecated and will be removed in Dart Sass 3.0.0.

More info and automated migrator: https://sass-lang.com/d/import

   ╷
28 │ @import 'about';
   │         ^^^^^^^
   ╵
    /Users/michellestar/Documents/GitHub/hello-michelle-star.github.io/assets/css/main.scss 28:9  root stylesheet
DEPRECATION WARNING [import]: Sass @import rules are deprecated and will be removed in Dart Sass 3.0.0.

More info and automated migrator: https://sass-lang.com/d/import

  ╷
2 │ @import "base",
  │         ^^^^^^
  ╵
    _-sections-dir.scss 2:9                                                                       @import
    /Users/michellestar/Documents/GitHub/hello-michelle-star.github.io/assets/css/main.scss 27:9  root stylesheet
DEPRECATION WARNING [import]: Sass @import rules are deprecated and will be removed in Dart Sass 3.0.0.

More info and automated migrator: https://sass-lang.com/d/import

  ╷
3 │         "code",
  │         ^^^^^^
  ╵
    _-sections-dir.scss 3:9                                                                       @import
    /Users/michellestar/Documents/GitHub/hello-michelle-star.github.io/assets/css/main.scss 27:9  root stylesheet
DEPRECATION WARNING [import]: Sass @import rules are deprecated and will be removed in Dart Sass 3.0.0.

More info and automated migrator: https://sass-lang.com/d/import

  ╷
4 │         "default",
  │         ^^^^^^^^^
  ╵
    _-sections-dir.scss 4:9                                                                       @import
    /Users/michellestar/Documents/GitHub/hello-michelle-star.github.io/assets/css/main.scss 27:9  root stylesheet
WARNING: 7 repetitive deprecation warnings omitted.
Run in verbose mode to see all warnings.
                    ...done in 0.05148 seconds.
                    
[2026-04-27 23:51:36] ERROR Errno::ECONNRESET: Connection reset by peer @ io_fillbuf - fd:22 
	/Users/michellestar/Documents/GitHub/hello-michelle-star.github.io/vendor/bundle/ruby/3.4.0/gems/webrick-1.9.1/lib/webrick/httpserver.rb:82:in 'IO#eof?'
	/Users/michellestar/Documents/GitHub/hello-michelle-star.github.io/vendor/bundle/ruby/3.4.0/gems/webrick-1.9.1/lib/webrick/httpserver.rb:82:in 'WEBrick::HTTPServer#run'
	/Users/michellestar/Documents/GitHub/hello-michelle-star.github.io/vendor/bundle/ruby/3.4.0/gems/webrick-1.9.1/lib/webrick/server.rb:310:in 'block in WEBrick::GenericServer#start_thread'
      Regenerating: 1 file(s) changed at 2026-04-27 23:51:42
                    jekyll.log
       Jekyll Feed: Generating feed for posts
DEPRECATION WARNING [import]: Sass @import rules are deprecated and will be removed in Dart Sass 3.0.0.

More info and automated migrator: https://sass-lang.com/d/import

   ╷
27 │ @import "-sections-dir";
   │         ^^^^^^^^^^^^^^^
   ╵
    /Users/michellestar/Documents/GitHub/hello-michelle-star.github.io/assets/css/main.scss 27:9  root stylesheet
DEPRECATION WARNING [import]: Sass @import rules are deprecated and will be removed in Dart Sass 3.0.0.

More info and automated migrator: https://sass-lang.com/d/import

   ╷
28 │ @import 'about';
   │         ^^^^^^^
   ╵
    /Users/michellestar/Documents/GitHub/hello-michelle-star.github.io/assets/css/main.scss 28:9  root stylesheet
DEPRECATION WARNING [import]: Sass @import rules are deprecated and will be removed in Dart Sass 3.0.0.

More info and automated migrator: https://sass-lang.com/d/import

  ╷
2 │ @import "base",
  │         ^^^^^^
  ╵
    _-sections-dir.scss 2:9                                                                       @import
    /Users/michellestar/Documents/GitHub/hello-michelle-star.github.io/assets/css/main.scss 27:9  root stylesheet
DEPRECATION WARNING [import]: Sass @import rules are deprecated and will be removed in Dart Sass 3.0.0.

More info and automated migrator: https://sass-lang.com/d/import

  ╷
3 │         "code",
  │         ^^^^^^
  ╵
    _-sections-dir.scss 3:9                                                                       @import
    /Users/michellestar/Documents/GitHub/hello-michelle-star.github.io/assets/css/main.scss 27:9  root stylesheet
DEPRECATION WARNING [import]: Sass @import rules are deprecated and will be removed in Dart Sass 3.0.0.

More info and automated migrator: https://sass-lang.com/d/import

  ╷
4 │         "default",
  │         ^^^^^^^^^
  ╵
    _-sections-dir.scss 4:9                                                                       @import
    /Users/michellestar/Documents/GitHub/hello-michelle-star.github.io/assets/css/main.scss 27:9  root stylesheet
WARNING: 7 repetitive deprecation warnings omitted.
Run in verbose mode to see all warnings.
                    ...done in 0.049275 seconds.
                    
[2026-04-27 23:51:42] ERROR Errno::ECONNRESET: Connection reset by peer @ io_fillbuf - fd:21 
	/Users/michellestar/Documents/GitHub/hello-michelle-star.github.io/vendor/bundle/ruby/3.4.0/gems/webrick-1.9.1/lib/webrick/httpserver.rb:82:in 'IO#eof?'
	/Users/michellestar/Documents/GitHub/hello-michelle-star.github.io/vendor/bundle/ruby/3.4.0/gems/webrick-1.9.1/lib/webrick/httpserver.rb:82:in 'WEBrick::HTTPServer#run'
	/Users/michellestar/Documents/GitHub/hello-michelle-star.github.io/vendor/bundle/ruby/3.4.0/gems/webrick-1.9.1/lib/webrick/server.rb:310:in 'block in WEBrick::GenericServer#start_thread'
      Regenerating: 1 file(s) changed at 2026-04-27 23:51:48
                    jekyll.log
       Jekyll Feed: Generating feed for posts
DEPRECATION WARNING [import]: Sass @import rules are deprecated and will be removed in Dart Sass 3.0.0.

More info and automated migrator: https://sass-lang.com/d/import

   ╷
27 │ @import "-sections-dir";
   │         ^^^^^^^^^^^^^^^
   ╵
    /Users/michellestar/Documents/GitHub/hello-michelle-star.github.io/assets/css/main.scss 27:9  root stylesheet
DEPRECATION WARNING [import]: Sass @import rules are deprecated and will be removed in Dart Sass 3.0.0.

More info and automated migrator: https://sass-lang.com/d/import

   ╷
28 │ @import 'about';
   │         ^^^^^^^
   ╵
    /Users/michellestar/Documents/GitHub/hello-michelle-star.github.io/assets/css/main.scss 28:9  root stylesheet
DEPRECATION WARNING [import]: Sass @import rules are deprecated and will be removed in Dart Sass 3.0.0.

More info and automated migrator: https://sass-lang.com/d/import

  ╷
2 │ @import "base",
  │         ^^^^^^
  ╵
    _-sections-dir.scss 2:9                                                                       @import
    /Users/michellestar/Documents/GitHub/hello-michelle-star.github.io/assets/css/main.scss 27:9  root stylesheet
DEPRECATION WARNING [import]: Sass @import rules are deprecated and will be removed in Dart Sass 3.0.0.

More info and automated migrator: https://sass-lang.com/d/import

  ╷
3 │         "code",
  │         ^^^^^^
  ╵
    _-sections-dir.scss 3:9                                                                       @import
    /Users/michellestar/Documents/GitHub/hello-michelle-star.github.io/assets/css/main.scss 27:9  root stylesheet
DEPRECATION WARNING [import]: Sass @import rules are deprecated and will be removed in Dart Sass 3.0.0.

More info and automated migrator: https://sass-lang.com/d/import

  ╷
4 │         "default",
  │         ^^^^^^^^^
  ╵
    _-sections-dir.scss 4:9                                                                       @import
    /Users/michellestar/Documents/GitHub/hello-michelle-star.github.io/assets/css/main.scss 27:9  root stylesheet
WARNING: 7 repetitive deprecation warnings omitted.
Run in verbose mode to see all warnings.
                    ...done in 0.045281 seconds.
                    
[2026-04-27 23:51:48] ERROR Errno::ECONNRESET: Connection reset by peer @ io_fillbuf - fd:22 
	/Users/michellestar/Documents/GitHub/hello-michelle-star.github.io/vendor/bundle/ruby/3.4.0/gems/webrick-1.9.1/lib/webrick/httpserver.rb:82:in 'IO#eof?'
	/Users/michellestar/Documents/GitHub/hello-michelle-star.github.io/vendor/bundle/ruby/3.4.0/gems/webrick-1.9.1/lib/webrick/httpserver.rb:82:in 'WEBrick::HTTPServer#run'
	/Users/michellestar/Documents/GitHub/hello-michelle-star.github.io/vendor/bundle/ruby/3.4.0/gems/webrick-1.9.1/lib/webrick/server.rb:310:in 'block in WEBrick::GenericServer#start_thread'
      Regenerating: 1 file(s) changed at 2026-04-27 23:51:53
                    jekyll.log
       Jekyll Feed: Generating feed for posts
DEPRECATION WARNING [import]: Sass @import rules are deprecated and will be removed in Dart Sass 3.0.0.

More info and automated migrator: https://sass-lang.com/d/import

   ╷
27 │ @import "-sections-dir";
   │         ^^^^^^^^^^^^^^^
   ╵
    /Users/michellestar/Documents/GitHub/hello-michelle-star.github.io/assets/css/main.scss 27:9  root stylesheet
DEPRECATION WARNING [import]: Sass @import rules are deprecated and will be removed in Dart Sass 3.0.0.

More info and automated migrator: https://sass-lang.com/d/import

   ╷
28 │ @import 'about';
   │         ^^^^^^^
   ╵
    /Users/michellestar/Documents/GitHub/hello-michelle-star.github.io/assets/css/main.scss 28:9  root stylesheet
DEPRECATION WARNING [import]: Sass @import rules are deprecated and will be removed in Dart Sass 3.0.0.

More info and automated migrator: https://sass-lang.com/d/import

  ╷
2 │ @import "base",
  │         ^^^^^^
  ╵
    _-sections-dir.scss 2:9                                                                       @import
    /Users/michellestar/Documents/GitHub/hello-michelle-star.github.io/assets/css/main.scss 27:9  root stylesheet
DEPRECATION WARNING [import]: Sass @import rules are deprecated and will be removed in Dart Sass 3.0.0.

More info and automated migrator: https://sass-lang.com/d/import

  ╷
3 │         "code",
  │         ^^^^^^
  ╵
    _-sections-dir.scss 3:9                                                                       @import
    /Users/michellestar/Documents/GitHub/hello-michelle-star.github.io/assets/css/main.scss 27:9  root stylesheet
DEPRECATION WARNING [import]: Sass @import rules are deprecated and will be removed in Dart Sass 3.0.0.

More info and automated migrator: https://sass-lang.com/d/import

  ╷
4 │         "default",
  │         ^^^^^^^^^
  ╵
    _-sections-dir.scss 4:9                                                                       @import
    /Users/michellestar/Documents/GitHub/hello-michelle-star.github.io/assets/css/main.scss 27:9  root stylesheet
WARNING: 7 repetitive deprecation warnings omitted.
Run in verbose mode to see all warnings.
                    ...done in 0.048581 seconds.
                    
      Regenerating: 1 file(s) changed at 2026-04-27 23:52:01
                    jekyll.log
       Jekyll Feed: Generating feed for posts
DEPRECATION WARNING [import]: Sass @import rules are deprecated and will be removed in Dart Sass 3.0.0.

More info and automated migrator: https://sass-lang.com/d/import

   ╷
27 │ @import "-sections-dir";
   │         ^^^^^^^^^^^^^^^
   ╵
    /Users/michellestar/Documents/GitHub/hello-michelle-star.github.io/assets/css/main.scss 27:9  root stylesheet
DEPRECATION WARNING [import]: Sass @import rules are deprecated and will be removed in Dart Sass 3.0.0.

More info and automated migrator: https://sass-lang.com/d/import

   ╷
28 │ @import 'about';
   │         ^^^^^^^
   ╵
    /Users/michellestar/Documents/GitHub/hello-michelle-star.github.io/assets/css/main.scss 28:9  root stylesheet
DEPRECATION WARNING [import]: Sass @import rules are deprecated and will be removed in Dart Sass 3.0.0.

More info and automated migrator: https://sass-lang.com/d/import

  ╷
2 │ @import "base",
  │         ^^^^^^
  ╵
    _-sections-dir.scss 2:9                                                                       @import
    /Users/michellestar/Documents/GitHub/hello-michelle-star.github.io/assets/css/main.scss 27:9  root stylesheet
DEPRECATION WARNING [import]: Sass @import rules are deprecated and will be removed in Dart Sass 3.0.0.

More info and automated migrator: https://sass-lang.com/d/import

  ╷
3 │         "code",
  │         ^^^^^^
  ╵
    _-sections-dir.scss 3:9                                                                       @import
    /Users/michellestar/Documents/GitHub/hello-michelle-star.github.io/assets/css/main.scss 27:9  root stylesheet
DEPRECATION WARNING [import]: Sass @import rules are deprecated and will be removed in Dart Sass 3.0.0.

More info and automated migrator: https://sass-lang.com/d/import

  ╷
4 │         "default",
  │         ^^^^^^^^^
  ╵
    _-sections-dir.scss 4:9                                                                       @import
    /Users/michellestar/Documents/GitHub/hello-michelle-star.github.io/assets/css/main.scss 27:9  root stylesheet
WARNING: 7 repetitive deprecation warnings omitted.
Run in verbose mode to see all warnings.
                    ...done in 0.049911 seconds.
                    
[2026-04-27 23:52:01] ERROR Errno::ECONNRESET: Connection reset by peer @ io_fillbuf - fd:10 
	/Users/michellestar/Documents/GitHub/hello-michelle-star.github.io/vendor/bundle/ruby/3.4.0/gems/webrick-1.9.1/lib/webrick/httpserver.rb:82:in 'IO#eof?'
	/Users/michellestar/Documents/GitHub/hello-michelle-star.github.io/vendor/bundle/ruby/3.4.0/gems/webrick-1.9.1/lib/webrick/httpserver.rb:82:in 'WEBrick::HTTPServer#run'
	/Users/michellestar/Documents/GitHub/hello-michelle-star.github.io/vendor/bundle/ruby/3.4.0/gems/webrick-1.9.1/lib/webrick/server.rb:310:in 'block in WEBrick::GenericServer#start_thread'
      Regenerating: 1 file(s) changed at 2026-04-27 23:52:07
                    jekyll.log
       Jekyll Feed: Generating feed for posts
DEPRECATION WARNING [import]: Sass @import rules are deprecated and will be removed in Dart Sass 3.0.0.

More info and automated migrator: https://sass-lang.com/d/import

   ╷
27 │ @import "-sections-dir";
   │         ^^^^^^^^^^^^^^^
   ╵
    /Users/michellestar/Documents/GitHub/hello-michelle-star.github.io/assets/css/main.scss 27:9  root stylesheet
DEPRECATION WARNING [import]: Sass @import rules are deprecated and will be removed in Dart Sass 3.0.0.

More info and automated migrator: https://sass-lang.com/d/import

   ╷
28 │ @import 'about';
   │         ^^^^^^^
   ╵
    /Users/michellestar/Documents/GitHub/hello-michelle-star.github.io/assets/css/main.scss 28:9  root stylesheet
DEPRECATION WARNING [import]: Sass @import rules are deprecated and will be removed in Dart Sass 3.0.0.

More info and automated migrator: https://sass-lang.com/d/import

  ╷
2 │ @import "base",
  │         ^^^^^^
  ╵
    _-sections-dir.scss 2:9                                                                       @import
    /Users/michellestar/Documents/GitHub/hello-michelle-star.github.io/assets/css/main.scss 27:9  root stylesheet
DEPRECATION WARNING [import]: Sass @import rules are deprecated and will be removed in Dart Sass 3.0.0.

More info and automated migrator: https://sass-lang.com/d/import

  ╷
3 │         "code",
  │         ^^^^^^
  ╵
    _-sections-dir.scss 3:9                                                                       @import
    /Users/michellestar/Documents/GitHub/hello-michelle-star.github.io/assets/css/main.scss 27:9  root stylesheet
DEPRECATION WARNING [import]: Sass @import rules are deprecated and will be removed in Dart Sass 3.0.0.

More info and automated migrator: https://sass-lang.com/d/import

  ╷
4 │         "default",
  │         ^^^^^^^^^
  ╵
    _-sections-dir.scss 4:9                                                                       @import
    /Users/michellestar/Documents/GitHub/hello-michelle-star.github.io/assets/css/main.scss 27:9  root stylesheet
WARNING: 7 repetitive deprecation warnings omitted.
Run in verbose mode to see all warnings.
                    ...done in 0.053858 seconds.
                    
[2026-04-27 23:52:07] ERROR Errno::ECONNRESET: Connection reset by peer @ io_fillbuf - fd:19 
	/Users/michellestar/Documents/GitHub/hello-michelle-star.github.io/vendor/bundle/ruby/3.4.0/gems/webrick-1.9.1/lib/webrick/httpserver.rb:82:in 'IO#eof?'
	/Users/michellestar/Documents/GitHub/hello-michelle-star.github.io/vendor/bundle/ruby/3.4.0/gems/webrick-1.9.1/lib/webrick/httpserver.rb:82:in 'WEBrick::HTTPServer#run'
	/Users/michellestar/Documents/GitHub/hello-michelle-star.github.io/vendor/bundle/ruby/3.4.0/gems/webrick-1.9.1/lib/webrick/server.rb:310:in 'block in WEBrick::GenericServer#start_thread'
[2026-04-27 23:52:07] ERROR Errno::ECONNRESET: Connection reset by peer @ io_fillbuf - fd:24 
	/Users/michellestar/Documents/GitHub/hello-michelle-star.github.io/vendor/bundle/ruby/3.4.0/gems/webrick-1.9.1/lib/webrick/httpserver.rb:82:in 'IO#eof?'
	/Users/michellestar/Documents/GitHub/hello-michelle-star.github.io/vendor/bundle/ruby/3.4.0/gems/webrick-1.9.1/lib/webrick/httpserver.rb:82:in 'WEBrick::HTTPServer#run'
	/Users/michellestar/Documents/GitHub/hello-michelle-star.github.io/vendor/bundle/ruby/3.4.0/gems/webrick-1.9.1/lib/webrick/server.rb:310:in 'block in WEBrick::GenericServer#start_thread'
      Regenerating: 1 file(s) changed at 2026-04-27 23:52:13
                    jekyll.log
       Jekyll Feed: Generating feed for posts
DEPRECATION WARNING [import]: Sass @import rules are deprecated and will be removed in Dart Sass 3.0.0.

More info and automated migrator: https://sass-lang.com/d/import

   ╷
27 │ @import "-sections-dir";
   │         ^^^^^^^^^^^^^^^
   ╵
    /Users/michellestar/Documents/GitHub/hello-michelle-star.github.io/assets/css/main.scss 27:9  root stylesheet
DEPRECATION WARNING [import]: Sass @import rules are deprecated and will be removed in Dart Sass 3.0.0.

More info and automated migrator: https://sass-lang.com/d/import

   ╷
28 │ @import 'about';
   │         ^^^^^^^
   ╵
    /Users/michellestar/Documents/GitHub/hello-michelle-star.github.io/assets/css/main.scss 28:9  root stylesheet
DEPRECATION WARNING [import]: Sass @import rules are deprecated and will be removed in Dart Sass 3.0.0.

More info and automated migrator: https://sass-lang.com/d/import

  ╷
2 │ @import "base",
  │         ^^^^^^
  ╵
    _-sections-dir.scss 2:9                                                                       @import
    /Users/michellestar/Documents/GitHub/hello-michelle-star.github.io/assets/css/main.scss 27:9  root stylesheet
DEPRECATION WARNING [import]: Sass @import rules are deprecated and will be removed in Dart Sass 3.0.0.

More info and automated migrator: https://sass-lang.com/d/import

  ╷
3 │         "code",
  │         ^^^^^^
  ╵
    _-sections-dir.scss 3:9                                                                       @import
    /Users/michellestar/Documents/GitHub/hello-michelle-star.github.io/assets/css/main.scss 27:9  root stylesheet
DEPRECATION WARNING [import]: Sass @import rules are deprecated and will be removed in Dart Sass 3.0.0.

More info and automated migrator: https://sass-lang.com/d/import

  ╷
4 │         "default",
  │         ^^^^^^^^^
  ╵
    _-sections-dir.scss 4:9                                                                       @import
    /Users/michellestar/Documents/GitHub/hello-michelle-star.github.io/assets/css/main.scss 27:9  root stylesheet
WARNING: 7 repetitive deprecation warnings omitted.
Run in verbose mode to see all warnings.
                    ...done in 0.055632 seconds.
                    
      Regenerating: 1 file(s) changed at 2026-04-27 23:52:20
                    jekyll.log
       Jekyll Feed: Generating feed for posts
DEPRECATION WARNING [import]: Sass @import rules are deprecated and will be removed in Dart Sass 3.0.0.

More info and automated migrator: https://sass-lang.com/d/import

   ╷
27 │ @import "-sections-dir";
   │         ^^^^^^^^^^^^^^^
   ╵
    /Users/michellestar/Documents/GitHub/hello-michelle-star.github.io/assets/css/main.scss 27:9  root stylesheet
DEPRECATION WARNING [import]: Sass @import rules are deprecated and will be removed in Dart Sass 3.0.0.

More info and automated migrator: https://sass-lang.com/d/import

   ╷
28 │ @import 'about';
   │         ^^^^^^^
   ╵
    /Users/michellestar/Documents/GitHub/hello-michelle-star.github.io/assets/css/main.scss 28:9  root stylesheet
DEPRECATION WARNING [import]: Sass @import rules are deprecated and will be removed in Dart Sass 3.0.0.

More info and automated migrator: https://sass-lang.com/d/import

  ╷
2 │ @import "base",
  │         ^^^^^^
  ╵
    _-sections-dir.scss 2:9                                                                       @import
    /Users/michellestar/Documents/GitHub/hello-michelle-star.github.io/assets/css/main.scss 27:9  root stylesheet
DEPRECATION WARNING [import]: Sass @import rules are deprecated and will be removed in Dart Sass 3.0.0.

More info and automated migrator: https://sass-lang.com/d/import

  ╷
3 │         "code",
  │         ^^^^^^
  ╵
    _-sections-dir.scss 3:9                                                                       @import
    /Users/michellestar/Documents/GitHub/hello-michelle-star.github.io/assets/css/main.scss 27:9  root stylesheet
DEPRECATION WARNING [import]: Sass @import rules are deprecated and will be removed in Dart Sass 3.0.0.

More info and automated migrator: https://sass-lang.com/d/import

  ╷
4 │         "default",
  │         ^^^^^^^^^
  ╵
    _-sections-dir.scss 4:9                                                                       @import
    /Users/michellestar/Documents/GitHub/hello-michelle-star.github.io/assets/css/main.scss 27:9  root stylesheet
WARNING: 7 repetitive deprecation warnings omitted.
Run in verbose mode to see all warnings.
                    ...done in 0.049224 seconds.
                    
[2026-04-27 23:52:20] ERROR Errno::ECONNRESET: Connection reset by peer @ io_fillbuf - fd:18 
	/Users/michellestar/Documents/GitHub/hello-michelle-star.github.io/vendor/bundle/ruby/3.4.0/gems/webrick-1.9.1/lib/webrick/httpserver.rb:82:in 'IO#eof?'
	/Users/michellestar/Documents/GitHub/hello-michelle-star.github.io/vendor/bundle/ruby/3.4.0/gems/webrick-1.9.1/lib/webrick/httpserver.rb:82:in 'WEBrick::HTTPServer#run'
	/Users/michellestar/Documents/GitHub/hello-michelle-star.github.io/vendor/bundle/ruby/3.4.0/gems/webrick-1.9.1/lib/webrick/server.rb:310:in 'block in WEBrick::GenericServer#start_thread'
[2026-04-27 23:52:20] ERROR Errno::ECONNRESET: Connection reset by peer @ io_fillbuf - fd:25 
	/Users/michellestar/Documents/GitHub/hello-michelle-star.github.io/vendor/bundle/ruby/3.4.0/gems/webrick-1.9.1/lib/webrick/httpserver.rb:82:in 'IO#eof?'
	/Users/michellestar/Documents/GitHub/hello-michelle-star.github.io/vendor/bundle/ruby/3.4.0/gems/webrick-1.9.1/lib/webrick/httpserver.rb:82:in 'WEBrick::HTTPServer#run'
	/Users/michellestar/Documents/GitHub/hello-michelle-star.github.io/vendor/bundle/ruby/3.4.0/gems/webrick-1.9.1/lib/webrick/server.rb:310:in 'block in WEBrick::GenericServer#start_thread'
      Regenerating: 1 file(s) changed at 2026-04-27 23:52:26
                    jekyll.log
       Jekyll Feed: Generating feed for posts
DEPRECATION WARNING [import]: Sass @import rules are deprecated and will be removed in Dart Sass 3.0.0.

More info and automated migrator: https://sass-lang.com/d/import

   ╷
27 │ @import "-sections-dir";
   │         ^^^^^^^^^^^^^^^
   ╵
    /Users/michellestar/Documents/GitHub/hello-michelle-star.github.io/assets/css/main.scss 27:9  root stylesheet
DEPRECATION WARNING [import]: Sass @import rules are deprecated and will be removed in Dart Sass 3.0.0.

More info and automated migrator: https://sass-lang.com/d/import

   ╷
28 │ @import 'about';
   │         ^^^^^^^
   ╵
    /Users/michellestar/Documents/GitHub/hello-michelle-star.github.io/assets/css/main.scss 28:9  root stylesheet
DEPRECATION WARNING [import]: Sass @import rules are deprecated and will be removed in Dart Sass 3.0.0.

More info and automated migrator: https://sass-lang.com/d/import

  ╷
2 │ @import "base",
  │         ^^^^^^
  ╵
    _-sections-dir.scss 2:9                                                                       @import
    /Users/michellestar/Documents/GitHub/hello-michelle-star.github.io/assets/css/main.scss 27:9  root stylesheet
DEPRECATION WARNING [import]: Sass @import rules are deprecated and will be removed in Dart Sass 3.0.0.

More info and automated migrator: https://sass-lang.com/d/import

  ╷
3 │         "code",
  │         ^^^^^^
  ╵
    _-sections-dir.scss 3:9                                                                       @import
    /Users/michellestar/Documents/GitHub/hello-michelle-star.github.io/assets/css/main.scss 27:9  root stylesheet
DEPRECATION WARNING [import]: Sass @import rules are deprecated and will be removed in Dart Sass 3.0.0.

More info and automated migrator: https://sass-lang.com/d/import

  ╷
4 │         "default",
  │         ^^^^^^^^^
  ╵
    _-sections-dir.scss 4:9                                                                       @import
    /Users/michellestar/Documents/GitHub/hello-michelle-star.github.io/assets/css/main.scss 27:9  root stylesheet
WARNING: 7 repetitive deprecation warnings omitted.
Run in verbose mode to see all warnings.
                    ...done in 0.04867 seconds.
                    
      Regenerating: 1 file(s) changed at 2026-04-27 23:52:32
                    jekyll.log
       Jekyll Feed: Generating feed for posts
DEPRECATION WARNING [import]: Sass @import rules are deprecated and will be removed in Dart Sass 3.0.0.

More info and automated migrator: https://sass-lang.com/d/import

   ╷
27 │ @import "-sections-dir";
   │         ^^^^^^^^^^^^^^^
   ╵
    /Users/michellestar/Documents/GitHub/hello-michelle-star.github.io/assets/css/main.scss 27:9  root stylesheet
DEPRECATION WARNING [import]: Sass @import rules are deprecated and will be removed in Dart Sass 3.0.0.

More info and automated migrator: https://sass-lang.com/d/import

   ╷
28 │ @import 'about';
   │         ^^^^^^^
   ╵
    /Users/michellestar/Documents/GitHub/hello-michelle-star.github.io/assets/css/main.scss 28:9  root stylesheet
DEPRECATION WARNING [import]: Sass @import rules are deprecated and will be removed in Dart Sass 3.0.0.

More info and automated migrator: https://sass-lang.com/d/import

  ╷
2 │ @import "base",
  │         ^^^^^^
  ╵
    _-sections-dir.scss 2:9                                                                       @import
    /Users/michellestar/Documents/GitHub/hello-michelle-star.github.io/assets/css/main.scss 27:9  root stylesheet
DEPRECATION WARNING [import]: Sass @import rules are deprecated and will be removed in Dart Sass 3.0.0.

More info and automated migrator: https://sass-lang.com/d/import

  ╷
3 │         "code",
  │         ^^^^^^
  ╵
    _-sections-dir.scss 3:9                                                                       @import
    /Users/michellestar/Documents/GitHub/hello-michelle-star.github.io/assets/css/main.scss 27:9  root stylesheet
DEPRECATION WARNING [import]: Sass @import rules are deprecated and will be removed in Dart Sass 3.0.0.

More info and automated migrator: https://sass-lang.com/d/import

  ╷
4 │         "default",
  │         ^^^^^^^^^
  ╵
    _-sections-dir.scss 4:9                                                                       @import
    /Users/michellestar/Documents/GitHub/hello-michelle-star.github.io/assets/css/main.scss 27:9  root stylesheet
WARNING: 7 repetitive deprecation warnings omitted.
Run in verbose mode to see all warnings.
                    ...done in 0.0526 seconds.
                    
      Regenerating: 1 file(s) changed at 2026-04-27 23:52:38
                    jekyll.log
       Jekyll Feed: Generating feed for posts
DEPRECATION WARNING [import]: Sass @import rules are deprecated and will be removed in Dart Sass 3.0.0.

More info and automated migrator: https://sass-lang.com/d/import

   ╷
27 │ @import "-sections-dir";
   │         ^^^^^^^^^^^^^^^
   ╵
    /Users/michellestar/Documents/GitHub/hello-michelle-star.github.io/assets/css/main.scss 27:9  root stylesheet
DEPRECATION WARNING [import]: Sass @import rules are deprecated and will be removed in Dart Sass 3.0.0.

More info and automated migrator: https://sass-lang.com/d/import

   ╷
28 │ @import 'about';
   │         ^^^^^^^
   ╵
    /Users/michellestar/Documents/GitHub/hello-michelle-star.github.io/assets/css/main.scss 28:9  root stylesheet
DEPRECATION WARNING [import]: Sass @import rules are deprecated and will be removed in Dart Sass 3.0.0.

More info and automated migrator: https://sass-lang.com/d/import

  ╷
2 │ @import "base",
  │         ^^^^^^
  ╵
    _-sections-dir.scss 2:9                                                                       @import
    /Users/michellestar/Documents/GitHub/hello-michelle-star.github.io/assets/css/main.scss 27:9  root stylesheet
DEPRECATION WARNING [import]: Sass @import rules are deprecated and will be removed in Dart Sass 3.0.0.

More info and automated migrator: https://sass-lang.com/d/import

  ╷
3 │         "code",
  │         ^^^^^^
  ╵
    _-sections-dir.scss 3:9                                                                       @import
    /Users/michellestar/Documents/GitHub/hello-michelle-star.github.io/assets/css/main.scss 27:9  root stylesheet
DEPRECATION WARNING [import]: Sass @import rules are deprecated and will be removed in Dart Sass 3.0.0.

More info and automated migrator: https://sass-lang.com/d/import

  ╷
4 │         "default",
  │         ^^^^^^^^^
  ╵
    _-sections-dir.scss 4:9                                                                       @import
    /Users/michellestar/Documents/GitHub/hello-michelle-star.github.io/assets/css/main.scss 27:9  root stylesheet
WARNING: 7 repetitive deprecation warnings omitted.
Run in verbose mode to see all warnings.
                    ...done in 0.049512 seconds.
                    
      Regenerating: 1 file(s) changed at 2026-04-27 23:52:43
                    jekyll.log
       Jekyll Feed: Generating feed for posts
DEPRECATION WARNING [import]: Sass @import rules are deprecated and will be removed in Dart Sass 3.0.0.

More info and automated migrator: https://sass-lang.com/d/import

   ╷
27 │ @import "-sections-dir";
   │         ^^^^^^^^^^^^^^^
   ╵
    /Users/michellestar/Documents/GitHub/hello-michelle-star.github.io/assets/css/main.scss 27:9  root stylesheet
DEPRECATION WARNING [import]: Sass @import rules are deprecated and will be removed in Dart Sass 3.0.0.

More info and automated migrator: https://sass-lang.com/d/import

   ╷
28 │ @import 'about';
   │         ^^^^^^^
   ╵
    /Users/michellestar/Documents/GitHub/hello-michelle-star.github.io/assets/css/main.scss 28:9  root stylesheet
DEPRECATION WARNING [import]: Sass @import rules are deprecated and will be removed in Dart Sass 3.0.0.

More info and automated migrator: https://sass-lang.com/d/import

  ╷
2 │ @import "base",
  │         ^^^^^^
  ╵
    _-sections-dir.scss 2:9                                                                       @import
    /Users/michellestar/Documents/GitHub/hello-michelle-star.github.io/assets/css/main.scss 27:9  root stylesheet
DEPRECATION WARNING [import]: Sass @import rules are deprecated and will be removed in Dart Sass 3.0.0.

More info and automated migrator: https://sass-lang.com/d/import

  ╷
3 │         "code",
  │         ^^^^^^
  ╵
    _-sections-dir.scss 3:9                                                                       @import
    /Users/michellestar/Documents/GitHub/hello-michelle-star.github.io/assets/css/main.scss 27:9  root stylesheet
DEPRECATION WARNING [import]: Sass @import rules are deprecated and will be removed in Dart Sass 3.0.0.

More info and automated migrator: https://sass-lang.com/d/import

  ╷
4 │         "default",
  │         ^^^^^^^^^
  ╵
    _-sections-dir.scss 4:9                                                                       @import
    /Users/michellestar/Documents/GitHub/hello-michelle-star.github.io/assets/css/main.scss 27:9  root stylesheet
WARNING: 7 repetitive deprecation warnings omitted.
Run in verbose mode to see all warnings.
                    ...done in 0.042327 seconds.
                    
[2026-04-27 23:52:43] ERROR Errno::ECONNRESET: Connection reset by peer @ io_fillbuf - fd:21 
	/Users/michellestar/Documents/GitHub/hello-michelle-star.github.io/vendor/bundle/ruby/3.4.0/gems/webrick-1.9.1/lib/webrick/httpserver.rb:82:in 'IO#eof?'
	/Users/michellestar/Documents/GitHub/hello-michelle-star.github.io/vendor/bundle/ruby/3.4.0/gems/webrick-1.9.1/lib/webrick/httpserver.rb:82:in 'WEBrick::HTTPServer#run'
	/Users/michellestar/Documents/GitHub/hello-michelle-star.github.io/vendor/bundle/ruby/3.4.0/gems/webrick-1.9.1/lib/webrick/server.rb:310:in 'block in WEBrick::GenericServer#start_thread'
      Regenerating: 1 file(s) changed at 2026-04-27 23:52:49
                    jekyll.log
       Jekyll Feed: Generating feed for posts
DEPRECATION WARNING [import]: Sass @import rules are deprecated and will be removed in Dart Sass 3.0.0.

More info and automated migrator: https://sass-lang.com/d/import

   ╷
27 │ @import "-sections-dir";
   │         ^^^^^^^^^^^^^^^
   ╵
    /Users/michellestar/Documents/GitHub/hello-michelle-star.github.io/assets/css/main.scss 27:9  root stylesheet
DEPRECATION WARNING [import]: Sass @import rules are deprecated and will be removed in Dart Sass 3.0.0.

More info and automated migrator: https://sass-lang.com/d/import

   ╷
28 │ @import 'about';
   │         ^^^^^^^
   ╵
    /Users/michellestar/Documents/GitHub/hello-michelle-star.github.io/assets/css/main.scss 28:9  root stylesheet
DEPRECATION WARNING [import]: Sass @import rules are deprecated and will be removed in Dart Sass 3.0.0.

More info and automated migrator: https://sass-lang.com/d/import

  ╷
2 │ @import "base",
  │         ^^^^^^
  ╵
    _-sections-dir.scss 2:9                                                                       @import
    /Users/michellestar/Documents/GitHub/hello-michelle-star.github.io/assets/css/main.scss 27:9  root stylesheet
DEPRECATION WARNING [import]: Sass @import rules are deprecated and will be removed in Dart Sass 3.0.0.

More info and automated migrator: https://sass-lang.com/d/import

  ╷
3 │         "code",
  │         ^^^^^^
  ╵
    _-sections-dir.scss 3:9                                                                       @import
    /Users/michellestar/Documents/GitHub/hello-michelle-star.github.io/assets/css/main.scss 27:9  root stylesheet
DEPRECATION WARNING [import]: Sass @import rules are deprecated and will be removed in Dart Sass 3.0.0.

More info and automated migrator: https://sass-lang.com/d/import

  ╷
4 │         "default",
  │         ^^^^^^^^^
  ╵
    _-sections-dir.scss 4:9                                                                       @import
    /Users/michellestar/Documents/GitHub/hello-michelle-star.github.io/assets/css/main.scss 27:9  root stylesheet
WARNING: 7 repetitive deprecation warnings omitted.
Run in verbose mode to see all warnings.
                    ...done in 0.048127 seconds.
                    
[2026-04-27 23:52:49] ERROR Errno::ECONNRESET: Connection reset by peer @ io_fillbuf - fd:22 
	/Users/michellestar/Documents/GitHub/hello-michelle-star.github.io/vendor/bundle/ruby/3.4.0/gems/webrick-1.9.1/lib/webrick/httpserver.rb:82:in 'IO#eof?'
	/Users/michellestar/Documents/GitHub/hello-michelle-star.github.io/vendor/bundle/ruby/3.4.0/gems/webrick-1.9.1/lib/webrick/httpserver.rb:82:in 'WEBrick::HTTPServer#run'
	/Users/michellestar/Documents/GitHub/hello-michelle-star.github.io/vendor/bundle/ruby/3.4.0/gems/webrick-1.9.1/lib/webrick/server.rb:310:in 'block in WEBrick::GenericServer#start_thread'
      Regenerating: 1 file(s) changed at 2026-04-27 23:52:55
                    jekyll.log
       Jekyll Feed: Generating feed for posts
DEPRECATION WARNING [import]: Sass @import rules are deprecated and will be removed in Dart Sass 3.0.0.

More info and automated migrator: https://sass-lang.com/d/import

   ╷
27 │ @import "-sections-dir";
   │         ^^^^^^^^^^^^^^^
   ╵
    /Users/michellestar/Documents/GitHub/hello-michelle-star.github.io/assets/css/main.scss 27:9  root stylesheet
DEPRECATION WARNING [import]: Sass @import rules are deprecated and will be removed in Dart Sass 3.0.0.

More info and automated migrator: https://sass-lang.com/d/import

   ╷
28 │ @import 'about';
   │         ^^^^^^^
   ╵
    /Users/michellestar/Documents/GitHub/hello-michelle-star.github.io/assets/css/main.scss 28:9  root stylesheet
DEPRECATION WARNING [import]: Sass @import rules are deprecated and will be removed in Dart Sass 3.0.0.

More info and automated migrator: https://sass-lang.com/d/import

  ╷
2 │ @import "base",
  │         ^^^^^^
  ╵
    _-sections-dir.scss 2:9                                                                       @import
    /Users/michellestar/Documents/GitHub/hello-michelle-star.github.io/assets/css/main.scss 27:9  root stylesheet
DEPRECATION WARNING [import]: Sass @import rules are deprecated and will be removed in Dart Sass 3.0.0.

More info and automated migrator: https://sass-lang.com/d/import

  ╷
3 │         "code",
  │         ^^^^^^
  ╵
    _-sections-dir.scss 3:9                                                                       @import
    /Users/michellestar/Documents/GitHub/hello-michelle-star.github.io/assets/css/main.scss 27:9  root stylesheet
DEPRECATION WARNING [import]: Sass @import rules are deprecated and will be removed in Dart Sass 3.0.0.

More info and automated migrator: https://sass-lang.com/d/import

  ╷
4 │         "default",
  │         ^^^^^^^^^
  ╵
    _-sections-dir.scss 4:9                                                                       @import
    /Users/michellestar/Documents/GitHub/hello-michelle-star.github.io/assets/css/main.scss 27:9  root stylesheet
WARNING: 7 repetitive deprecation warnings omitted.
Run in verbose mode to see all warnings.
                    ...done in 0.046076 seconds.
                    
[2026-04-27 23:52:55] ERROR Errno::ECONNRESET: Connection reset by peer @ io_fillbuf - fd:21 
	/Users/michellestar/Documents/GitHub/hello-michelle-star.github.io/vendor/bundle/ruby/3.4.0/gems/webrick-1.9.1/lib/webrick/httpserver.rb:82:in 'IO#eof?'
	/Users/michellestar/Documents/GitHub/hello-michelle-star.github.io/vendor/bundle/ruby/3.4.0/gems/webrick-1.9.1/lib/webrick/httpserver.rb:82:in 'WEBrick::HTTPServer#run'
	/Users/michellestar/Documents/GitHub/hello-michelle-star.github.io/vendor/bundle/ruby/3.4.0/gems/webrick-1.9.1/lib/webrick/server.rb:310:in 'block in WEBrick::GenericServer#start_thread'
      Regenerating: 1 file(s) changed at 2026-04-27 23:53:00
                    jekyll.log
       Jekyll Feed: Generating feed for posts
DEPRECATION WARNING [import]: Sass @import rules are deprecated and will be removed in Dart Sass 3.0.0.

More info and automated migrator: https://sass-lang.com/d/import

   ╷
27 │ @import "-sections-dir";
   │         ^^^^^^^^^^^^^^^
   ╵
    /Users/michellestar/Documents/GitHub/hello-michelle-star.github.io/assets/css/main.scss 27:9  root stylesheet
DEPRECATION WARNING [import]: Sass @import rules are deprecated and will be removed in Dart Sass 3.0.0.

More info and automated migrator: https://sass-lang.com/d/import

   ╷
28 │ @import 'about';
   │         ^^^^^^^
   ╵
    /Users/michellestar/Documents/GitHub/hello-michelle-star.github.io/assets/css/main.scss 28:9  root stylesheet
DEPRECATION WARNING [import]: Sass @import rules are deprecated and will be removed in Dart Sass 3.0.0.

More info and automated migrator: https://sass-lang.com/d/import

  ╷
2 │ @import "base",
  │         ^^^^^^
  ╵
    _-sections-dir.scss 2:9                                                                       @import
    /Users/michellestar/Documents/GitHub/hello-michelle-star.github.io/assets/css/main.scss 27:9  root stylesheet
DEPRECATION WARNING [import]: Sass @import rules are deprecated and will be removed in Dart Sass 3.0.0.

More info and automated migrator: https://sass-lang.com/d/import

  ╷
3 │         "code",
  │         ^^^^^^
  ╵
    _-sections-dir.scss 3:9                                                                       @import
    /Users/michellestar/Documents/GitHub/hello-michelle-star.github.io/assets/css/main.scss 27:9  root stylesheet
DEPRECATION WARNING [import]: Sass @import rules are deprecated and will be removed in Dart Sass 3.0.0.

More info and automated migrator: https://sass-lang.com/d/import

  ╷
4 │         "default",
  │         ^^^^^^^^^
  ╵
    _-sections-dir.scss 4:9                                                                       @import
    /Users/michellestar/Documents/GitHub/hello-michelle-star.github.io/assets/css/main.scss 27:9  root stylesheet
WARNING: 7 repetitive deprecation warnings omitted.
Run in verbose mode to see all warnings.
                    ...done in 0.045361 seconds.
                    
[2026-04-27 23:53:01] ERROR Errno::ECONNRESET: Connection reset by peer @ io_fillbuf - fd:23 
	/Users/michellestar/Documents/GitHub/hello-michelle-star.github.io/vendor/bundle/ruby/3.4.0/gems/webrick-1.9.1/lib/webrick/httpserver.rb:82:in 'IO#eof?'
	/Users/michellestar/Documents/GitHub/hello-michelle-star.github.io/vendor/bundle/ruby/3.4.0/gems/webrick-1.9.1/lib/webrick/httpserver.rb:82:in 'WEBrick::HTTPServer#run'
	/Users/michellestar/Documents/GitHub/hello-michelle-star.github.io/vendor/bundle/ruby/3.4.0/gems/webrick-1.9.1/lib/webrick/server.rb:310:in 'block in WEBrick::GenericServer#start_thread'
      Regenerating: 1 file(s) changed at 2026-04-27 23:53:06
                    jekyll.log
       Jekyll Feed: Generating feed for posts
DEPRECATION WARNING [import]: Sass @import rules are deprecated and will be removed in Dart Sass 3.0.0.

More info and automated migrator: https://sass-lang.com/d/import

   ╷
27 │ @import "-sections-dir";
   │         ^^^^^^^^^^^^^^^
   ╵
    /Users/michellestar/Documents/GitHub/hello-michelle-star.github.io/assets/css/main.scss 27:9  root stylesheet
DEPRECATION WARNING [import]: Sass @import rules are deprecated and will be removed in Dart Sass 3.0.0.

More info and automated migrator: https://sass-lang.com/d/import

   ╷
28 │ @import 'about';
   │         ^^^^^^^
   ╵
    /Users/michellestar/Documents/GitHub/hello-michelle-star.github.io/assets/css/main.scss 28:9  root stylesheet
DEPRECATION WARNING [import]: Sass @import rules are deprecated and will be removed in Dart Sass 3.0.0.

More info and automated migrator: https://sass-lang.com/d/import

  ╷
2 │ @import "base",
  │         ^^^^^^
  ╵
    _-sections-dir.scss 2:9                                                                       @import
    /Users/michellestar/Documents/GitHub/hello-michelle-star.github.io/assets/css/main.scss 27:9  root stylesheet
DEPRECATION WARNING [import]: Sass @import rules are deprecated and will be removed in Dart Sass 3.0.0.

More info and automated migrator: https://sass-lang.com/d/import

  ╷
3 │         "code",
  │         ^^^^^^
  ╵
    _-sections-dir.scss 3:9                                                                       @import
    /Users/michellestar/Documents/GitHub/hello-michelle-star.github.io/assets/css/main.scss 27:9  root stylesheet
DEPRECATION WARNING [import]: Sass @import rules are deprecated and will be removed in Dart Sass 3.0.0.

More info and automated migrator: https://sass-lang.com/d/import

  ╷
4 │         "default",
  │         ^^^^^^^^^
  ╵
    _-sections-dir.scss 4:9                                                                       @import
    /Users/michellestar/Documents/GitHub/hello-michelle-star.github.io/assets/css/main.scss 27:9  root stylesheet
WARNING: 7 repetitive deprecation warnings omitted.
Run in verbose mode to see all warnings.
                    ...done in 0.049699 seconds.
                    
[2026-04-27 23:53:06] ERROR Errno::ECONNRESET: Connection reset by peer @ io_fillbuf - fd:23 
	/Users/michellestar/Documents/GitHub/hello-michelle-star.github.io/vendor/bundle/ruby/3.4.0/gems/webrick-1.9.1/lib/webrick/httpserver.rb:82:in 'IO#eof?'
	/Users/michellestar/Documents/GitHub/hello-michelle-star.github.io/vendor/bundle/ruby/3.4.0/gems/webrick-1.9.1/lib/webrick/httpserver.rb:82:in 'WEBrick::HTTPServer#run'
	/Users/michellestar/Documents/GitHub/hello-michelle-star.github.io/vendor/bundle/ruby/3.4.0/gems/webrick-1.9.1/lib/webrick/server.rb:310:in 'block in WEBrick::GenericServer#start_thread'
      Regenerating: 1 file(s) changed at 2026-04-27 23:53:12
                    jekyll.log
       Jekyll Feed: Generating feed for posts
DEPRECATION WARNING [import]: Sass @import rules are deprecated and will be removed in Dart Sass 3.0.0.

More info and automated migrator: https://sass-lang.com/d/import

   ╷
27 │ @import "-sections-dir";
   │         ^^^^^^^^^^^^^^^
   ╵
    /Users/michellestar/Documents/GitHub/hello-michelle-star.github.io/assets/css/main.scss 27:9  root stylesheet
DEPRECATION WARNING [import]: Sass @import rules are deprecated and will be removed in Dart Sass 3.0.0.

More info and automated migrator: https://sass-lang.com/d/import

   ╷
28 │ @import 'about';
   │         ^^^^^^^
   ╵
    /Users/michellestar/Documents/GitHub/hello-michelle-star.github.io/assets/css/main.scss 28:9  root stylesheet
DEPRECATION WARNING [import]: Sass @import rules are deprecated and will be removed in Dart Sass 3.0.0.

More info and automated migrator: https://sass-lang.com/d/import

  ╷
2 │ @import "base",
  │         ^^^^^^
  ╵
    _-sections-dir.scss 2:9                                                                       @import
    /Users/michellestar/Documents/GitHub/hello-michelle-star.github.io/assets/css/main.scss 27:9  root stylesheet
DEPRECATION WARNING [import]: Sass @import rules are deprecated and will be removed in Dart Sass 3.0.0.

More info and automated migrator: https://sass-lang.com/d/import

  ╷
3 │         "code",
  │         ^^^^^^
  ╵
    _-sections-dir.scss 3:9                                                                       @import
    /Users/michellestar/Documents/GitHub/hello-michelle-star.github.io/assets/css/main.scss 27:9  root stylesheet
DEPRECATION WARNING [import]: Sass @import rules are deprecated and will be removed in Dart Sass 3.0.0.

More info and automated migrator: https://sass-lang.com/d/import

  ╷
4 │         "default",
  │         ^^^^^^^^^
  ╵
    _-sections-dir.scss 4:9                                                                       @import
    /Users/michellestar/Documents/GitHub/hello-michelle-star.github.io/assets/css/main.scss 27:9  root stylesheet
WARNING: 7 repetitive deprecation warnings omitted.
Run in verbose mode to see all warnings.
                    ...done in 0.046451 seconds.
                    
      Regenerating: 1 file(s) changed at 2026-04-27 23:53:17
                    jekyll.log
       Jekyll Feed: Generating feed for posts
DEPRECATION WARNING [import]: Sass @import rules are deprecated and will be removed in Dart Sass 3.0.0.

More info and automated migrator: https://sass-lang.com/d/import

   ╷
27 │ @import "-sections-dir";
   │         ^^^^^^^^^^^^^^^
   ╵
    /Users/michellestar/Documents/GitHub/hello-michelle-star.github.io/assets/css/main.scss 27:9  root stylesheet
DEPRECATION WARNING [import]: Sass @import rules are deprecated and will be removed in Dart Sass 3.0.0.

More info and automated migrator: https://sass-lang.com/d/import

   ╷
28 │ @import 'about';
   │         ^^^^^^^
   ╵
    /Users/michellestar/Documents/GitHub/hello-michelle-star.github.io/assets/css/main.scss 28:9  root stylesheet
DEPRECATION WARNING [import]: Sass @import rules are deprecated and will be removed in Dart Sass 3.0.0.

More info and automated migrator: https://sass-lang.com/d/import

  ╷
2 │ @import "base",
  │         ^^^^^^
  ╵
    _-sections-dir.scss 2:9                                                                       @import
    /Users/michellestar/Documents/GitHub/hello-michelle-star.github.io/assets/css/main.scss 27:9  root stylesheet
DEPRECATION WARNING [import]: Sass @import rules are deprecated and will be removed in Dart Sass 3.0.0.

More info and automated migrator: https://sass-lang.com/d/import

  ╷
3 │         "code",
  │         ^^^^^^
  ╵
    _-sections-dir.scss 3:9                                                                       @import
    /Users/michellestar/Documents/GitHub/hello-michelle-star.github.io/assets/css/main.scss 27:9  root stylesheet
DEPRECATION WARNING [import]: Sass @import rules are deprecated and will be removed in Dart Sass 3.0.0.

More info and automated migrator: https://sass-lang.com/d/import

  ╷
4 │         "default",
  │         ^^^^^^^^^
  ╵
    _-sections-dir.scss 4:9                                                                       @import
    /Users/michellestar/Documents/GitHub/hello-michelle-star.github.io/assets/css/main.scss 27:9  root stylesheet
WARNING: 7 repetitive deprecation warnings omitted.
Run in verbose mode to see all warnings.
                    ...done in 0.04031 seconds.
                    
      Regenerating: 1 file(s) changed at 2026-04-27 23:53:21
                    jekyll.log
       Jekyll Feed: Generating feed for posts
DEPRECATION WARNING [import]: Sass @import rules are deprecated and will be removed in Dart Sass 3.0.0.

More info and automated migrator: https://sass-lang.com/d/import

   ╷
27 │ @import "-sections-dir";
   │         ^^^^^^^^^^^^^^^
   ╵
    /Users/michellestar/Documents/GitHub/hello-michelle-star.github.io/assets/css/main.scss 27:9  root stylesheet
DEPRECATION WARNING [import]: Sass @import rules are deprecated and will be removed in Dart Sass 3.0.0.

More info and automated migrator: https://sass-lang.com/d/import

   ╷
28 │ @import 'about';
   │         ^^^^^^^
   ╵
    /Users/michellestar/Documents/GitHub/hello-michelle-star.github.io/assets/css/main.scss 28:9  root stylesheet
DEPRECATION WARNING [import]: Sass @import rules are deprecated and will be removed in Dart Sass 3.0.0.

More info and automated migrator: https://sass-lang.com/d/import

  ╷
2 │ @import "base",
  │         ^^^^^^
  ╵
    _-sections-dir.scss 2:9                                                                       @import
    /Users/michellestar/Documents/GitHub/hello-michelle-star.github.io/assets/css/main.scss 27:9  root stylesheet
DEPRECATION WARNING [import]: Sass @import rules are deprecated and will be removed in Dart Sass 3.0.0.

More info and automated migrator: https://sass-lang.com/d/import

  ╷
3 │         "code",
  │         ^^^^^^
  ╵
    _-sections-dir.scss 3:9                                                                       @import
    /Users/michellestar/Documents/GitHub/hello-michelle-star.github.io/assets/css/main.scss 27:9  root stylesheet
DEPRECATION WARNING [import]: Sass @import rules are deprecated and will be removed in Dart Sass 3.0.0.

More info and automated migrator: https://sass-lang.com/d/import

  ╷
4 │         "default",
  │         ^^^^^^^^^
  ╵
    _-sections-dir.scss 4:9                                                                       @import
    /Users/michellestar/Documents/GitHub/hello-michelle-star.github.io/assets/css/main.scss 27:9  root stylesheet
WARNING: 7 repetitive deprecation warnings omitted.
Run in verbose mode to see all warnings.
                    ...done in 0.049747 seconds.
                    
      Regenerating: 1 file(s) changed at 2026-04-27 23:53:27
                    jekyll.log
       Jekyll Feed: Generating feed for posts
DEPRECATION WARNING [import]: Sass @import rules are deprecated and will be removed in Dart Sass 3.0.0.

More info and automated migrator: https://sass-lang.com/d/import

   ╷
27 │ @import "-sections-dir";
   │         ^^^^^^^^^^^^^^^
   ╵
    /Users/michellestar/Documents/GitHub/hello-michelle-star.github.io/assets/css/main.scss 27:9  root stylesheet
DEPRECATION WARNING [import]: Sass @import rules are deprecated and will be removed in Dart Sass 3.0.0.

More info and automated migrator: https://sass-lang.com/d/import

   ╷
28 │ @import 'about';
   │         ^^^^^^^
   ╵
    /Users/michellestar/Documents/GitHub/hello-michelle-star.github.io/assets/css/main.scss 28:9  root stylesheet
DEPRECATION WARNING [import]: Sass @import rules are deprecated and will be removed in Dart Sass 3.0.0.

More info and automated migrator: https://sass-lang.com/d/import

  ╷
2 │ @import "base",
  │         ^^^^^^
  ╵
    _-sections-dir.scss 2:9                                                                       @import
    /Users/michellestar/Documents/GitHub/hello-michelle-star.github.io/assets/css/main.scss 27:9  root stylesheet
DEPRECATION WARNING [import]: Sass @import rules are deprecated and will be removed in Dart Sass 3.0.0.

More info and automated migrator: https://sass-lang.com/d/import

  ╷
3 │         "code",
  │         ^^^^^^
  ╵
    _-sections-dir.scss 3:9                                                                       @import
    /Users/michellestar/Documents/GitHub/hello-michelle-star.github.io/assets/css/main.scss 27:9  root stylesheet
DEPRECATION WARNING [import]: Sass @import rules are deprecated and will be removed in Dart Sass 3.0.0.

More info and automated migrator: https://sass-lang.com/d/import

  ╷
4 │         "default",
  │         ^^^^^^^^^
  ╵
    _-sections-dir.scss 4:9                                                                       @import
    /Users/michellestar/Documents/GitHub/hello-michelle-star.github.io/assets/css/main.scss 27:9  root stylesheet
WARNING: 7 repetitive deprecation warnings omitted.
Run in verbose mode to see all warnings.
                    ...done in 0.057217 seconds.
                    
[2026-04-27 23:53:27] ERROR Errno::ECONNRESET: Connection reset by peer @ io_fillbuf - fd:23 
	/Users/michellestar/Documents/GitHub/hello-michelle-star.github.io/vendor/bundle/ruby/3.4.0/gems/webrick-1.9.1/lib/webrick/httpserver.rb:82:in 'IO#eof?'
	/Users/michellestar/Documents/GitHub/hello-michelle-star.github.io/vendor/bundle/ruby/3.4.0/gems/webrick-1.9.1/lib/webrick/httpserver.rb:82:in 'WEBrick::HTTPServer#run'
	/Users/michellestar/Documents/GitHub/hello-michelle-star.github.io/vendor/bundle/ruby/3.4.0/gems/webrick-1.9.1/lib/webrick/server.rb:310:in 'block in WEBrick::GenericServer#start_thread'
      Regenerating: 1 file(s) changed at 2026-04-27 23:53:33
                    jekyll.log
       Jekyll Feed: Generating feed for posts
DEPRECATION WARNING [import]: Sass @import rules are deprecated and will be removed in Dart Sass 3.0.0.

More info and automated migrator: https://sass-lang.com/d/import

   ╷
27 │ @import "-sections-dir";
   │         ^^^^^^^^^^^^^^^
   ╵
    /Users/michellestar/Documents/GitHub/hello-michelle-star.github.io/assets/css/main.scss 27:9  root stylesheet
DEPRECATION WARNING [import]: Sass @import rules are deprecated and will be removed in Dart Sass 3.0.0.

More info and automated migrator: https://sass-lang.com/d/import

   ╷
28 │ @import 'about';
   │         ^^^^^^^
   ╵
    /Users/michellestar/Documents/GitHub/hello-michelle-star.github.io/assets/css/main.scss 28:9  root stylesheet
DEPRECATION WARNING [import]: Sass @import rules are deprecated and will be removed in Dart Sass 3.0.0.

More info and automated migrator: https://sass-lang.com/d/import

  ╷
2 │ @import "base",
  │         ^^^^^^
  ╵
    _-sections-dir.scss 2:9                                                                       @import
    /Users/michellestar/Documents/GitHub/hello-michelle-star.github.io/assets/css/main.scss 27:9  root stylesheet
DEPRECATION WARNING [import]: Sass @import rules are deprecated and will be removed in Dart Sass 3.0.0.

More info and automated migrator: https://sass-lang.com/d/import

  ╷
3 │         "code",
  │         ^^^^^^
  ╵
    _-sections-dir.scss 3:9                                                                       @import
    /Users/michellestar/Documents/GitHub/hello-michelle-star.github.io/assets/css/main.scss 27:9  root stylesheet
DEPRECATION WARNING [import]: Sass @import rules are deprecated and will be removed in Dart Sass 3.0.0.

More info and automated migrator: https://sass-lang.com/d/import

  ╷
4 │         "default",
  │         ^^^^^^^^^
  ╵
    _-sections-dir.scss 4:9                                                                       @import
    /Users/michellestar/Documents/GitHub/hello-michelle-star.github.io/assets/css/main.scss 27:9  root stylesheet
WARNING: 7 repetitive deprecation warnings omitted.
Run in verbose mode to see all warnings.
                    ...done in 0.046856 seconds.
                    
[2026-04-27 23:53:33] ERROR Errno::ECONNRESET: Connection reset by peer @ io_fillbuf - fd:22 
	/Users/michellestar/Documents/GitHub/hello-michelle-star.github.io/vendor/bundle/ruby/3.4.0/gems/webrick-1.9.1/lib/webrick/httpserver.rb:82:in 'IO#eof?'
	/Users/michellestar/Documents/GitHub/hello-michelle-star.github.io/vendor/bundle/ruby/3.4.0/gems/webrick-1.9.1/lib/webrick/httpserver.rb:82:in 'WEBrick::HTTPServer#run'
	/Users/michellestar/Documents/GitHub/hello-michelle-star.github.io/vendor/bundle/ruby/3.4.0/gems/webrick-1.9.1/lib/webrick/server.rb:310:in 'block in WEBrick::GenericServer#start_thread'
[2026-04-27 23:53:33] ERROR Errno::ECONNRESET: Connection reset by peer @ io_fillbuf - fd:24 
	/Users/michellestar/Documents/GitHub/hello-michelle-star.github.io/vendor/bundle/ruby/3.4.0/gems/webrick-1.9.1/lib/webrick/httpserver.rb:82:in 'IO#eof?'
	/Users/michellestar/Documents/GitHub/hello-michelle-star.github.io/vendor/bundle/ruby/3.4.0/gems/webrick-1.9.1/lib/webrick/httpserver.rb:82:in 'WEBrick::HTTPServer#run'
	/Users/michellestar/Documents/GitHub/hello-michelle-star.github.io/vendor/bundle/ruby/3.4.0/gems/webrick-1.9.1/lib/webrick/server.rb:310:in 'block in WEBrick::GenericServer#start_thread'
      Regenerating: 1 file(s) changed at 2026-04-27 23:53:39
                    jekyll.log
       Jekyll Feed: Generating feed for posts
DEPRECATION WARNING [import]: Sass @import rules are deprecated and will be removed in Dart Sass 3.0.0.

More info and automated migrator: https://sass-lang.com/d/import

   ╷
27 │ @import "-sections-dir";
   │         ^^^^^^^^^^^^^^^
   ╵
    /Users/michellestar/Documents/GitHub/hello-michelle-star.github.io/assets/css/main.scss 27:9  root stylesheet
DEPRECATION WARNING [import]: Sass @import rules are deprecated and will be removed in Dart Sass 3.0.0.

More info and automated migrator: https://sass-lang.com/d/import

   ╷
28 │ @import 'about';
   │         ^^^^^^^
   ╵
    /Users/michellestar/Documents/GitHub/hello-michelle-star.github.io/assets/css/main.scss 28:9  root stylesheet
DEPRECATION WARNING [import]: Sass @import rules are deprecated and will be removed in Dart Sass 3.0.0.

More info and automated migrator: https://sass-lang.com/d/import

  ╷
2 │ @import "base",
  │         ^^^^^^
  ╵
    _-sections-dir.scss 2:9                                                                       @import
    /Users/michellestar/Documents/GitHub/hello-michelle-star.github.io/assets/css/main.scss 27:9  root stylesheet
DEPRECATION WARNING [import]: Sass @import rules are deprecated and will be removed in Dart Sass 3.0.0.

More info and automated migrator: https://sass-lang.com/d/import

  ╷
3 │         "code",
  │         ^^^^^^
  ╵
    _-sections-dir.scss 3:9                                                                       @import
    /Users/michellestar/Documents/GitHub/hello-michelle-star.github.io/assets/css/main.scss 27:9  root stylesheet
DEPRECATION WARNING [import]: Sass @import rules are deprecated and will be removed in Dart Sass 3.0.0.

More info and automated migrator: https://sass-lang.com/d/import

  ╷
4 │         "default",
  │         ^^^^^^^^^
  ╵
    _-sections-dir.scss 4:9                                                                       @import
    /Users/michellestar/Documents/GitHub/hello-michelle-star.github.io/assets/css/main.scss 27:9  root stylesheet
WARNING: 7 repetitive deprecation warnings omitted.
Run in verbose mode to see all warnings.
                    ...done in 0.050393 seconds.
                    
[2026-04-27 23:53:40] ERROR Errno::ECONNRESET: Connection reset by peer @ io_fillbuf - fd:26 
	/Users/michellestar/Documents/GitHub/hello-michelle-star.github.io/vendor/bundle/ruby/3.4.0/gems/webrick-1.9.1/lib/webrick/httpserver.rb:82:in 'IO#eof?'
	/Users/michellestar/Documents/GitHub/hello-michelle-star.github.io/vendor/bundle/ruby/3.4.0/gems/webrick-1.9.1/lib/webrick/httpserver.rb:82:in 'WEBrick::HTTPServer#run'
	/Users/michellestar/Documents/GitHub/hello-michelle-star.github.io/vendor/bundle/ruby/3.4.0/gems/webrick-1.9.1/lib/webrick/server.rb:310:in 'block in WEBrick::GenericServer#start_thread'
[2026-04-27 23:53:40] ERROR Errno::ECONNRESET: Connection reset by peer @ io_fillbuf - fd:19 
	/Users/michellestar/Documents/GitHub/hello-michelle-star.github.io/vendor/bundle/ruby/3.4.0/gems/webrick-1.9.1/lib/webrick/httpserver.rb:82:in 'IO#eof?'
	/Users/michellestar/Documents/GitHub/hello-michelle-star.github.io/vendor/bundle/ruby/3.4.0/gems/webrick-1.9.1/lib/webrick/httpserver.rb:82:in 'WEBrick::HTTPServer#run'
	/Users/michellestar/Documents/GitHub/hello-michelle-star.github.io/vendor/bundle/ruby/3.4.0/gems/webrick-1.9.1/lib/webrick/server.rb:310:in 'block in WEBrick::GenericServer#start_thread'
      Regenerating: 1 file(s) changed at 2026-04-27 23:53:45
                    jekyll.log
       Jekyll Feed: Generating feed for posts
DEPRECATION WARNING [import]: Sass @import rules are deprecated and will be removed in Dart Sass 3.0.0.

More info and automated migrator: https://sass-lang.com/d/import

   ╷
27 │ @import "-sections-dir";
   │         ^^^^^^^^^^^^^^^
   ╵
    /Users/michellestar/Documents/GitHub/hello-michelle-star.github.io/assets/css/main.scss 27:9  root stylesheet
DEPRECATION WARNING [import]: Sass @import rules are deprecated and will be removed in Dart Sass 3.0.0.

More info and automated migrator: https://sass-lang.com/d/import

   ╷
28 │ @import 'about';
   │         ^^^^^^^
   ╵
    /Users/michellestar/Documents/GitHub/hello-michelle-star.github.io/assets/css/main.scss 28:9  root stylesheet
DEPRECATION WARNING [import]: Sass @import rules are deprecated and will be removed in Dart Sass 3.0.0.

More info and automated migrator: https://sass-lang.com/d/import

  ╷
2 │ @import "base",
  │         ^^^^^^
  ╵
    _-sections-dir.scss 2:9                                                                       @import
    /Users/michellestar/Documents/GitHub/hello-michelle-star.github.io/assets/css/main.scss 27:9  root stylesheet
DEPRECATION WARNING [import]: Sass @import rules are deprecated and will be removed in Dart Sass 3.0.0.

More info and automated migrator: https://sass-lang.com/d/import

  ╷
3 │         "code",
  │         ^^^^^^
  ╵
    _-sections-dir.scss 3:9                                                                       @import
    /Users/michellestar/Documents/GitHub/hello-michelle-star.github.io/assets/css/main.scss 27:9  root stylesheet
DEPRECATION WARNING [import]: Sass @import rules are deprecated and will be removed in Dart Sass 3.0.0.

More info and automated migrator: https://sass-lang.com/d/import

  ╷
4 │         "default",
  │         ^^^^^^^^^
  ╵
    _-sections-dir.scss 4:9                                                                       @import
    /Users/michellestar/Documents/GitHub/hello-michelle-star.github.io/assets/css/main.scss 27:9  root stylesheet
WARNING: 7 repetitive deprecation warnings omitted.
Run in verbose mode to see all warnings.
                    ...done in 0.063957 seconds.
                    
      Regenerating: 1 file(s) changed at 2026-04-27 23:53:51
                    jekyll.log
       Jekyll Feed: Generating feed for posts
DEPRECATION WARNING [import]: Sass @import rules are deprecated and will be removed in Dart Sass 3.0.0.

More info and automated migrator: https://sass-lang.com/d/import

   ╷
27 │ @import "-sections-dir";
   │         ^^^^^^^^^^^^^^^
   ╵
    /Users/michellestar/Documents/GitHub/hello-michelle-star.github.io/assets/css/main.scss 27:9  root stylesheet
DEPRECATION WARNING [import]: Sass @import rules are deprecated and will be removed in Dart Sass 3.0.0.

More info and automated migrator: https://sass-lang.com/d/import

   ╷
28 │ @import 'about';
   │         ^^^^^^^
   ╵
    /Users/michellestar/Documents/GitHub/hello-michelle-star.github.io/assets/css/main.scss 28:9  root stylesheet
DEPRECATION WARNING [import]: Sass @import rules are deprecated and will be removed in Dart Sass 3.0.0.

More info and automated migrator: https://sass-lang.com/d/import

  ╷
2 │ @import "base",
  │         ^^^^^^
  ╵
    _-sections-dir.scss 2:9                                                                       @import
    /Users/michellestar/Documents/GitHub/hello-michelle-star.github.io/assets/css/main.scss 27:9  root stylesheet
DEPRECATION WARNING [import]: Sass @import rules are deprecated and will be removed in Dart Sass 3.0.0.

More info and automated migrator: https://sass-lang.com/d/import

  ╷
3 │         "code",
  │         ^^^^^^
  ╵
    _-sections-dir.scss 3:9                                                                       @import
    /Users/michellestar/Documents/GitHub/hello-michelle-star.github.io/assets/css/main.scss 27:9  root stylesheet
DEPRECATION WARNING [import]: Sass @import rules are deprecated and will be removed in Dart Sass 3.0.0.

More info and automated migrator: https://sass-lang.com/d/import

  ╷
4 │         "default",
  │         ^^^^^^^^^
  ╵
    _-sections-dir.scss 4:9                                                                       @import
    /Users/michellestar/Documents/GitHub/hello-michelle-star.github.io/assets/css/main.scss 27:9  root stylesheet
WARNING: 7 repetitive deprecation warnings omitted.
Run in verbose mode to see all warnings.
                    ...done in 0.051682 seconds.
                    
      Regenerating: 1 file(s) changed at 2026-04-27 23:53:57
                    jekyll.log
       Jekyll Feed: Generating feed for posts
DEPRECATION WARNING [import]: Sass @import rules are deprecated and will be removed in Dart Sass 3.0.0.

More info and automated migrator: https://sass-lang.com/d/import

   ╷
27 │ @import "-sections-dir";
   │         ^^^^^^^^^^^^^^^
   ╵
    /Users/michellestar/Documents/GitHub/hello-michelle-star.github.io/assets/css/main.scss 27:9  root stylesheet
DEPRECATION WARNING [import]: Sass @import rules are deprecated and will be removed in Dart Sass 3.0.0.

More info and automated migrator: https://sass-lang.com/d/import

   ╷
28 │ @import 'about';
   │         ^^^^^^^
   ╵
    /Users/michellestar/Documents/GitHub/hello-michelle-star.github.io/assets/css/main.scss 28:9  root stylesheet
DEPRECATION WARNING [import]: Sass @import rules are deprecated and will be removed in Dart Sass 3.0.0.

More info and automated migrator: https://sass-lang.com/d/import

  ╷
2 │ @import "base",
  │         ^^^^^^
  ╵
    _-sections-dir.scss 2:9                                                                       @import
    /Users/michellestar/Documents/GitHub/hello-michelle-star.github.io/assets/css/main.scss 27:9  root stylesheet
DEPRECATION WARNING [import]: Sass @import rules are deprecated and will be removed in Dart Sass 3.0.0.

More info and automated migrator: https://sass-lang.com/d/import

  ╷
3 │         "code",
  │         ^^^^^^
  ╵
    _-sections-dir.scss 3:9                                                                       @import
    /Users/michellestar/Documents/GitHub/hello-michelle-star.github.io/assets/css/main.scss 27:9  root stylesheet
DEPRECATION WARNING [import]: Sass @import rules are deprecated and will be removed in Dart Sass 3.0.0.

More info and automated migrator: https://sass-lang.com/d/import

  ╷
4 │         "default",
  │         ^^^^^^^^^
  ╵
    _-sections-dir.scss 4:9                                                                       @import
    /Users/michellestar/Documents/GitHub/hello-michelle-star.github.io/assets/css/main.scss 27:9  root stylesheet
WARNING: 7 repetitive deprecation warnings omitted.
Run in verbose mode to see all warnings.
                    ...done in 0.060314 seconds.
                    
      Regenerating: 1 file(s) changed at 2026-04-27 23:54:02
                    jekyll.log
       Jekyll Feed: Generating feed for posts
DEPRECATION WARNING [import]: Sass @import rules are deprecated and will be removed in Dart Sass 3.0.0.

More info and automated migrator: https://sass-lang.com/d/import

   ╷
27 │ @import "-sections-dir";
   │         ^^^^^^^^^^^^^^^
   ╵
    /Users/michellestar/Documents/GitHub/hello-michelle-star.github.io/assets/css/main.scss 27:9  root stylesheet
DEPRECATION WARNING [import]: Sass @import rules are deprecated and will be removed in Dart Sass 3.0.0.

More info and automated migrator: https://sass-lang.com/d/import

   ╷
28 │ @import 'about';
   │         ^^^^^^^
   ╵
    /Users/michellestar/Documents/GitHub/hello-michelle-star.github.io/assets/css/main.scss 28:9  root stylesheet
DEPRECATION WARNING [import]: Sass @import rules are deprecated and will be removed in Dart Sass 3.0.0.

More info and automated migrator: https://sass-lang.com/d/import

  ╷
2 │ @import "base",
  │         ^^^^^^
  ╵
    _-sections-dir.scss 2:9                                                                       @import
    /Users/michellestar/Documents/GitHub/hello-michelle-star.github.io/assets/css/main.scss 27:9  root stylesheet
DEPRECATION WARNING [import]: Sass @import rules are deprecated and will be removed in Dart Sass 3.0.0.

More info and automated migrator: https://sass-lang.com/d/import

  ╷
3 │         "code",
  │         ^^^^^^
  ╵
    _-sections-dir.scss 3:9                                                                       @import
    /Users/michellestar/Documents/GitHub/hello-michelle-star.github.io/assets/css/main.scss 27:9  root stylesheet
DEPRECATION WARNING [import]: Sass @import rules are deprecated and will be removed in Dart Sass 3.0.0.

More info and automated migrator: https://sass-lang.com/d/import

  ╷
4 │         "default",
  │         ^^^^^^^^^
  ╵
    _-sections-dir.scss 4:9                                                                       @import
    /Users/michellestar/Documents/GitHub/hello-michelle-star.github.io/assets/css/main.scss 27:9  root stylesheet
WARNING: 7 repetitive deprecation warnings omitted.
Run in verbose mode to see all warnings.
                    ...done in 0.046049 seconds.
                    
      Regenerating: 1 file(s) changed at 2026-04-27 23:54:08
                    jekyll.log
       Jekyll Feed: Generating feed for posts
DEPRECATION WARNING [import]: Sass @import rules are deprecated and will be removed in Dart Sass 3.0.0.

More info and automated migrator: https://sass-lang.com/d/import

   ╷
27 │ @import "-sections-dir";
   │         ^^^^^^^^^^^^^^^
   ╵
    /Users/michellestar/Documents/GitHub/hello-michelle-star.github.io/assets/css/main.scss 27:9  root stylesheet
DEPRECATION WARNING [import]: Sass @import rules are deprecated and will be removed in Dart Sass 3.0.0.

More info and automated migrator: https://sass-lang.com/d/import

   ╷
28 │ @import 'about';
   │         ^^^^^^^
   ╵
    /Users/michellestar/Documents/GitHub/hello-michelle-star.github.io/assets/css/main.scss 28:9  root stylesheet
DEPRECATION WARNING [import]: Sass @import rules are deprecated and will be removed in Dart Sass 3.0.0.

More info and automated migrator: https://sass-lang.com/d/import

  ╷
2 │ @import "base",
  │         ^^^^^^
  ╵
    _-sections-dir.scss 2:9                                                                       @import
    /Users/michellestar/Documents/GitHub/hello-michelle-star.github.io/assets/css/main.scss 27:9  root stylesheet
DEPRECATION WARNING [import]: Sass @import rules are deprecated and will be removed in Dart Sass 3.0.0.

More info and automated migrator: https://sass-lang.com/d/import

  ╷
3 │         "code",
  │         ^^^^^^
  ╵
    _-sections-dir.scss 3:9                                                                       @import
    /Users/michellestar/Documents/GitHub/hello-michelle-star.github.io/assets/css/main.scss 27:9  root stylesheet
DEPRECATION WARNING [import]: Sass @import rules are deprecated and will be removed in Dart Sass 3.0.0.

More info and automated migrator: https://sass-lang.com/d/import

  ╷
4 │         "default",
  │         ^^^^^^^^^
  ╵
    _-sections-dir.scss 4:9                                                                       @import
    /Users/michellestar/Documents/GitHub/hello-michelle-star.github.io/assets/css/main.scss 27:9  root stylesheet
WARNING: 7 repetitive deprecation warnings omitted.
Run in verbose mode to see all warnings.
                    ...done in 0.051443 seconds.
                    
[2026-04-27 23:54:08] ERROR Errno::ECONNRESET: Connection reset by peer @ io_fillbuf - fd:24 
	/Users/michellestar/Documents/GitHub/hello-michelle-star.github.io/vendor/bundle/ruby/3.4.0/gems/webrick-1.9.1/lib/webrick/httpserver.rb:82:in 'IO#eof?'
	/Users/michellestar/Documents/GitHub/hello-michelle-star.github.io/vendor/bundle/ruby/3.4.0/gems/webrick-1.9.1/lib/webrick/httpserver.rb:82:in 'WEBrick::HTTPServer#run'
	/Users/michellestar/Documents/GitHub/hello-michelle-star.github.io/vendor/bundle/ruby/3.4.0/gems/webrick-1.9.1/lib/webrick/server.rb:310:in 'block in WEBrick::GenericServer#start_thread'
      Regenerating: 1 file(s) changed at 2026-04-27 23:54:14
                    jekyll.log
       Jekyll Feed: Generating feed for posts
DEPRECATION WARNING [import]: Sass @import rules are deprecated and will be removed in Dart Sass 3.0.0.

More info and automated migrator: https://sass-lang.com/d/import

   ╷
27 │ @import "-sections-dir";
   │         ^^^^^^^^^^^^^^^
   ╵
    /Users/michellestar/Documents/GitHub/hello-michelle-star.github.io/assets/css/main.scss 27:9  root stylesheet
DEPRECATION WARNING [import]: Sass @import rules are deprecated and will be removed in Dart Sass 3.0.0.

More info and automated migrator: https://sass-lang.com/d/import

   ╷
28 │ @import 'about';
   │         ^^^^^^^
   ╵
    /Users/michellestar/Documents/GitHub/hello-michelle-star.github.io/assets/css/main.scss 28:9  root stylesheet
DEPRECATION WARNING [import]: Sass @import rules are deprecated and will be removed in Dart Sass 3.0.0.

More info and automated migrator: https://sass-lang.com/d/import

  ╷
2 │ @import "base",
  │         ^^^^^^
  ╵
    _-sections-dir.scss 2:9                                                                       @import
    /Users/michellestar/Documents/GitHub/hello-michelle-star.github.io/assets/css/main.scss 27:9  root stylesheet
DEPRECATION WARNING [import]: Sass @import rules are deprecated and will be removed in Dart Sass 3.0.0.

More info and automated migrator: https://sass-lang.com/d/import

  ╷
3 │         "code",
  │         ^^^^^^
  ╵
    _-sections-dir.scss 3:9                                                                       @import
    /Users/michellestar/Documents/GitHub/hello-michelle-star.github.io/assets/css/main.scss 27:9  root stylesheet
DEPRECATION WARNING [import]: Sass @import rules are deprecated and will be removed in Dart Sass 3.0.0.

More info and automated migrator: https://sass-lang.com/d/import

  ╷
4 │         "default",
  │         ^^^^^^^^^
  ╵
    _-sections-dir.scss 4:9                                                                       @import
    /Users/michellestar/Documents/GitHub/hello-michelle-star.github.io/assets/css/main.scss 27:9  root stylesheet
WARNING: 7 repetitive deprecation warnings omitted.
Run in verbose mode to see all warnings.
                    ...done in 0.050699 seconds.
                    
      Regenerating: 1 file(s) changed at 2026-04-27 23:54:19
                    jekyll.log
       Jekyll Feed: Generating feed for posts
DEPRECATION WARNING [import]: Sass @import rules are deprecated and will be removed in Dart Sass 3.0.0.

More info and automated migrator: https://sass-lang.com/d/import

   ╷
27 │ @import "-sections-dir";
   │         ^^^^^^^^^^^^^^^
   ╵
    /Users/michellestar/Documents/GitHub/hello-michelle-star.github.io/assets/css/main.scss 27:9  root stylesheet
DEPRECATION WARNING [import]: Sass @import rules are deprecated and will be removed in Dart Sass 3.0.0.

More info and automated migrator: https://sass-lang.com/d/import

   ╷
28 │ @import 'about';
   │         ^^^^^^^
   ╵
    /Users/michellestar/Documents/GitHub/hello-michelle-star.github.io/assets/css/main.scss 28:9  root stylesheet
DEPRECATION WARNING [import]: Sass @import rules are deprecated and will be removed in Dart Sass 3.0.0.

More info and automated migrator: https://sass-lang.com/d/import

  ╷
2 │ @import "base",
  │         ^^^^^^
  ╵
    _-sections-dir.scss 2:9                                                                       @import
    /Users/michellestar/Documents/GitHub/hello-michelle-star.github.io/assets/css/main.scss 27:9  root stylesheet
DEPRECATION WARNING [import]: Sass @import rules are deprecated and will be removed in Dart Sass 3.0.0.

More info and automated migrator: https://sass-lang.com/d/import

  ╷
3 │         "code",
  │         ^^^^^^
  ╵
    _-sections-dir.scss 3:9                                                                       @import
    /Users/michellestar/Documents/GitHub/hello-michelle-star.github.io/assets/css/main.scss 27:9  root stylesheet
DEPRECATION WARNING [import]: Sass @import rules are deprecated and will be removed in Dart Sass 3.0.0.

More info and automated migrator: https://sass-lang.com/d/import

  ╷
4 │         "default",
  │         ^^^^^^^^^
  ╵
    _-sections-dir.scss 4:9                                                                       @import
    /Users/michellestar/Documents/GitHub/hello-michelle-star.github.io/assets/css/main.scss 27:9  root stylesheet
WARNING: 7 repetitive deprecation warnings omitted.
Run in verbose mode to see all warnings.
                    ...done in 0.040024 seconds.
                    
[2026-04-27 23:54:20] ERROR Errno::ECONNRESET: Connection reset by peer @ io_fillbuf - fd:22 
	/Users/michellestar/Documents/GitHub/hello-michelle-star.github.io/vendor/bundle/ruby/3.4.0/gems/webrick-1.9.1/lib/webrick/httpserver.rb:82:in 'IO#eof?'
	/Users/michellestar/Documents/GitHub/hello-michelle-star.github.io/vendor/bundle/ruby/3.4.0/gems/webrick-1.9.1/lib/webrick/httpserver.rb:82:in 'WEBrick::HTTPServer#run'
	/Users/michellestar/Documents/GitHub/hello-michelle-star.github.io/vendor/bundle/ruby/3.4.0/gems/webrick-1.9.1/lib/webrick/server.rb:310:in 'block in WEBrick::GenericServer#start_thread'
      Regenerating: 1 file(s) changed at 2026-04-27 23:54:25
                    jekyll.log
       Jekyll Feed: Generating feed for posts
DEPRECATION WARNING [import]: Sass @import rules are deprecated and will be removed in Dart Sass 3.0.0.

More info and automated migrator: https://sass-lang.com/d/import

   ╷
27 │ @import "-sections-dir";
   │         ^^^^^^^^^^^^^^^
   ╵
    /Users/michellestar/Documents/GitHub/hello-michelle-star.github.io/assets/css/main.scss 27:9  root stylesheet
DEPRECATION WARNING [import]: Sass @import rules are deprecated and will be removed in Dart Sass 3.0.0.

More info and automated migrator: https://sass-lang.com/d/import

   ╷
28 │ @import 'about';
   │         ^^^^^^^
   ╵
    /Users/michellestar/Documents/GitHub/hello-michelle-star.github.io/assets/css/main.scss 28:9  root stylesheet
DEPRECATION WARNING [import]: Sass @import rules are deprecated and will be removed in Dart Sass 3.0.0.

More info and automated migrator: https://sass-lang.com/d/import

  ╷
2 │ @import "base",
  │         ^^^^^^
  ╵
    _-sections-dir.scss 2:9                                                                       @import
    /Users/michellestar/Documents/GitHub/hello-michelle-star.github.io/assets/css/main.scss 27:9  root stylesheet
DEPRECATION WARNING [import]: Sass @import rules are deprecated and will be removed in Dart Sass 3.0.0.

More info and automated migrator: https://sass-lang.com/d/import

  ╷
3 │         "code",
  │         ^^^^^^
  ╵
    _-sections-dir.scss 3:9                                                                       @import
    /Users/michellestar/Documents/GitHub/hello-michelle-star.github.io/assets/css/main.scss 27:9  root stylesheet
DEPRECATION WARNING [import]: Sass @import rules are deprecated and will be removed in Dart Sass 3.0.0.

More info and automated migrator: https://sass-lang.com/d/import

  ╷
4 │         "default",
  │         ^^^^^^^^^
  ╵
    _-sections-dir.scss 4:9                                                                       @import
    /Users/michellestar/Documents/GitHub/hello-michelle-star.github.io/assets/css/main.scss 27:9  root stylesheet
WARNING: 7 repetitive deprecation warnings omitted.
Run in verbose mode to see all warnings.
                    ...done in 0.047975 seconds.
                    
      Regenerating: 1 file(s) changed at 2026-04-27 23:54:31
                    jekyll.log
       Jekyll Feed: Generating feed for posts
DEPRECATION WARNING [import]: Sass @import rules are deprecated and will be removed in Dart Sass 3.0.0.

More info and automated migrator: https://sass-lang.com/d/import

   ╷
27 │ @import "-sections-dir";
   │         ^^^^^^^^^^^^^^^
   ╵
    /Users/michellestar/Documents/GitHub/hello-michelle-star.github.io/assets/css/main.scss 27:9  root stylesheet
DEPRECATION WARNING [import]: Sass @import rules are deprecated and will be removed in Dart Sass 3.0.0.

More info and automated migrator: https://sass-lang.com/d/import

   ╷
28 │ @import 'about';
   │         ^^^^^^^
   ╵
    /Users/michellestar/Documents/GitHub/hello-michelle-star.github.io/assets/css/main.scss 28:9  root stylesheet
DEPRECATION WARNING [import]: Sass @import rules are deprecated and will be removed in Dart Sass 3.0.0.

More info and automated migrator: https://sass-lang.com/d/import

  ╷
2 │ @import "base",
  │         ^^^^^^
  ╵
    _-sections-dir.scss 2:9                                                                       @import
    /Users/michellestar/Documents/GitHub/hello-michelle-star.github.io/assets/css/main.scss 27:9  root stylesheet
DEPRECATION WARNING [import]: Sass @import rules are deprecated and will be removed in Dart Sass 3.0.0.

More info and automated migrator: https://sass-lang.com/d/import

  ╷
3 │         "code",
  │         ^^^^^^
  ╵
    _-sections-dir.scss 3:9                                                                       @import
    /Users/michellestar/Documents/GitHub/hello-michelle-star.github.io/assets/css/main.scss 27:9  root stylesheet
DEPRECATION WARNING [import]: Sass @import rules are deprecated and will be removed in Dart Sass 3.0.0.

More info and automated migrator: https://sass-lang.com/d/import

  ╷
4 │         "default",
  │         ^^^^^^^^^
  ╵
    _-sections-dir.scss 4:9                                                                       @import
    /Users/michellestar/Documents/GitHub/hello-michelle-star.github.io/assets/css/main.scss 27:9  root stylesheet
WARNING: 7 repetitive deprecation warnings omitted.
Run in verbose mode to see all warnings.
                    ...done in 0.047777 seconds.
                    
      Regenerating: 1 file(s) changed at 2026-04-27 23:54:36
                    jekyll.log
       Jekyll Feed: Generating feed for posts
DEPRECATION WARNING [import]: Sass @import rules are deprecated and will be removed in Dart Sass 3.0.0.

More info and automated migrator: https://sass-lang.com/d/import

   ╷
27 │ @import "-sections-dir";
   │         ^^^^^^^^^^^^^^^
   ╵
    /Users/michellestar/Documents/GitHub/hello-michelle-star.github.io/assets/css/main.scss 27:9  root stylesheet
DEPRECATION WARNING [import]: Sass @import rules are deprecated and will be removed in Dart Sass 3.0.0.

More info and automated migrator: https://sass-lang.com/d/import

   ╷
28 │ @import 'about';
   │         ^^^^^^^
   ╵
    /Users/michellestar/Documents/GitHub/hello-michelle-star.github.io/assets/css/main.scss 28:9  root stylesheet
DEPRECATION WARNING [import]: Sass @import rules are deprecated and will be removed in Dart Sass 3.0.0.

More info and automated migrator: https://sass-lang.com/d/import

  ╷
2 │ @import "base",
  │         ^^^^^^
  ╵
    _-sections-dir.scss 2:9                                                                       @import
    /Users/michellestar/Documents/GitHub/hello-michelle-star.github.io/assets/css/main.scss 27:9  root stylesheet
DEPRECATION WARNING [import]: Sass @import rules are deprecated and will be removed in Dart Sass 3.0.0.

More info and automated migrator: https://sass-lang.com/d/import

  ╷
3 │         "code",
  │         ^^^^^^
  ╵
    _-sections-dir.scss 3:9                                                                       @import
    /Users/michellestar/Documents/GitHub/hello-michelle-star.github.io/assets/css/main.scss 27:9  root stylesheet
DEPRECATION WARNING [import]: Sass @import rules are deprecated and will be removed in Dart Sass 3.0.0.

More info and automated migrator: https://sass-lang.com/d/import

  ╷
4 │         "default",
  │         ^^^^^^^^^
  ╵
    _-sections-dir.scss 4:9                                                                       @import
    /Users/michellestar/Documents/GitHub/hello-michelle-star.github.io/assets/css/main.scss 27:9  root stylesheet
WARNING: 7 repetitive deprecation warnings omitted.
Run in verbose mode to see all warnings.
                    ...done in 0.044151 seconds.
                    
      Regenerating: 1 file(s) changed at 2026-04-27 23:54:42
                    jekyll.log
       Jekyll Feed: Generating feed for posts
DEPRECATION WARNING [import]: Sass @import rules are deprecated and will be removed in Dart Sass 3.0.0.

More info and automated migrator: https://sass-lang.com/d/import

   ╷
27 │ @import "-sections-dir";
   │         ^^^^^^^^^^^^^^^
   ╵
    /Users/michellestar/Documents/GitHub/hello-michelle-star.github.io/assets/css/main.scss 27:9  root stylesheet
DEPRECATION WARNING [import]: Sass @import rules are deprecated and will be removed in Dart Sass 3.0.0.

More info and automated migrator: https://sass-lang.com/d/import

   ╷
28 │ @import 'about';
   │         ^^^^^^^
   ╵
    /Users/michellestar/Documents/GitHub/hello-michelle-star.github.io/assets/css/main.scss 28:9  root stylesheet
DEPRECATION WARNING [import]: Sass @import rules are deprecated and will be removed in Dart Sass 3.0.0.

More info and automated migrator: https://sass-lang.com/d/import

  ╷
2 │ @import "base",
  │         ^^^^^^
  ╵
    _-sections-dir.scss 2:9                                                                       @import
    /Users/michellestar/Documents/GitHub/hello-michelle-star.github.io/assets/css/main.scss 27:9  root stylesheet
DEPRECATION WARNING [import]: Sass @import rules are deprecated and will be removed in Dart Sass 3.0.0.

More info and automated migrator: https://sass-lang.com/d/import

  ╷
3 │         "code",
  │         ^^^^^^
  ╵
    _-sections-dir.scss 3:9                                                                       @import
    /Users/michellestar/Documents/GitHub/hello-michelle-star.github.io/assets/css/main.scss 27:9  root stylesheet
DEPRECATION WARNING [import]: Sass @import rules are deprecated and will be removed in Dart Sass 3.0.0.

More info and automated migrator: https://sass-lang.com/d/import

  ╷
4 │         "default",
  │         ^^^^^^^^^
  ╵
    _-sections-dir.scss 4:9                                                                       @import
    /Users/michellestar/Documents/GitHub/hello-michelle-star.github.io/assets/css/main.scss 27:9  root stylesheet
WARNING: 7 repetitive deprecation warnings omitted.
Run in verbose mode to see all warnings.
                    ...done in 0.049185 seconds.
                    
      Regenerating: 1 file(s) changed at 2026-04-27 23:54:48
                    jekyll.log
       Jekyll Feed: Generating feed for posts
DEPRECATION WARNING [import]: Sass @import rules are deprecated and will be removed in Dart Sass 3.0.0.

More info and automated migrator: https://sass-lang.com/d/import

   ╷
27 │ @import "-sections-dir";
   │         ^^^^^^^^^^^^^^^
   ╵
    /Users/michellestar/Documents/GitHub/hello-michelle-star.github.io/assets/css/main.scss 27:9  root stylesheet
DEPRECATION WARNING [import]: Sass @import rules are deprecated and will be removed in Dart Sass 3.0.0.

More info and automated migrator: https://sass-lang.com/d/import

   ╷
28 │ @import 'about';
   │         ^^^^^^^
   ╵
    /Users/michellestar/Documents/GitHub/hello-michelle-star.github.io/assets/css/main.scss 28:9  root stylesheet
DEPRECATION WARNING [import]: Sass @import rules are deprecated and will be removed in Dart Sass 3.0.0.

More info and automated migrator: https://sass-lang.com/d/import

  ╷
2 │ @import "base",
  │         ^^^^^^
  ╵
    _-sections-dir.scss 2:9                                                                       @import
    /Users/michellestar/Documents/GitHub/hello-michelle-star.github.io/assets/css/main.scss 27:9  root stylesheet
DEPRECATION WARNING [import]: Sass @import rules are deprecated and will be removed in Dart Sass 3.0.0.

More info and automated migrator: https://sass-lang.com/d/import

  ╷
3 │         "code",
  │         ^^^^^^
  ╵
    _-sections-dir.scss 3:9                                                                       @import
    /Users/michellestar/Documents/GitHub/hello-michelle-star.github.io/assets/css/main.scss 27:9  root stylesheet
DEPRECATION WARNING [import]: Sass @import rules are deprecated and will be removed in Dart Sass 3.0.0.

More info and automated migrator: https://sass-lang.com/d/import

  ╷
4 │         "default",
  │         ^^^^^^^^^
  ╵
    _-sections-dir.scss 4:9                                                                       @import
    /Users/michellestar/Documents/GitHub/hello-michelle-star.github.io/assets/css/main.scss 27:9  root stylesheet
WARNING: 7 repetitive deprecation warnings omitted.
Run in verbose mode to see all warnings.
                    ...done in 0.051306 seconds.
                    
      Regenerating: 1 file(s) changed at 2026-04-27 23:54:53
                    jekyll.log
       Jekyll Feed: Generating feed for posts
DEPRECATION WARNING [import]: Sass @import rules are deprecated and will be removed in Dart Sass 3.0.0.

More info and automated migrator: https://sass-lang.com/d/import

   ╷
27 │ @import "-sections-dir";
   │         ^^^^^^^^^^^^^^^
   ╵
    /Users/michellestar/Documents/GitHub/hello-michelle-star.github.io/assets/css/main.scss 27:9  root stylesheet
DEPRECATION WARNING [import]: Sass @import rules are deprecated and will be removed in Dart Sass 3.0.0.

More info and automated migrator: https://sass-lang.com/d/import

   ╷
28 │ @import 'about';
   │         ^^^^^^^
   ╵
    /Users/michellestar/Documents/GitHub/hello-michelle-star.github.io/assets/css/main.scss 28:9  root stylesheet
DEPRECATION WARNING [import]: Sass @import rules are deprecated and will be removed in Dart Sass 3.0.0.

More info and automated migrator: https://sass-lang.com/d/import

  ╷
2 │ @import "base",
  │         ^^^^^^
  ╵
    _-sections-dir.scss 2:9                                                                       @import
    /Users/michellestar/Documents/GitHub/hello-michelle-star.github.io/assets/css/main.scss 27:9  root stylesheet
DEPRECATION WARNING [import]: Sass @import rules are deprecated and will be removed in Dart Sass 3.0.0.

More info and automated migrator: https://sass-lang.com/d/import

  ╷
3 │         "code",
  │         ^^^^^^
  ╵
    _-sections-dir.scss 3:9                                                                       @import
    /Users/michellestar/Documents/GitHub/hello-michelle-star.github.io/assets/css/main.scss 27:9  root stylesheet
DEPRECATION WARNING [import]: Sass @import rules are deprecated and will be removed in Dart Sass 3.0.0.

More info and automated migrator: https://sass-lang.com/d/import

  ╷
4 │         "default",
  │         ^^^^^^^^^
  ╵
    _-sections-dir.scss 4:9                                                                       @import
    /Users/michellestar/Documents/GitHub/hello-michelle-star.github.io/assets/css/main.scss 27:9  root stylesheet
WARNING: 7 repetitive deprecation warnings omitted.
Run in verbose mode to see all warnings.
                    ...done in 0.041366 seconds.
                    
[2026-04-27 23:54:54] ERROR Errno::ECONNRESET: Connection reset by peer @ io_fillbuf - fd:23 
	/Users/michellestar/Documents/GitHub/hello-michelle-star.github.io/vendor/bundle/ruby/3.4.0/gems/webrick-1.9.1/lib/webrick/httpserver.rb:82:in 'IO#eof?'
	/Users/michellestar/Documents/GitHub/hello-michelle-star.github.io/vendor/bundle/ruby/3.4.0/gems/webrick-1.9.1/lib/webrick/httpserver.rb:82:in 'WEBrick::HTTPServer#run'
	/Users/michellestar/Documents/GitHub/hello-michelle-star.github.io/vendor/bundle/ruby/3.4.0/gems/webrick-1.9.1/lib/webrick/server.rb:310:in 'block in WEBrick::GenericServer#start_thread'
      Regenerating: 1 file(s) changed at 2026-04-27 23:54:59
                    jekyll.log
       Jekyll Feed: Generating feed for posts
DEPRECATION WARNING [import]: Sass @import rules are deprecated and will be removed in Dart Sass 3.0.0.

More info and automated migrator: https://sass-lang.com/d/import

   ╷
27 │ @import "-sections-dir";
   │         ^^^^^^^^^^^^^^^
   ╵
    /Users/michellestar/Documents/GitHub/hello-michelle-star.github.io/assets/css/main.scss 27:9  root stylesheet
DEPRECATION WARNING [import]: Sass @import rules are deprecated and will be removed in Dart Sass 3.0.0.

More info and automated migrator: https://sass-lang.com/d/import

   ╷
28 │ @import 'about';
   │         ^^^^^^^
   ╵
    /Users/michellestar/Documents/GitHub/hello-michelle-star.github.io/assets/css/main.scss 28:9  root stylesheet
DEPRECATION WARNING [import]: Sass @import rules are deprecated and will be removed in Dart Sass 3.0.0.

More info and automated migrator: https://sass-lang.com/d/import

  ╷
2 │ @import "base",
  │         ^^^^^^
  ╵
    _-sections-dir.scss 2:9                                                                       @import
    /Users/michellestar/Documents/GitHub/hello-michelle-star.github.io/assets/css/main.scss 27:9  root stylesheet
DEPRECATION WARNING [import]: Sass @import rules are deprecated and will be removed in Dart Sass 3.0.0.

More info and automated migrator: https://sass-lang.com/d/import

  ╷
3 │         "code",
  │         ^^^^^^
  ╵
    _-sections-dir.scss 3:9                                                                       @import
    /Users/michellestar/Documents/GitHub/hello-michelle-star.github.io/assets/css/main.scss 27:9  root stylesheet
DEPRECATION WARNING [import]: Sass @import rules are deprecated and will be removed in Dart Sass 3.0.0.

More info and automated migrator: https://sass-lang.com/d/import

  ╷
4 │         "default",
  │         ^^^^^^^^^
  ╵
    _-sections-dir.scss 4:9                                                                       @import
    /Users/michellestar/Documents/GitHub/hello-michelle-star.github.io/assets/css/main.scss 27:9  root stylesheet
WARNING: 7 repetitive deprecation warnings omitted.
Run in verbose mode to see all warnings.
                    ...done in 0.052078 seconds.
                    
      Regenerating: 1 file(s) changed at 2026-04-27 23:55:05
                    jekyll.log
       Jekyll Feed: Generating feed for posts
DEPRECATION WARNING [import]: Sass @import rules are deprecated and will be removed in Dart Sass 3.0.0.

More info and automated migrator: https://sass-lang.com/d/import

   ╷
27 │ @import "-sections-dir";
   │         ^^^^^^^^^^^^^^^
   ╵
    /Users/michellestar/Documents/GitHub/hello-michelle-star.github.io/assets/css/main.scss 27:9  root stylesheet
DEPRECATION WARNING [import]: Sass @import rules are deprecated and will be removed in Dart Sass 3.0.0.

More info and automated migrator: https://sass-lang.com/d/import

   ╷
28 │ @import 'about';
   │         ^^^^^^^
   ╵
    /Users/michellestar/Documents/GitHub/hello-michelle-star.github.io/assets/css/main.scss 28:9  root stylesheet
DEPRECATION WARNING [import]: Sass @import rules are deprecated and will be removed in Dart Sass 3.0.0.

More info and automated migrator: https://sass-lang.com/d/import

  ╷
2 │ @import "base",
  │         ^^^^^^
  ╵
    _-sections-dir.scss 2:9                                                                       @import
    /Users/michellestar/Documents/GitHub/hello-michelle-star.github.io/assets/css/main.scss 27:9  root stylesheet
DEPRECATION WARNING [import]: Sass @import rules are deprecated and will be removed in Dart Sass 3.0.0.

More info and automated migrator: https://sass-lang.com/d/import

  ╷
3 │         "code",
  │         ^^^^^^
  ╵
    _-sections-dir.scss 3:9                                                                       @import
    /Users/michellestar/Documents/GitHub/hello-michelle-star.github.io/assets/css/main.scss 27:9  root stylesheet
DEPRECATION WARNING [import]: Sass @import rules are deprecated and will be removed in Dart Sass 3.0.0.

More info and automated migrator: https://sass-lang.com/d/import

  ╷
4 │         "default",
  │         ^^^^^^^^^
  ╵
    _-sections-dir.scss 4:9                                                                       @import
    /Users/michellestar/Documents/GitHub/hello-michelle-star.github.io/assets/css/main.scss 27:9  root stylesheet
WARNING: 7 repetitive deprecation warnings omitted.
Run in verbose mode to see all warnings.
                    ...done in 0.060878 seconds.
                    
      Regenerating: 1 file(s) changed at 2026-04-27 23:55:11
                    jekyll.log
       Jekyll Feed: Generating feed for posts
DEPRECATION WARNING [import]: Sass @import rules are deprecated and will be removed in Dart Sass 3.0.0.

More info and automated migrator: https://sass-lang.com/d/import

   ╷
27 │ @import "-sections-dir";
   │         ^^^^^^^^^^^^^^^
   ╵
    /Users/michellestar/Documents/GitHub/hello-michelle-star.github.io/assets/css/main.scss 27:9  root stylesheet
DEPRECATION WARNING [import]: Sass @import rules are deprecated and will be removed in Dart Sass 3.0.0.

More info and automated migrator: https://sass-lang.com/d/import

   ╷
28 │ @import 'about';
   │         ^^^^^^^
   ╵
    /Users/michellestar/Documents/GitHub/hello-michelle-star.github.io/assets/css/main.scss 28:9  root stylesheet
DEPRECATION WARNING [import]: Sass @import rules are deprecated and will be removed in Dart Sass 3.0.0.

More info and automated migrator: https://sass-lang.com/d/import

  ╷
2 │ @import "base",
  │         ^^^^^^
  ╵
    _-sections-dir.scss 2:9                                                                       @import
    /Users/michellestar/Documents/GitHub/hello-michelle-star.github.io/assets/css/main.scss 27:9  root stylesheet
DEPRECATION WARNING [import]: Sass @import rules are deprecated and will be removed in Dart Sass 3.0.0.

More info and automated migrator: https://sass-lang.com/d/import

  ╷
3 │         "code",
  │         ^^^^^^
  ╵
    _-sections-dir.scss 3:9                                                                       @import
    /Users/michellestar/Documents/GitHub/hello-michelle-star.github.io/assets/css/main.scss 27:9  root stylesheet
DEPRECATION WARNING [import]: Sass @import rules are deprecated and will be removed in Dart Sass 3.0.0.

More info and automated migrator: https://sass-lang.com/d/import

  ╷
4 │         "default",
  │         ^^^^^^^^^
  ╵
    _-sections-dir.scss 4:9                                                                       @import
    /Users/michellestar/Documents/GitHub/hello-michelle-star.github.io/assets/css/main.scss 27:9  root stylesheet
WARNING: 7 repetitive deprecation warnings omitted.
Run in verbose mode to see all warnings.
                    ...done in 0.044295 seconds.
                    
      Regenerating: 1 file(s) changed at 2026-04-27 23:55:16
                    jekyll.log
       Jekyll Feed: Generating feed for posts
DEPRECATION WARNING [import]: Sass @import rules are deprecated and will be removed in Dart Sass 3.0.0.

More info and automated migrator: https://sass-lang.com/d/import

   ╷
27 │ @import "-sections-dir";
   │         ^^^^^^^^^^^^^^^
   ╵
    /Users/michellestar/Documents/GitHub/hello-michelle-star.github.io/assets/css/main.scss 27:9  root stylesheet
DEPRECATION WARNING [import]: Sass @import rules are deprecated and will be removed in Dart Sass 3.0.0.

More info and automated migrator: https://sass-lang.com/d/import

   ╷
28 │ @import 'about';
   │         ^^^^^^^
   ╵
    /Users/michellestar/Documents/GitHub/hello-michelle-star.github.io/assets/css/main.scss 28:9  root stylesheet
DEPRECATION WARNING [import]: Sass @import rules are deprecated and will be removed in Dart Sass 3.0.0.

More info and automated migrator: https://sass-lang.com/d/import

  ╷
2 │ @import "base",
  │         ^^^^^^
  ╵
    _-sections-dir.scss 2:9                                                                       @import
    /Users/michellestar/Documents/GitHub/hello-michelle-star.github.io/assets/css/main.scss 27:9  root stylesheet
DEPRECATION WARNING [import]: Sass @import rules are deprecated and will be removed in Dart Sass 3.0.0.

More info and automated migrator: https://sass-lang.com/d/import

  ╷
3 │         "code",
  │         ^^^^^^
  ╵
    _-sections-dir.scss 3:9                                                                       @import
    /Users/michellestar/Documents/GitHub/hello-michelle-star.github.io/assets/css/main.scss 27:9  root stylesheet
DEPRECATION WARNING [import]: Sass @import rules are deprecated and will be removed in Dart Sass 3.0.0.

More info and automated migrator: https://sass-lang.com/d/import

  ╷
4 │         "default",
  │         ^^^^^^^^^
  ╵
    _-sections-dir.scss 4:9                                                                       @import
    /Users/michellestar/Documents/GitHub/hello-michelle-star.github.io/assets/css/main.scss 27:9  root stylesheet
WARNING: 7 repetitive deprecation warnings omitted.
Run in verbose mode to see all warnings.
                    ...done in 0.047246 seconds.
                    
[2026-04-27 23:55:16] ERROR Errno::ECONNRESET: Connection reset by peer @ io_fillbuf - fd:22 
	/Users/michellestar/Documents/GitHub/hello-michelle-star.github.io/vendor/bundle/ruby/3.4.0/gems/webrick-1.9.1/lib/webrick/httpserver.rb:82:in 'IO#eof?'
	/Users/michellestar/Documents/GitHub/hello-michelle-star.github.io/vendor/bundle/ruby/3.4.0/gems/webrick-1.9.1/lib/webrick/httpserver.rb:82:in 'WEBrick::HTTPServer#run'
	/Users/michellestar/Documents/GitHub/hello-michelle-star.github.io/vendor/bundle/ruby/3.4.0/gems/webrick-1.9.1/lib/webrick/server.rb:310:in 'block in WEBrick::GenericServer#start_thread'
      Regenerating: 1 file(s) changed at 2026-04-27 23:55:22
                    jekyll.log
       Jekyll Feed: Generating feed for posts
DEPRECATION WARNING [import]: Sass @import rules are deprecated and will be removed in Dart Sass 3.0.0.

More info and automated migrator: https://sass-lang.com/d/import

   ╷
27 │ @import "-sections-dir";
   │         ^^^^^^^^^^^^^^^
   ╵
    /Users/michellestar/Documents/GitHub/hello-michelle-star.github.io/assets/css/main.scss 27:9  root stylesheet
DEPRECATION WARNING [import]: Sass @import rules are deprecated and will be removed in Dart Sass 3.0.0.

More info and automated migrator: https://sass-lang.com/d/import

   ╷
28 │ @import 'about';
   │         ^^^^^^^
   ╵
    /Users/michellestar/Documents/GitHub/hello-michelle-star.github.io/assets/css/main.scss 28:9  root stylesheet
DEPRECATION WARNING [import]: Sass @import rules are deprecated and will be removed in Dart Sass 3.0.0.

More info and automated migrator: https://sass-lang.com/d/import

  ╷
2 │ @import "base",
  │         ^^^^^^
  ╵
    _-sections-dir.scss 2:9                                                                       @import
    /Users/michellestar/Documents/GitHub/hello-michelle-star.github.io/assets/css/main.scss 27:9  root stylesheet
DEPRECATION WARNING [import]: Sass @import rules are deprecated and will be removed in Dart Sass 3.0.0.

More info and automated migrator: https://sass-lang.com/d/import

  ╷
3 │         "code",
  │         ^^^^^^
  ╵
    _-sections-dir.scss 3:9                                                                       @import
    /Users/michellestar/Documents/GitHub/hello-michelle-star.github.io/assets/css/main.scss 27:9  root stylesheet
DEPRECATION WARNING [import]: Sass @import rules are deprecated and will be removed in Dart Sass 3.0.0.

More info and automated migrator: https://sass-lang.com/d/import

  ╷
4 │         "default",
  │         ^^^^^^^^^
  ╵
    _-sections-dir.scss 4:9                                                                       @import
    /Users/michellestar/Documents/GitHub/hello-michelle-star.github.io/assets/css/main.scss 27:9  root stylesheet
WARNING: 7 repetitive deprecation warnings omitted.
Run in verbose mode to see all warnings.
                    ...done in 0.05904 seconds.
                    
      Regenerating: 1 file(s) changed at 2026-04-27 23:55:27
                    jekyll.log
       Jekyll Feed: Generating feed for posts
DEPRECATION WARNING [import]: Sass @import rules are deprecated and will be removed in Dart Sass 3.0.0.

More info and automated migrator: https://sass-lang.com/d/import

   ╷
27 │ @import "-sections-dir";
   │         ^^^^^^^^^^^^^^^
   ╵
    /Users/michellestar/Documents/GitHub/hello-michelle-star.github.io/assets/css/main.scss 27:9  root stylesheet
DEPRECATION WARNING [import]: Sass @import rules are deprecated and will be removed in Dart Sass 3.0.0.

More info and automated migrator: https://sass-lang.com/d/import

   ╷
28 │ @import 'about';
   │         ^^^^^^^
   ╵
    /Users/michellestar/Documents/GitHub/hello-michelle-star.github.io/assets/css/main.scss 28:9  root stylesheet
DEPRECATION WARNING [import]: Sass @import rules are deprecated and will be removed in Dart Sass 3.0.0.

More info and automated migrator: https://sass-lang.com/d/import

  ╷
2 │ @import "base",
  │         ^^^^^^
  ╵
    _-sections-dir.scss 2:9                                                                       @import
    /Users/michellestar/Documents/GitHub/hello-michelle-star.github.io/assets/css/main.scss 27:9  root stylesheet
DEPRECATION WARNING [import]: Sass @import rules are deprecated and will be removed in Dart Sass 3.0.0.

More info and automated migrator: https://sass-lang.com/d/import

  ╷
3 │         "code",
  │         ^^^^^^
  ╵
    _-sections-dir.scss 3:9                                                                       @import
    /Users/michellestar/Documents/GitHub/hello-michelle-star.github.io/assets/css/main.scss 27:9  root stylesheet
DEPRECATION WARNING [import]: Sass @import rules are deprecated and will be removed in Dart Sass 3.0.0.

More info and automated migrator: https://sass-lang.com/d/import

  ╷
4 │         "default",
  │         ^^^^^^^^^
  ╵
    _-sections-dir.scss 4:9                                                                       @import
    /Users/michellestar/Documents/GitHub/hello-michelle-star.github.io/assets/css/main.scss 27:9  root stylesheet
WARNING: 7 repetitive deprecation warnings omitted.
Run in verbose mode to see all warnings.
                    ...done in 0.040722 seconds.
                    
      Regenerating: 1 file(s) changed at 2026-04-27 23:55:33
                    jekyll.log
       Jekyll Feed: Generating feed for posts
DEPRECATION WARNING [import]: Sass @import rules are deprecated and will be removed in Dart Sass 3.0.0.

More info and automated migrator: https://sass-lang.com/d/import

   ╷
27 │ @import "-sections-dir";
   │         ^^^^^^^^^^^^^^^
   ╵
    /Users/michellestar/Documents/GitHub/hello-michelle-star.github.io/assets/css/main.scss 27:9  root stylesheet
DEPRECATION WARNING [import]: Sass @import rules are deprecated and will be removed in Dart Sass 3.0.0.

More info and automated migrator: https://sass-lang.com/d/import

   ╷
28 │ @import 'about';
   │         ^^^^^^^
   ╵
    /Users/michellestar/Documents/GitHub/hello-michelle-star.github.io/assets/css/main.scss 28:9  root stylesheet
DEPRECATION WARNING [import]: Sass @import rules are deprecated and will be removed in Dart Sass 3.0.0.

More info and automated migrator: https://sass-lang.com/d/import

  ╷
2 │ @import "base",
  │         ^^^^^^
  ╵
    _-sections-dir.scss 2:9                                                                       @import
    /Users/michellestar/Documents/GitHub/hello-michelle-star.github.io/assets/css/main.scss 27:9  root stylesheet
DEPRECATION WARNING [import]: Sass @import rules are deprecated and will be removed in Dart Sass 3.0.0.

More info and automated migrator: https://sass-lang.com/d/import

  ╷
3 │         "code",
  │         ^^^^^^
  ╵
    _-sections-dir.scss 3:9                                                                       @import
    /Users/michellestar/Documents/GitHub/hello-michelle-star.github.io/assets/css/main.scss 27:9  root stylesheet
DEPRECATION WARNING [import]: Sass @import rules are deprecated and will be removed in Dart Sass 3.0.0.

More info and automated migrator: https://sass-lang.com/d/import

  ╷
4 │         "default",
  │         ^^^^^^^^^
  ╵
    _-sections-dir.scss 4:9                                                                       @import
    /Users/michellestar/Documents/GitHub/hello-michelle-star.github.io/assets/css/main.scss 27:9  root stylesheet
WARNING: 7 repetitive deprecation warnings omitted.
Run in verbose mode to see all warnings.
                    ...done in 0.047889 seconds.
                    
[2026-04-27 23:55:33] ERROR Errno::ECONNRESET: Connection reset by peer @ io_fillbuf - fd:18 
	/Users/michellestar/Documents/GitHub/hello-michelle-star.github.io/vendor/bundle/ruby/3.4.0/gems/webrick-1.9.1/lib/webrick/httpserver.rb:82:in 'IO#eof?'
	/Users/michellestar/Documents/GitHub/hello-michelle-star.github.io/vendor/bundle/ruby/3.4.0/gems/webrick-1.9.1/lib/webrick/httpserver.rb:82:in 'WEBrick::HTTPServer#run'
	/Users/michellestar/Documents/GitHub/hello-michelle-star.github.io/vendor/bundle/ruby/3.4.0/gems/webrick-1.9.1/lib/webrick/server.rb:310:in 'block in WEBrick::GenericServer#start_thread'
      Regenerating: 1 file(s) changed at 2026-04-27 23:55:38
                    jekyll.log
       Jekyll Feed: Generating feed for posts
DEPRECATION WARNING [import]: Sass @import rules are deprecated and will be removed in Dart Sass 3.0.0.

More info and automated migrator: https://sass-lang.com/d/import

   ╷
27 │ @import "-sections-dir";
   │         ^^^^^^^^^^^^^^^
   ╵
    /Users/michellestar/Documents/GitHub/hello-michelle-star.github.io/assets/css/main.scss 27:9  root stylesheet
DEPRECATION WARNING [import]: Sass @import rules are deprecated and will be removed in Dart Sass 3.0.0.

More info and automated migrator: https://sass-lang.com/d/import

   ╷
28 │ @import 'about';
   │         ^^^^^^^
   ╵
    /Users/michellestar/Documents/GitHub/hello-michelle-star.github.io/assets/css/main.scss 28:9  root stylesheet
DEPRECATION WARNING [import]: Sass @import rules are deprecated and will be removed in Dart Sass 3.0.0.

More info and automated migrator: https://sass-lang.com/d/import

  ╷
2 │ @import "base",
  │         ^^^^^^
  ╵
    _-sections-dir.scss 2:9                                                                       @import
    /Users/michellestar/Documents/GitHub/hello-michelle-star.github.io/assets/css/main.scss 27:9  root stylesheet
DEPRECATION WARNING [import]: Sass @import rules are deprecated and will be removed in Dart Sass 3.0.0.

More info and automated migrator: https://sass-lang.com/d/import

  ╷
3 │         "code",
  │         ^^^^^^
  ╵
    _-sections-dir.scss 3:9                                                                       @import
    /Users/michellestar/Documents/GitHub/hello-michelle-star.github.io/assets/css/main.scss 27:9  root stylesheet
DEPRECATION WARNING [import]: Sass @import rules are deprecated and will be removed in Dart Sass 3.0.0.

More info and automated migrator: https://sass-lang.com/d/import

  ╷
4 │         "default",
  │         ^^^^^^^^^
  ╵
    _-sections-dir.scss 4:9                                                                       @import
    /Users/michellestar/Documents/GitHub/hello-michelle-star.github.io/assets/css/main.scss 27:9  root stylesheet
WARNING: 7 repetitive deprecation warnings omitted.
Run in verbose mode to see all warnings.
                    ...done in 0.048408 seconds.
                    
      Regenerating: 1 file(s) changed at 2026-04-27 23:55:44
                    jekyll.log
       Jekyll Feed: Generating feed for posts
DEPRECATION WARNING [import]: Sass @import rules are deprecated and will be removed in Dart Sass 3.0.0.

More info and automated migrator: https://sass-lang.com/d/import

   ╷
27 │ @import "-sections-dir";
   │         ^^^^^^^^^^^^^^^
   ╵
    /Users/michellestar/Documents/GitHub/hello-michelle-star.github.io/assets/css/main.scss 27:9  root stylesheet
DEPRECATION WARNING [import]: Sass @import rules are deprecated and will be removed in Dart Sass 3.0.0.

More info and automated migrator: https://sass-lang.com/d/import

   ╷
28 │ @import 'about';
   │         ^^^^^^^
   ╵
    /Users/michellestar/Documents/GitHub/hello-michelle-star.github.io/assets/css/main.scss 28:9  root stylesheet
DEPRECATION WARNING [import]: Sass @import rules are deprecated and will be removed in Dart Sass 3.0.0.

More info and automated migrator: https://sass-lang.com/d/import

  ╷
2 │ @import "base",
  │         ^^^^^^
  ╵
    _-sections-dir.scss 2:9                                                                       @import
    /Users/michellestar/Documents/GitHub/hello-michelle-star.github.io/assets/css/main.scss 27:9  root stylesheet
DEPRECATION WARNING [import]: Sass @import rules are deprecated and will be removed in Dart Sass 3.0.0.

More info and automated migrator: https://sass-lang.com/d/import

  ╷
3 │         "code",
  │         ^^^^^^
  ╵
    _-sections-dir.scss 3:9                                                                       @import
    /Users/michellestar/Documents/GitHub/hello-michelle-star.github.io/assets/css/main.scss 27:9  root stylesheet
DEPRECATION WARNING [import]: Sass @import rules are deprecated and will be removed in Dart Sass 3.0.0.

More info and automated migrator: https://sass-lang.com/d/import

  ╷
4 │         "default",
  │         ^^^^^^^^^
  ╵
    _-sections-dir.scss 4:9                                                                       @import
    /Users/michellestar/Documents/GitHub/hello-michelle-star.github.io/assets/css/main.scss 27:9  root stylesheet
WARNING: 7 repetitive deprecation warnings omitted.
Run in verbose mode to see all warnings.
                    ...done in 0.048261 seconds.
                    
[2026-04-27 23:55:44] ERROR Errno::ECONNRESET: Connection reset by peer @ io_fillbuf - fd:22 
	/Users/michellestar/Documents/GitHub/hello-michelle-star.github.io/vendor/bundle/ruby/3.4.0/gems/webrick-1.9.1/lib/webrick/httpserver.rb:82:in 'IO#eof?'
	/Users/michellestar/Documents/GitHub/hello-michelle-star.github.io/vendor/bundle/ruby/3.4.0/gems/webrick-1.9.1/lib/webrick/httpserver.rb:82:in 'WEBrick::HTTPServer#run'
	/Users/michellestar/Documents/GitHub/hello-michelle-star.github.io/vendor/bundle/ruby/3.4.0/gems/webrick-1.9.1/lib/webrick/server.rb:310:in 'block in WEBrick::GenericServer#start_thread'
      Regenerating: 1 file(s) changed at 2026-04-27 23:55:49
                    jekyll.log
       Jekyll Feed: Generating feed for posts
DEPRECATION WARNING [import]: Sass @import rules are deprecated and will be removed in Dart Sass 3.0.0.

More info and automated migrator: https://sass-lang.com/d/import

   ╷
27 │ @import "-sections-dir";
   │         ^^^^^^^^^^^^^^^
   ╵
    /Users/michellestar/Documents/GitHub/hello-michelle-star.github.io/assets/css/main.scss 27:9  root stylesheet
DEPRECATION WARNING [import]: Sass @import rules are deprecated and will be removed in Dart Sass 3.0.0.

More info and automated migrator: https://sass-lang.com/d/import

   ╷
28 │ @import 'about';
   │         ^^^^^^^
   ╵
    /Users/michellestar/Documents/GitHub/hello-michelle-star.github.io/assets/css/main.scss 28:9  root stylesheet
DEPRECATION WARNING [import]: Sass @import rules are deprecated and will be removed in Dart Sass 3.0.0.

More info and automated migrator: https://sass-lang.com/d/import

  ╷
2 │ @import "base",
  │         ^^^^^^
  ╵
    _-sections-dir.scss 2:9                                                                       @import
    /Users/michellestar/Documents/GitHub/hello-michelle-star.github.io/assets/css/main.scss 27:9  root stylesheet
DEPRECATION WARNING [import]: Sass @import rules are deprecated and will be removed in Dart Sass 3.0.0.

More info and automated migrator: https://sass-lang.com/d/import

  ╷
3 │         "code",
  │         ^^^^^^
  ╵
    _-sections-dir.scss 3:9                                                                       @import
    /Users/michellestar/Documents/GitHub/hello-michelle-star.github.io/assets/css/main.scss 27:9  root stylesheet
DEPRECATION WARNING [import]: Sass @import rules are deprecated and will be removed in Dart Sass 3.0.0.

More info and automated migrator: https://sass-lang.com/d/import

  ╷
4 │         "default",
  │         ^^^^^^^^^
  ╵
    _-sections-dir.scss 4:9                                                                       @import
    /Users/michellestar/Documents/GitHub/hello-michelle-star.github.io/assets/css/main.scss 27:9  root stylesheet
WARNING: 7 repetitive deprecation warnings omitted.
Run in verbose mode to see all warnings.
                    ...done in 0.048917 seconds.
                    
      Regenerating: 1 file(s) changed at 2026-04-27 23:55:55
                    jekyll.log
       Jekyll Feed: Generating feed for posts
DEPRECATION WARNING [import]: Sass @import rules are deprecated and will be removed in Dart Sass 3.0.0.

More info and automated migrator: https://sass-lang.com/d/import

   ╷
27 │ @import "-sections-dir";
   │         ^^^^^^^^^^^^^^^
   ╵
    /Users/michellestar/Documents/GitHub/hello-michelle-star.github.io/assets/css/main.scss 27:9  root stylesheet
DEPRECATION WARNING [import]: Sass @import rules are deprecated and will be removed in Dart Sass 3.0.0.

More info and automated migrator: https://sass-lang.com/d/import

   ╷
28 │ @import 'about';
   │         ^^^^^^^
   ╵
    /Users/michellestar/Documents/GitHub/hello-michelle-star.github.io/assets/css/main.scss 28:9  root stylesheet
DEPRECATION WARNING [import]: Sass @import rules are deprecated and will be removed in Dart Sass 3.0.0.

More info and automated migrator: https://sass-lang.com/d/import

  ╷
2 │ @import "base",
  │         ^^^^^^
  ╵
    _-sections-dir.scss 2:9                                                                       @import
    /Users/michellestar/Documents/GitHub/hello-michelle-star.github.io/assets/css/main.scss 27:9  root stylesheet
DEPRECATION WARNING [import]: Sass @import rules are deprecated and will be removed in Dart Sass 3.0.0.

More info and automated migrator: https://sass-lang.com/d/import

  ╷
3 │         "code",
  │         ^^^^^^
  ╵
    _-sections-dir.scss 3:9                                                                       @import
    /Users/michellestar/Documents/GitHub/hello-michelle-star.github.io/assets/css/main.scss 27:9  root stylesheet
DEPRECATION WARNING [import]: Sass @import rules are deprecated and will be removed in Dart Sass 3.0.0.

More info and automated migrator: https://sass-lang.com/d/import

  ╷
4 │         "default",
  │         ^^^^^^^^^
  ╵
    _-sections-dir.scss 4:9                                                                       @import
    /Users/michellestar/Documents/GitHub/hello-michelle-star.github.io/assets/css/main.scss 27:9  root stylesheet
WARNING: 7 repetitive deprecation warnings omitted.
Run in verbose mode to see all warnings.
                    ...done in 0.051635 seconds.
                    
      Regenerating: 1 file(s) changed at 2026-04-27 23:56:00
                    jekyll.log
       Jekyll Feed: Generating feed for posts
DEPRECATION WARNING [import]: Sass @import rules are deprecated and will be removed in Dart Sass 3.0.0.

More info and automated migrator: https://sass-lang.com/d/import

   ╷
27 │ @import "-sections-dir";
   │         ^^^^^^^^^^^^^^^
   ╵
    /Users/michellestar/Documents/GitHub/hello-michelle-star.github.io/assets/css/main.scss 27:9  root stylesheet
DEPRECATION WARNING [import]: Sass @import rules are deprecated and will be removed in Dart Sass 3.0.0.

More info and automated migrator: https://sass-lang.com/d/import

   ╷
28 │ @import 'about';
   │         ^^^^^^^
   ╵
    /Users/michellestar/Documents/GitHub/hello-michelle-star.github.io/assets/css/main.scss 28:9  root stylesheet
DEPRECATION WARNING [import]: Sass @import rules are deprecated and will be removed in Dart Sass 3.0.0.

More info and automated migrator: https://sass-lang.com/d/import

  ╷
2 │ @import "base",
  │         ^^^^^^
  ╵
    _-sections-dir.scss 2:9                                                                       @import
    /Users/michellestar/Documents/GitHub/hello-michelle-star.github.io/assets/css/main.scss 27:9  root stylesheet
DEPRECATION WARNING [import]: Sass @import rules are deprecated and will be removed in Dart Sass 3.0.0.

More info and automated migrator: https://sass-lang.com/d/import

  ╷
3 │         "code",
  │         ^^^^^^
  ╵
    _-sections-dir.scss 3:9                                                                       @import
    /Users/michellestar/Documents/GitHub/hello-michelle-star.github.io/assets/css/main.scss 27:9  root stylesheet
DEPRECATION WARNING [import]: Sass @import rules are deprecated and will be removed in Dart Sass 3.0.0.

More info and automated migrator: https://sass-lang.com/d/import

  ╷
4 │         "default",
  │         ^^^^^^^^^
  ╵
    _-sections-dir.scss 4:9                                                                       @import
    /Users/michellestar/Documents/GitHub/hello-michelle-star.github.io/assets/css/main.scss 27:9  root stylesheet
WARNING: 7 repetitive deprecation warnings omitted.
Run in verbose mode to see all warnings.
                    ...done in 0.046537 seconds.
                    
[2026-04-27 23:56:01] ERROR Errno::ECONNRESET: Connection reset by peer @ io_fillbuf - fd:10 
	/Users/michellestar/Documents/GitHub/hello-michelle-star.github.io/vendor/bundle/ruby/3.4.0/gems/webrick-1.9.1/lib/webrick/httpserver.rb:82:in 'IO#eof?'
	/Users/michellestar/Documents/GitHub/hello-michelle-star.github.io/vendor/bundle/ruby/3.4.0/gems/webrick-1.9.1/lib/webrick/httpserver.rb:82:in 'WEBrick::HTTPServer#run'
	/Users/michellestar/Documents/GitHub/hello-michelle-star.github.io/vendor/bundle/ruby/3.4.0/gems/webrick-1.9.1/lib/webrick/server.rb:310:in 'block in WEBrick::GenericServer#start_thread'
      Regenerating: 1 file(s) changed at 2026-04-27 23:56:04
                    jekyll.log
       Jekyll Feed: Generating feed for posts
DEPRECATION WARNING [import]: Sass @import rules are deprecated and will be removed in Dart Sass 3.0.0.

More info and automated migrator: https://sass-lang.com/d/import

   ╷
27 │ @import "-sections-dir";
   │         ^^^^^^^^^^^^^^^
   ╵
    /Users/michellestar/Documents/GitHub/hello-michelle-star.github.io/assets/css/main.scss 27:9  root stylesheet
DEPRECATION WARNING [import]: Sass @import rules are deprecated and will be removed in Dart Sass 3.0.0.

More info and automated migrator: https://sass-lang.com/d/import

   ╷
28 │ @import 'about';
   │         ^^^^^^^
   ╵
    /Users/michellestar/Documents/GitHub/hello-michelle-star.github.io/assets/css/main.scss 28:9  root stylesheet
DEPRECATION WARNING [import]: Sass @import rules are deprecated and will be removed in Dart Sass 3.0.0.

More info and automated migrator: https://sass-lang.com/d/import

  ╷
2 │ @import "base",
  │         ^^^^^^
  ╵
    _-sections-dir.scss 2:9                                                                       @import
    /Users/michellestar/Documents/GitHub/hello-michelle-star.github.io/assets/css/main.scss 27:9  root stylesheet
DEPRECATION WARNING [import]: Sass @import rules are deprecated and will be removed in Dart Sass 3.0.0.

More info and automated migrator: https://sass-lang.com/d/import

  ╷
3 │         "code",
  │         ^^^^^^
  ╵
    _-sections-dir.scss 3:9                                                                       @import
    /Users/michellestar/Documents/GitHub/hello-michelle-star.github.io/assets/css/main.scss 27:9  root stylesheet
DEPRECATION WARNING [import]: Sass @import rules are deprecated and will be removed in Dart Sass 3.0.0.

More info and automated migrator: https://sass-lang.com/d/import

  ╷
4 │         "default",
  │         ^^^^^^^^^
  ╵
    _-sections-dir.scss 4:9                                                                       @import
    /Users/michellestar/Documents/GitHub/hello-michelle-star.github.io/assets/css/main.scss 27:9  root stylesheet
WARNING: 7 repetitive deprecation warnings omitted.
Run in verbose mode to see all warnings.
                    ...done in 0.048543 seconds.
                    
      Regenerating: 1 file(s) changed at 2026-04-27 23:56:08
                    jekyll.log
       Jekyll Feed: Generating feed for posts
DEPRECATION WARNING [import]: Sass @import rules are deprecated and will be removed in Dart Sass 3.0.0.

More info and automated migrator: https://sass-lang.com/d/import

   ╷
27 │ @import "-sections-dir";
   │         ^^^^^^^^^^^^^^^
   ╵
    /Users/michellestar/Documents/GitHub/hello-michelle-star.github.io/assets/css/main.scss 27:9  root stylesheet
DEPRECATION WARNING [import]: Sass @import rules are deprecated and will be removed in Dart Sass 3.0.0.

More info and automated migrator: https://sass-lang.com/d/import

   ╷
28 │ @import 'about';
   │         ^^^^^^^
   ╵
    /Users/michellestar/Documents/GitHub/hello-michelle-star.github.io/assets/css/main.scss 28:9  root stylesheet
DEPRECATION WARNING [import]: Sass @import rules are deprecated and will be removed in Dart Sass 3.0.0.

More info and automated migrator: https://sass-lang.com/d/import

  ╷
2 │ @import "base",
  │         ^^^^^^
  ╵
    _-sections-dir.scss 2:9                                                                       @import
    /Users/michellestar/Documents/GitHub/hello-michelle-star.github.io/assets/css/main.scss 27:9  root stylesheet
DEPRECATION WARNING [import]: Sass @import rules are deprecated and will be removed in Dart Sass 3.0.0.

More info and automated migrator: https://sass-lang.com/d/import

  ╷
3 │         "code",
  │         ^^^^^^
  ╵
    _-sections-dir.scss 3:9                                                                       @import
    /Users/michellestar/Documents/GitHub/hello-michelle-star.github.io/assets/css/main.scss 27:9  root stylesheet
DEPRECATION WARNING [import]: Sass @import rules are deprecated and will be removed in Dart Sass 3.0.0.

More info and automated migrator: https://sass-lang.com/d/import

  ╷
4 │         "default",
  │         ^^^^^^^^^
  ╵
    _-sections-dir.scss 4:9                                                                       @import
    /Users/michellestar/Documents/GitHub/hello-michelle-star.github.io/assets/css/main.scss 27:9  root stylesheet
WARNING: 7 repetitive deprecation warnings omitted.
Run in verbose mode to see all warnings.
                    ...done in 0.05845 seconds.
                    
      Regenerating: 1 file(s) changed at 2026-04-27 23:56:13
                    jekyll.log
       Jekyll Feed: Generating feed for posts
DEPRECATION WARNING [import]: Sass @import rules are deprecated and will be removed in Dart Sass 3.0.0.

More info and automated migrator: https://sass-lang.com/d/import

   ╷
27 │ @import "-sections-dir";
   │         ^^^^^^^^^^^^^^^
   ╵
    /Users/michellestar/Documents/GitHub/hello-michelle-star.github.io/assets/css/main.scss 27:9  root stylesheet
DEPRECATION WARNING [import]: Sass @import rules are deprecated and will be removed in Dart Sass 3.0.0.

More info and automated migrator: https://sass-lang.com/d/import

   ╷
28 │ @import 'about';
   │         ^^^^^^^
   ╵
    /Users/michellestar/Documents/GitHub/hello-michelle-star.github.io/assets/css/main.scss 28:9  root stylesheet
DEPRECATION WARNING [import]: Sass @import rules are deprecated and will be removed in Dart Sass 3.0.0.

More info and automated migrator: https://sass-lang.com/d/import

  ╷
2 │ @import "base",
  │         ^^^^^^
  ╵
    _-sections-dir.scss 2:9                                                                       @import
    /Users/michellestar/Documents/GitHub/hello-michelle-star.github.io/assets/css/main.scss 27:9  root stylesheet
DEPRECATION WARNING [import]: Sass @import rules are deprecated and will be removed in Dart Sass 3.0.0.

More info and automated migrator: https://sass-lang.com/d/import

  ╷
3 │         "code",
  │         ^^^^^^
  ╵
    _-sections-dir.scss 3:9                                                                       @import
    /Users/michellestar/Documents/GitHub/hello-michelle-star.github.io/assets/css/main.scss 27:9  root stylesheet
DEPRECATION WARNING [import]: Sass @import rules are deprecated and will be removed in Dart Sass 3.0.0.

More info and automated migrator: https://sass-lang.com/d/import

  ╷
4 │         "default",
  │         ^^^^^^^^^
  ╵
    _-sections-dir.scss 4:9                                                                       @import
    /Users/michellestar/Documents/GitHub/hello-michelle-star.github.io/assets/css/main.scss 27:9  root stylesheet
WARNING: 7 repetitive deprecation warnings omitted.
Run in verbose mode to see all warnings.
                    ...done in 0.044588 seconds.
                    
[2026-04-27 23:56:13] ERROR Errno::ECONNRESET: Connection reset by peer @ io_fillbuf - fd:21 
	/Users/michellestar/Documents/GitHub/hello-michelle-star.github.io/vendor/bundle/ruby/3.4.0/gems/webrick-1.9.1/lib/webrick/httpserver.rb:82:in 'IO#eof?'
	/Users/michellestar/Documents/GitHub/hello-michelle-star.github.io/vendor/bundle/ruby/3.4.0/gems/webrick-1.9.1/lib/webrick/httpserver.rb:82:in 'WEBrick::HTTPServer#run'
	/Users/michellestar/Documents/GitHub/hello-michelle-star.github.io/vendor/bundle/ruby/3.4.0/gems/webrick-1.9.1/lib/webrick/server.rb:310:in 'block in WEBrick::GenericServer#start_thread'
      Regenerating: 1 file(s) changed at 2026-04-27 23:56:16
                    jekyll.log
       Jekyll Feed: Generating feed for posts
DEPRECATION WARNING [import]: Sass @import rules are deprecated and will be removed in Dart Sass 3.0.0.

More info and automated migrator: https://sass-lang.com/d/import

   ╷
27 │ @import "-sections-dir";
   │         ^^^^^^^^^^^^^^^
   ╵
    /Users/michellestar/Documents/GitHub/hello-michelle-star.github.io/assets/css/main.scss 27:9  root stylesheet
DEPRECATION WARNING [import]: Sass @import rules are deprecated and will be removed in Dart Sass 3.0.0.

More info and automated migrator: https://sass-lang.com/d/import

   ╷
28 │ @import 'about';
   │         ^^^^^^^
   ╵
    /Users/michellestar/Documents/GitHub/hello-michelle-star.github.io/assets/css/main.scss 28:9  root stylesheet
DEPRECATION WARNING [import]: Sass @import rules are deprecated and will be removed in Dart Sass 3.0.0.

More info and automated migrator: https://sass-lang.com/d/import

  ╷
2 │ @import "base",
  │         ^^^^^^
  ╵
    _-sections-dir.scss 2:9                                                                       @import
    /Users/michellestar/Documents/GitHub/hello-michelle-star.github.io/assets/css/main.scss 27:9  root stylesheet
DEPRECATION WARNING [import]: Sass @import rules are deprecated and will be removed in Dart Sass 3.0.0.

More info and automated migrator: https://sass-lang.com/d/import

  ╷
3 │         "code",
  │         ^^^^^^
  ╵
    _-sections-dir.scss 3:9                                                                       @import
    /Users/michellestar/Documents/GitHub/hello-michelle-star.github.io/assets/css/main.scss 27:9  root stylesheet
DEPRECATION WARNING [import]: Sass @import rules are deprecated and will be removed in Dart Sass 3.0.0.

More info and automated migrator: https://sass-lang.com/d/import

  ╷
4 │         "default",
  │         ^^^^^^^^^
  ╵
    _-sections-dir.scss 4:9                                                                       @import
    /Users/michellestar/Documents/GitHub/hello-michelle-star.github.io/assets/css/main.scss 27:9  root stylesheet
WARNING: 7 repetitive deprecation warnings omitted.
Run in verbose mode to see all warnings.
                    ...done in 0.050928 seconds.
                    
      Regenerating: 1 file(s) changed at 2026-04-27 23:56:20
                    jekyll.log
       Jekyll Feed: Generating feed for posts
DEPRECATION WARNING [import]: Sass @import rules are deprecated and will be removed in Dart Sass 3.0.0.

More info and automated migrator: https://sass-lang.com/d/import

   ╷
27 │ @import "-sections-dir";
   │         ^^^^^^^^^^^^^^^
   ╵
    /Users/michellestar/Documents/GitHub/hello-michelle-star.github.io/assets/css/main.scss 27:9  root stylesheet
DEPRECATION WARNING [import]: Sass @import rules are deprecated and will be removed in Dart Sass 3.0.0.

More info and automated migrator: https://sass-lang.com/d/import

   ╷
28 │ @import 'about';
   │         ^^^^^^^
   ╵
    /Users/michellestar/Documents/GitHub/hello-michelle-star.github.io/assets/css/main.scss 28:9  root stylesheet
DEPRECATION WARNING [import]: Sass @import rules are deprecated and will be removed in Dart Sass 3.0.0.

More info and automated migrator: https://sass-lang.com/d/import

  ╷
2 │ @import "base",
  │         ^^^^^^
  ╵
    _-sections-dir.scss 2:9                                                                       @import
    /Users/michellestar/Documents/GitHub/hello-michelle-star.github.io/assets/css/main.scss 27:9  root stylesheet
DEPRECATION WARNING [import]: Sass @import rules are deprecated and will be removed in Dart Sass 3.0.0.

More info and automated migrator: https://sass-lang.com/d/import

  ╷
3 │         "code",
  │         ^^^^^^
  ╵
    _-sections-dir.scss 3:9                                                                       @import
    /Users/michellestar/Documents/GitHub/hello-michelle-star.github.io/assets/css/main.scss 27:9  root stylesheet
DEPRECATION WARNING [import]: Sass @import rules are deprecated and will be removed in Dart Sass 3.0.0.

More info and automated migrator: https://sass-lang.com/d/import

  ╷
4 │         "default",
  │         ^^^^^^^^^
  ╵
    _-sections-dir.scss 4:9                                                                       @import
    /Users/michellestar/Documents/GitHub/hello-michelle-star.github.io/assets/css/main.scss 27:9  root stylesheet
WARNING: 7 repetitive deprecation warnings omitted.
Run in verbose mode to see all warnings.
                    ...done in 0.052921 seconds.
                    
      Regenerating: 1 file(s) changed at 2026-04-27 23:56:24
                    jekyll.log
       Jekyll Feed: Generating feed for posts
DEPRECATION WARNING [import]: Sass @import rules are deprecated and will be removed in Dart Sass 3.0.0.

More info and automated migrator: https://sass-lang.com/d/import

   ╷
27 │ @import "-sections-dir";
   │         ^^^^^^^^^^^^^^^
   ╵
    /Users/michellestar/Documents/GitHub/hello-michelle-star.github.io/assets/css/main.scss 27:9  root stylesheet
DEPRECATION WARNING [import]: Sass @import rules are deprecated and will be removed in Dart Sass 3.0.0.

More info and automated migrator: https://sass-lang.com/d/import

   ╷
28 │ @import 'about';
   │         ^^^^^^^
   ╵
    /Users/michellestar/Documents/GitHub/hello-michelle-star.github.io/assets/css/main.scss 28:9  root stylesheet
DEPRECATION WARNING [import]: Sass @import rules are deprecated and will be removed in Dart Sass 3.0.0.

More info and automated migrator: https://sass-lang.com/d/import

  ╷
2 │ @import "base",
  │         ^^^^^^
  ╵
    _-sections-dir.scss 2:9                                                                       @import
    /Users/michellestar/Documents/GitHub/hello-michelle-star.github.io/assets/css/main.scss 27:9  root stylesheet
DEPRECATION WARNING [import]: Sass @import rules are deprecated and will be removed in Dart Sass 3.0.0.

More info and automated migrator: https://sass-lang.com/d/import

  ╷
3 │         "code",
  │         ^^^^^^
  ╵
    _-sections-dir.scss 3:9                                                                       @import
    /Users/michellestar/Documents/GitHub/hello-michelle-star.github.io/assets/css/main.scss 27:9  root stylesheet
DEPRECATION WARNING [import]: Sass @import rules are deprecated and will be removed in Dart Sass 3.0.0.

More info and automated migrator: https://sass-lang.com/d/import

  ╷
4 │         "default",
  │         ^^^^^^^^^
  ╵
    _-sections-dir.scss 4:9                                                                       @import
    /Users/michellestar/Documents/GitHub/hello-michelle-star.github.io/assets/css/main.scss 27:9  root stylesheet
WARNING: 7 repetitive deprecation warnings omitted.
Run in verbose mode to see all warnings.
                    ...done in 0.051723 seconds.
                    
[2026-04-27 23:56:24] ERROR Errno::ECONNRESET: Connection reset by peer @ io_fillbuf - fd:18 
	/Users/michellestar/Documents/GitHub/hello-michelle-star.github.io/vendor/bundle/ruby/3.4.0/gems/webrick-1.9.1/lib/webrick/httpserver.rb:82:in 'IO#eof?'
	/Users/michellestar/Documents/GitHub/hello-michelle-star.github.io/vendor/bundle/ruby/3.4.0/gems/webrick-1.9.1/lib/webrick/httpserver.rb:82:in 'WEBrick::HTTPServer#run'
	/Users/michellestar/Documents/GitHub/hello-michelle-star.github.io/vendor/bundle/ruby/3.4.0/gems/webrick-1.9.1/lib/webrick/server.rb:310:in 'block in WEBrick::GenericServer#start_thread'
      Regenerating: 1 file(s) changed at 2026-04-27 23:56:29
                    jekyll.log
       Jekyll Feed: Generating feed for posts
DEPRECATION WARNING [import]: Sass @import rules are deprecated and will be removed in Dart Sass 3.0.0.

More info and automated migrator: https://sass-lang.com/d/import

   ╷
27 │ @import "-sections-dir";
   │         ^^^^^^^^^^^^^^^
   ╵
    /Users/michellestar/Documents/GitHub/hello-michelle-star.github.io/assets/css/main.scss 27:9  root stylesheet
DEPRECATION WARNING [import]: Sass @import rules are deprecated and will be removed in Dart Sass 3.0.0.

More info and automated migrator: https://sass-lang.com/d/import

   ╷
28 │ @import 'about';
   │         ^^^^^^^
   ╵
    /Users/michellestar/Documents/GitHub/hello-michelle-star.github.io/assets/css/main.scss 28:9  root stylesheet
DEPRECATION WARNING [import]: Sass @import rules are deprecated and will be removed in Dart Sass 3.0.0.

More info and automated migrator: https://sass-lang.com/d/import

  ╷
2 │ @import "base",
  │         ^^^^^^
  ╵
    _-sections-dir.scss 2:9                                                                       @import
    /Users/michellestar/Documents/GitHub/hello-michelle-star.github.io/assets/css/main.scss 27:9  root stylesheet
DEPRECATION WARNING [import]: Sass @import rules are deprecated and will be removed in Dart Sass 3.0.0.

More info and automated migrator: https://sass-lang.com/d/import

  ╷
3 │         "code",
  │         ^^^^^^
  ╵
    _-sections-dir.scss 3:9                                                                       @import
    /Users/michellestar/Documents/GitHub/hello-michelle-star.github.io/assets/css/main.scss 27:9  root stylesheet
DEPRECATION WARNING [import]: Sass @import rules are deprecated and will be removed in Dart Sass 3.0.0.

More info and automated migrator: https://sass-lang.com/d/import

  ╷
4 │         "default",
  │         ^^^^^^^^^
  ╵
    _-sections-dir.scss 4:9                                                                       @import
    /Users/michellestar/Documents/GitHub/hello-michelle-star.github.io/assets/css/main.scss 27:9  root stylesheet
WARNING: 7 repetitive deprecation warnings omitted.
Run in verbose mode to see all warnings.
                    ...done in 0.049506 seconds.
                    
      Regenerating: 1 file(s) changed at 2026-04-27 23:56:34
                    jekyll.log
       Jekyll Feed: Generating feed for posts
DEPRECATION WARNING [import]: Sass @import rules are deprecated and will be removed in Dart Sass 3.0.0.

More info and automated migrator: https://sass-lang.com/d/import

   ╷
27 │ @import "-sections-dir";
   │         ^^^^^^^^^^^^^^^
   ╵
    /Users/michellestar/Documents/GitHub/hello-michelle-star.github.io/assets/css/main.scss 27:9  root stylesheet
DEPRECATION WARNING [import]: Sass @import rules are deprecated and will be removed in Dart Sass 3.0.0.

More info and automated migrator: https://sass-lang.com/d/import

   ╷
28 │ @import 'about';
   │         ^^^^^^^
   ╵
    /Users/michellestar/Documents/GitHub/hello-michelle-star.github.io/assets/css/main.scss 28:9  root stylesheet
DEPRECATION WARNING [import]: Sass @import rules are deprecated and will be removed in Dart Sass 3.0.0.

More info and automated migrator: https://sass-lang.com/d/import

  ╷
2 │ @import "base",
  │         ^^^^^^
  ╵
    _-sections-dir.scss 2:9                                                                       @import
    /Users/michellestar/Documents/GitHub/hello-michelle-star.github.io/assets/css/main.scss 27:9  root stylesheet
DEPRECATION WARNING [import]: Sass @import rules are deprecated and will be removed in Dart Sass 3.0.0.

More info and automated migrator: https://sass-lang.com/d/import

  ╷
3 │         "code",
  │         ^^^^^^
  ╵
    _-sections-dir.scss 3:9                                                                       @import
    /Users/michellestar/Documents/GitHub/hello-michelle-star.github.io/assets/css/main.scss 27:9  root stylesheet
DEPRECATION WARNING [import]: Sass @import rules are deprecated and will be removed in Dart Sass 3.0.0.

More info and automated migrator: https://sass-lang.com/d/import

  ╷
4 │         "default",
  │         ^^^^^^^^^
  ╵
    _-sections-dir.scss 4:9                                                                       @import
    /Users/michellestar/Documents/GitHub/hello-michelle-star.github.io/assets/css/main.scss 27:9  root stylesheet
WARNING: 7 repetitive deprecation warnings omitted.
Run in verbose mode to see all warnings.
                    ...done in 0.055737 seconds.
                    
      Regenerating: 1 file(s) changed at 2026-04-27 23:56:40
                    jekyll.log
       Jekyll Feed: Generating feed for posts
DEPRECATION WARNING [import]: Sass @import rules are deprecated and will be removed in Dart Sass 3.0.0.

More info and automated migrator: https://sass-lang.com/d/import

   ╷
27 │ @import "-sections-dir";
   │         ^^^^^^^^^^^^^^^
   ╵
    /Users/michellestar/Documents/GitHub/hello-michelle-star.github.io/assets/css/main.scss 27:9  root stylesheet
DEPRECATION WARNING [import]: Sass @import rules are deprecated and will be removed in Dart Sass 3.0.0.

More info and automated migrator: https://sass-lang.com/d/import

   ╷
28 │ @import 'about';
   │         ^^^^^^^
   ╵
    /Users/michellestar/Documents/GitHub/hello-michelle-star.github.io/assets/css/main.scss 28:9  root stylesheet
DEPRECATION WARNING [import]: Sass @import rules are deprecated and will be removed in Dart Sass 3.0.0.

More info and automated migrator: https://sass-lang.com/d/import

  ╷
2 │ @import "base",
  │         ^^^^^^
  ╵
    _-sections-dir.scss 2:9                                                                       @import
    /Users/michellestar/Documents/GitHub/hello-michelle-star.github.io/assets/css/main.scss 27:9  root stylesheet
DEPRECATION WARNING [import]: Sass @import rules are deprecated and will be removed in Dart Sass 3.0.0.

More info and automated migrator: https://sass-lang.com/d/import

  ╷
3 │         "code",
  │         ^^^^^^
  ╵
    _-sections-dir.scss 3:9                                                                       @import
    /Users/michellestar/Documents/GitHub/hello-michelle-star.github.io/assets/css/main.scss 27:9  root stylesheet
DEPRECATION WARNING [import]: Sass @import rules are deprecated and will be removed in Dart Sass 3.0.0.

More info and automated migrator: https://sass-lang.com/d/import

  ╷
4 │         "default",
  │         ^^^^^^^^^
  ╵
    _-sections-dir.scss 4:9                                                                       @import
    /Users/michellestar/Documents/GitHub/hello-michelle-star.github.io/assets/css/main.scss 27:9  root stylesheet
WARNING: 7 repetitive deprecation warnings omitted.
Run in verbose mode to see all warnings.
                    ...done in 0.050422 seconds.
                    
[2026-04-27 23:56:41] ERROR Errno::ECONNRESET: Connection reset by peer @ io_fillbuf - fd:19 
	/Users/michellestar/Documents/GitHub/hello-michelle-star.github.io/vendor/bundle/ruby/3.4.0/gems/webrick-1.9.1/lib/webrick/httpserver.rb:82:in 'IO#eof?'
	/Users/michellestar/Documents/GitHub/hello-michelle-star.github.io/vendor/bundle/ruby/3.4.0/gems/webrick-1.9.1/lib/webrick/httpserver.rb:82:in 'WEBrick::HTTPServer#run'
	/Users/michellestar/Documents/GitHub/hello-michelle-star.github.io/vendor/bundle/ruby/3.4.0/gems/webrick-1.9.1/lib/webrick/server.rb:310:in 'block in WEBrick::GenericServer#start_thread'
      Regenerating: 1 file(s) changed at 2026-04-27 23:56:47
                    jekyll.log
       Jekyll Feed: Generating feed for posts
DEPRECATION WARNING [import]: Sass @import rules are deprecated and will be removed in Dart Sass 3.0.0.

More info and automated migrator: https://sass-lang.com/d/import

   ╷
27 │ @import "-sections-dir";
   │         ^^^^^^^^^^^^^^^
   ╵
    /Users/michellestar/Documents/GitHub/hello-michelle-star.github.io/assets/css/main.scss 27:9  root stylesheet
DEPRECATION WARNING [import]: Sass @import rules are deprecated and will be removed in Dart Sass 3.0.0.

More info and automated migrator: https://sass-lang.com/d/import

   ╷
28 │ @import 'about';
   │         ^^^^^^^
   ╵
    /Users/michellestar/Documents/GitHub/hello-michelle-star.github.io/assets/css/main.scss 28:9  root stylesheet
DEPRECATION WARNING [import]: Sass @import rules are deprecated and will be removed in Dart Sass 3.0.0.

More info and automated migrator: https://sass-lang.com/d/import

  ╷
2 │ @import "base",
  │         ^^^^^^
  ╵
    _-sections-dir.scss 2:9                                                                       @import
    /Users/michellestar/Documents/GitHub/hello-michelle-star.github.io/assets/css/main.scss 27:9  root stylesheet
DEPRECATION WARNING [import]: Sass @import rules are deprecated and will be removed in Dart Sass 3.0.0.

More info and automated migrator: https://sass-lang.com/d/import

  ╷
3 │         "code",
  │         ^^^^^^
  ╵
    _-sections-dir.scss 3:9                                                                       @import
    /Users/michellestar/Documents/GitHub/hello-michelle-star.github.io/assets/css/main.scss 27:9  root stylesheet
DEPRECATION WARNING [import]: Sass @import rules are deprecated and will be removed in Dart Sass 3.0.0.

More info and automated migrator: https://sass-lang.com/d/import

  ╷
4 │         "default",
  │         ^^^^^^^^^
  ╵
    _-sections-dir.scss 4:9                                                                       @import
    /Users/michellestar/Documents/GitHub/hello-michelle-star.github.io/assets/css/main.scss 27:9  root stylesheet
WARNING: 7 repetitive deprecation warnings omitted.
Run in verbose mode to see all warnings.
                    ...done in 0.042288 seconds.
                    
[2026-04-27 23:56:47] ERROR Errno::ECONNRESET: Connection reset by peer @ io_fillbuf - fd:18 
	/Users/michellestar/Documents/GitHub/hello-michelle-star.github.io/vendor/bundle/ruby/3.4.0/gems/webrick-1.9.1/lib/webrick/httpserver.rb:82:in 'IO#eof?'
	/Users/michellestar/Documents/GitHub/hello-michelle-star.github.io/vendor/bundle/ruby/3.4.0/gems/webrick-1.9.1/lib/webrick/httpserver.rb:82:in 'WEBrick::HTTPServer#run'
	/Users/michellestar/Documents/GitHub/hello-michelle-star.github.io/vendor/bundle/ruby/3.4.0/gems/webrick-1.9.1/lib/webrick/server.rb:310:in 'block in WEBrick::GenericServer#start_thread'
      Regenerating: 1 file(s) changed at 2026-04-27 23:56:52
                    jekyll.log
       Jekyll Feed: Generating feed for posts
DEPRECATION WARNING [import]: Sass @import rules are deprecated and will be removed in Dart Sass 3.0.0.

More info and automated migrator: https://sass-lang.com/d/import

   ╷
27 │ @import "-sections-dir";
   │         ^^^^^^^^^^^^^^^
   ╵
    /Users/michellestar/Documents/GitHub/hello-michelle-star.github.io/assets/css/main.scss 27:9  root stylesheet
DEPRECATION WARNING [import]: Sass @import rules are deprecated and will be removed in Dart Sass 3.0.0.

More info and automated migrator: https://sass-lang.com/d/import

   ╷
28 │ @import 'about';
   │         ^^^^^^^
   ╵
    /Users/michellestar/Documents/GitHub/hello-michelle-star.github.io/assets/css/main.scss 28:9  root stylesheet
DEPRECATION WARNING [import]: Sass @import rules are deprecated and will be removed in Dart Sass 3.0.0.

More info and automated migrator: https://sass-lang.com/d/import

  ╷
2 │ @import "base",
  │         ^^^^^^
  ╵
    _-sections-dir.scss 2:9                                                                       @import
    /Users/michellestar/Documents/GitHub/hello-michelle-star.github.io/assets/css/main.scss 27:9  root stylesheet
DEPRECATION WARNING [import]: Sass @import rules are deprecated and will be removed in Dart Sass 3.0.0.

More info and automated migrator: https://sass-lang.com/d/import

  ╷
3 │         "code",
  │         ^^^^^^
  ╵
    _-sections-dir.scss 3:9                                                                       @import
    /Users/michellestar/Documents/GitHub/hello-michelle-star.github.io/assets/css/main.scss 27:9  root stylesheet
DEPRECATION WARNING [import]: Sass @import rules are deprecated and will be removed in Dart Sass 3.0.0.

More info and automated migrator: https://sass-lang.com/d/import

  ╷
4 │         "default",
  │         ^^^^^^^^^
  ╵
    _-sections-dir.scss 4:9                                                                       @import
    /Users/michellestar/Documents/GitHub/hello-michelle-star.github.io/assets/css/main.scss 27:9  root stylesheet
WARNING: 7 repetitive deprecation warnings omitted.
Run in verbose mode to see all warnings.
                    ...done in 0.057095 seconds.
                    
      Regenerating: 1 file(s) changed at 2026-04-27 23:56:57
                    jekyll.log
       Jekyll Feed: Generating feed for posts
DEPRECATION WARNING [import]: Sass @import rules are deprecated and will be removed in Dart Sass 3.0.0.

More info and automated migrator: https://sass-lang.com/d/import

   ╷
27 │ @import "-sections-dir";
   │         ^^^^^^^^^^^^^^^
   ╵
    /Users/michellestar/Documents/GitHub/hello-michelle-star.github.io/assets/css/main.scss 27:9  root stylesheet
DEPRECATION WARNING [import]: Sass @import rules are deprecated and will be removed in Dart Sass 3.0.0.

More info and automated migrator: https://sass-lang.com/d/import

   ╷
28 │ @import 'about';
   │         ^^^^^^^
   ╵
    /Users/michellestar/Documents/GitHub/hello-michelle-star.github.io/assets/css/main.scss 28:9  root stylesheet
DEPRECATION WARNING [import]: Sass @import rules are deprecated and will be removed in Dart Sass 3.0.0.

More info and automated migrator: https://sass-lang.com/d/import

  ╷
2 │ @import "base",
  │         ^^^^^^
  ╵
    _-sections-dir.scss 2:9                                                                       @import
    /Users/michellestar/Documents/GitHub/hello-michelle-star.github.io/assets/css/main.scss 27:9  root stylesheet
DEPRECATION WARNING [import]: Sass @import rules are deprecated and will be removed in Dart Sass 3.0.0.

More info and automated migrator: https://sass-lang.com/d/import

  ╷
3 │         "code",
  │         ^^^^^^
  ╵
    _-sections-dir.scss 3:9                                                                       @import
    /Users/michellestar/Documents/GitHub/hello-michelle-star.github.io/assets/css/main.scss 27:9  root stylesheet
DEPRECATION WARNING [import]: Sass @import rules are deprecated and will be removed in Dart Sass 3.0.0.

More info and automated migrator: https://sass-lang.com/d/import

  ╷
4 │         "default",
  │         ^^^^^^^^^
  ╵
    _-sections-dir.scss 4:9                                                                       @import
    /Users/michellestar/Documents/GitHub/hello-michelle-star.github.io/assets/css/main.scss 27:9  root stylesheet
WARNING: 7 repetitive deprecation warnings omitted.
Run in verbose mode to see all warnings.
                    ...done in 0.046752 seconds.
                    
      Regenerating: 1 file(s) changed at 2026-04-27 23:57:01
                    jekyll.log
       Jekyll Feed: Generating feed for posts
DEPRECATION WARNING [import]: Sass @import rules are deprecated and will be removed in Dart Sass 3.0.0.

More info and automated migrator: https://sass-lang.com/d/import

   ╷
27 │ @import "-sections-dir";
   │         ^^^^^^^^^^^^^^^
   ╵
    /Users/michellestar/Documents/GitHub/hello-michelle-star.github.io/assets/css/main.scss 27:9  root stylesheet
DEPRECATION WARNING [import]: Sass @import rules are deprecated and will be removed in Dart Sass 3.0.0.

More info and automated migrator: https://sass-lang.com/d/import

   ╷
28 │ @import 'about';
   │         ^^^^^^^
   ╵
    /Users/michellestar/Documents/GitHub/hello-michelle-star.github.io/assets/css/main.scss 28:9  root stylesheet
DEPRECATION WARNING [import]: Sass @import rules are deprecated and will be removed in Dart Sass 3.0.0.

More info and automated migrator: https://sass-lang.com/d/import

  ╷
2 │ @import "base",
  │         ^^^^^^
  ╵
    _-sections-dir.scss 2:9                                                                       @import
    /Users/michellestar/Documents/GitHub/hello-michelle-star.github.io/assets/css/main.scss 27:9  root stylesheet
DEPRECATION WARNING [import]: Sass @import rules are deprecated and will be removed in Dart Sass 3.0.0.

More info and automated migrator: https://sass-lang.com/d/import

  ╷
3 │         "code",
  │         ^^^^^^
  ╵
    _-sections-dir.scss 3:9                                                                       @import
    /Users/michellestar/Documents/GitHub/hello-michelle-star.github.io/assets/css/main.scss 27:9  root stylesheet
DEPRECATION WARNING [import]: Sass @import rules are deprecated and will be removed in Dart Sass 3.0.0.

More info and automated migrator: https://sass-lang.com/d/import

  ╷
4 │         "default",
  │         ^^^^^^^^^
  ╵
    _-sections-dir.scss 4:9                                                                       @import
    /Users/michellestar/Documents/GitHub/hello-michelle-star.github.io/assets/css/main.scss 27:9  root stylesheet
WARNING: 7 repetitive deprecation warnings omitted.
Run in verbose mode to see all warnings.
                    ...done in 0.050513 seconds.
                    
[2026-04-27 23:57:02] ERROR Errno::ECONNRESET: Connection reset by peer @ io_fillbuf - fd:19 
	/Users/michellestar/Documents/GitHub/hello-michelle-star.github.io/vendor/bundle/ruby/3.4.0/gems/webrick-1.9.1/lib/webrick/httpserver.rb:82:in 'IO#eof?'
	/Users/michellestar/Documents/GitHub/hello-michelle-star.github.io/vendor/bundle/ruby/3.4.0/gems/webrick-1.9.1/lib/webrick/httpserver.rb:82:in 'WEBrick::HTTPServer#run'
	/Users/michellestar/Documents/GitHub/hello-michelle-star.github.io/vendor/bundle/ruby/3.4.0/gems/webrick-1.9.1/lib/webrick/server.rb:310:in 'block in WEBrick::GenericServer#start_thread'
      Regenerating: 1 file(s) changed at 2026-04-27 23:57:06
                    jekyll.log
       Jekyll Feed: Generating feed for posts
DEPRECATION WARNING [import]: Sass @import rules are deprecated and will be removed in Dart Sass 3.0.0.

More info and automated migrator: https://sass-lang.com/d/import

   ╷
27 │ @import "-sections-dir";
   │         ^^^^^^^^^^^^^^^
   ╵
    /Users/michellestar/Documents/GitHub/hello-michelle-star.github.io/assets/css/main.scss 27:9  root stylesheet
DEPRECATION WARNING [import]: Sass @import rules are deprecated and will be removed in Dart Sass 3.0.0.

More info and automated migrator: https://sass-lang.com/d/import

   ╷
28 │ @import 'about';
   │         ^^^^^^^
   ╵
    /Users/michellestar/Documents/GitHub/hello-michelle-star.github.io/assets/css/main.scss 28:9  root stylesheet
DEPRECATION WARNING [import]: Sass @import rules are deprecated and will be removed in Dart Sass 3.0.0.

More info and automated migrator: https://sass-lang.com/d/import

  ╷
2 │ @import "base",
  │         ^^^^^^
  ╵
    _-sections-dir.scss 2:9                                                                       @import
    /Users/michellestar/Documents/GitHub/hello-michelle-star.github.io/assets/css/main.scss 27:9  root stylesheet
DEPRECATION WARNING [import]: Sass @import rules are deprecated and will be removed in Dart Sass 3.0.0.

More info and automated migrator: https://sass-lang.com/d/import

  ╷
3 │         "code",
  │         ^^^^^^
  ╵
    _-sections-dir.scss 3:9                                                                       @import
    /Users/michellestar/Documents/GitHub/hello-michelle-star.github.io/assets/css/main.scss 27:9  root stylesheet
DEPRECATION WARNING [import]: Sass @import rules are deprecated and will be removed in Dart Sass 3.0.0.

More info and automated migrator: https://sass-lang.com/d/import

  ╷
4 │         "default",
  │         ^^^^^^^^^
  ╵
    _-sections-dir.scss 4:9                                                                       @import
    /Users/michellestar/Documents/GitHub/hello-michelle-star.github.io/assets/css/main.scss 27:9  root stylesheet
WARNING: 7 repetitive deprecation warnings omitted.
Run in verbose mode to see all warnings.
                    ...done in 0.052711 seconds.
                    
      Regenerating: 1 file(s) changed at 2026-04-27 23:57:11
                    jekyll.log
       Jekyll Feed: Generating feed for posts
DEPRECATION WARNING [import]: Sass @import rules are deprecated and will be removed in Dart Sass 3.0.0.

More info and automated migrator: https://sass-lang.com/d/import

   ╷
27 │ @import "-sections-dir";
   │         ^^^^^^^^^^^^^^^
   ╵
    /Users/michellestar/Documents/GitHub/hello-michelle-star.github.io/assets/css/main.scss 27:9  root stylesheet
DEPRECATION WARNING [import]: Sass @import rules are deprecated and will be removed in Dart Sass 3.0.0.

More info and automated migrator: https://sass-lang.com/d/import

   ╷
28 │ @import 'about';
   │         ^^^^^^^
   ╵
    /Users/michellestar/Documents/GitHub/hello-michelle-star.github.io/assets/css/main.scss 28:9  root stylesheet
DEPRECATION WARNING [import]: Sass @import rules are deprecated and will be removed in Dart Sass 3.0.0.

More info and automated migrator: https://sass-lang.com/d/import

  ╷
2 │ @import "base",
  │         ^^^^^^
  ╵
    _-sections-dir.scss 2:9                                                                       @import
    /Users/michellestar/Documents/GitHub/hello-michelle-star.github.io/assets/css/main.scss 27:9  root stylesheet
DEPRECATION WARNING [import]: Sass @import rules are deprecated and will be removed in Dart Sass 3.0.0.

More info and automated migrator: https://sass-lang.com/d/import

  ╷
3 │         "code",
  │         ^^^^^^
  ╵
    _-sections-dir.scss 3:9                                                                       @import
    /Users/michellestar/Documents/GitHub/hello-michelle-star.github.io/assets/css/main.scss 27:9  root stylesheet
DEPRECATION WARNING [import]: Sass @import rules are deprecated and will be removed in Dart Sass 3.0.0.

More info and automated migrator: https://sass-lang.com/d/import

  ╷
4 │         "default",
  │         ^^^^^^^^^
  ╵
    _-sections-dir.scss 4:9                                                                       @import
    /Users/michellestar/Documents/GitHub/hello-michelle-star.github.io/assets/css/main.scss 27:9  root stylesheet
WARNING: 7 repetitive deprecation warnings omitted.
Run in verbose mode to see all warnings.
                    ...done in 0.053728 seconds.
                    
      Regenerating: 1 file(s) changed at 2026-04-27 23:57:14
                    jekyll.log
       Jekyll Feed: Generating feed for posts
DEPRECATION WARNING [import]: Sass @import rules are deprecated and will be removed in Dart Sass 3.0.0.

More info and automated migrator: https://sass-lang.com/d/import

   ╷
27 │ @import "-sections-dir";
   │         ^^^^^^^^^^^^^^^
   ╵
    /Users/michellestar/Documents/GitHub/hello-michelle-star.github.io/assets/css/main.scss 27:9  root stylesheet
DEPRECATION WARNING [import]: Sass @import rules are deprecated and will be removed in Dart Sass 3.0.0.

More info and automated migrator: https://sass-lang.com/d/import

   ╷
28 │ @import 'about';
   │         ^^^^^^^
   ╵
    /Users/michellestar/Documents/GitHub/hello-michelle-star.github.io/assets/css/main.scss 28:9  root stylesheet
DEPRECATION WARNING [import]: Sass @import rules are deprecated and will be removed in Dart Sass 3.0.0.

More info and automated migrator: https://sass-lang.com/d/import

  ╷
2 │ @import "base",
  │         ^^^^^^
  ╵
    _-sections-dir.scss 2:9                                                                       @import
    /Users/michellestar/Documents/GitHub/hello-michelle-star.github.io/assets/css/main.scss 27:9  root stylesheet
DEPRECATION WARNING [import]: Sass @import rules are deprecated and will be removed in Dart Sass 3.0.0.

More info and automated migrator: https://sass-lang.com/d/import

  ╷
3 │         "code",
  │         ^^^^^^
  ╵
    _-sections-dir.scss 3:9                                                                       @import
    /Users/michellestar/Documents/GitHub/hello-michelle-star.github.io/assets/css/main.scss 27:9  root stylesheet
DEPRECATION WARNING [import]: Sass @import rules are deprecated and will be removed in Dart Sass 3.0.0.

More info and automated migrator: https://sass-lang.com/d/import

  ╷
4 │         "default",
  │         ^^^^^^^^^
  ╵
    _-sections-dir.scss 4:9                                                                       @import
    /Users/michellestar/Documents/GitHub/hello-michelle-star.github.io/assets/css/main.scss 27:9  root stylesheet
WARNING: 7 repetitive deprecation warnings omitted.
Run in verbose mode to see all warnings.
                    ...done in 0.050022 seconds.
                    
      Regenerating: 1 file(s) changed at 2026-04-27 23:57:19
                    jekyll.log
       Jekyll Feed: Generating feed for posts
DEPRECATION WARNING [import]: Sass @import rules are deprecated and will be removed in Dart Sass 3.0.0.

More info and automated migrator: https://sass-lang.com/d/import

   ╷
27 │ @import "-sections-dir";
   │         ^^^^^^^^^^^^^^^
   ╵
    /Users/michellestar/Documents/GitHub/hello-michelle-star.github.io/assets/css/main.scss 27:9  root stylesheet
DEPRECATION WARNING [import]: Sass @import rules are deprecated and will be removed in Dart Sass 3.0.0.

More info and automated migrator: https://sass-lang.com/d/import

   ╷
28 │ @import 'about';
   │         ^^^^^^^
   ╵
    /Users/michellestar/Documents/GitHub/hello-michelle-star.github.io/assets/css/main.scss 28:9  root stylesheet
DEPRECATION WARNING [import]: Sass @import rules are deprecated and will be removed in Dart Sass 3.0.0.

More info and automated migrator: https://sass-lang.com/d/import

  ╷
2 │ @import "base",
  │         ^^^^^^
  ╵
    _-sections-dir.scss 2:9                                                                       @import
    /Users/michellestar/Documents/GitHub/hello-michelle-star.github.io/assets/css/main.scss 27:9  root stylesheet
DEPRECATION WARNING [import]: Sass @import rules are deprecated and will be removed in Dart Sass 3.0.0.

More info and automated migrator: https://sass-lang.com/d/import

  ╷
3 │         "code",
  │         ^^^^^^
  ╵
    _-sections-dir.scss 3:9                                                                       @import
    /Users/michellestar/Documents/GitHub/hello-michelle-star.github.io/assets/css/main.scss 27:9  root stylesheet
DEPRECATION WARNING [import]: Sass @import rules are deprecated and will be removed in Dart Sass 3.0.0.

More info and automated migrator: https://sass-lang.com/d/import

  ╷
4 │         "default",
  │         ^^^^^^^^^
  ╵
    _-sections-dir.scss 4:9                                                                       @import
    /Users/michellestar/Documents/GitHub/hello-michelle-star.github.io/assets/css/main.scss 27:9  root stylesheet
WARNING: 7 repetitive deprecation warnings omitted.
Run in verbose mode to see all warnings.
                    ...done in 0.049945 seconds.
                    
      Regenerating: 1 file(s) changed at 2026-04-27 23:57:22
                    jekyll.log
       Jekyll Feed: Generating feed for posts
DEPRECATION WARNING [import]: Sass @import rules are deprecated and will be removed in Dart Sass 3.0.0.

More info and automated migrator: https://sass-lang.com/d/import

   ╷
27 │ @import "-sections-dir";
   │         ^^^^^^^^^^^^^^^
   ╵
    /Users/michellestar/Documents/GitHub/hello-michelle-star.github.io/assets/css/main.scss 27:9  root stylesheet
DEPRECATION WARNING [import]: Sass @import rules are deprecated and will be removed in Dart Sass 3.0.0.

More info and automated migrator: https://sass-lang.com/d/import

   ╷
28 │ @import 'about';
   │         ^^^^^^^
   ╵
    /Users/michellestar/Documents/GitHub/hello-michelle-star.github.io/assets/css/main.scss 28:9  root stylesheet
DEPRECATION WARNING [import]: Sass @import rules are deprecated and will be removed in Dart Sass 3.0.0.

More info and automated migrator: https://sass-lang.com/d/import

  ╷
2 │ @import "base",
  │         ^^^^^^
  ╵
    _-sections-dir.scss 2:9                                                                       @import
    /Users/michellestar/Documents/GitHub/hello-michelle-star.github.io/assets/css/main.scss 27:9  root stylesheet
DEPRECATION WARNING [import]: Sass @import rules are deprecated and will be removed in Dart Sass 3.0.0.

More info and automated migrator: https://sass-lang.com/d/import

  ╷
3 │         "code",
  │         ^^^^^^
  ╵
    _-sections-dir.scss 3:9                                                                       @import
    /Users/michellestar/Documents/GitHub/hello-michelle-star.github.io/assets/css/main.scss 27:9  root stylesheet
DEPRECATION WARNING [import]: Sass @import rules are deprecated and will be removed in Dart Sass 3.0.0.

More info and automated migrator: https://sass-lang.com/d/import

  ╷
4 │         "default",
  │         ^^^^^^^^^
  ╵
    _-sections-dir.scss 4:9                                                                       @import
    /Users/michellestar/Documents/GitHub/hello-michelle-star.github.io/assets/css/main.scss 27:9  root stylesheet
WARNING: 7 repetitive deprecation warnings omitted.
Run in verbose mode to see all warnings.
                    ...done in 0.038124 seconds.
                    
      Regenerating: 1 file(s) changed at 2026-04-27 23:57:26
                    jekyll.log
       Jekyll Feed: Generating feed for posts
DEPRECATION WARNING [import]: Sass @import rules are deprecated and will be removed in Dart Sass 3.0.0.

More info and automated migrator: https://sass-lang.com/d/import

   ╷
27 │ @import "-sections-dir";
   │         ^^^^^^^^^^^^^^^
   ╵
    /Users/michellestar/Documents/GitHub/hello-michelle-star.github.io/assets/css/main.scss 27:9  root stylesheet
DEPRECATION WARNING [import]: Sass @import rules are deprecated and will be removed in Dart Sass 3.0.0.

More info and automated migrator: https://sass-lang.com/d/import

   ╷
28 │ @import 'about';
   │         ^^^^^^^
   ╵
    /Users/michellestar/Documents/GitHub/hello-michelle-star.github.io/assets/css/main.scss 28:9  root stylesheet
DEPRECATION WARNING [import]: Sass @import rules are deprecated and will be removed in Dart Sass 3.0.0.

More info and automated migrator: https://sass-lang.com/d/import

  ╷
2 │ @import "base",
  │         ^^^^^^
  ╵
    _-sections-dir.scss 2:9                                                                       @import
    /Users/michellestar/Documents/GitHub/hello-michelle-star.github.io/assets/css/main.scss 27:9  root stylesheet
DEPRECATION WARNING [import]: Sass @import rules are deprecated and will be removed in Dart Sass 3.0.0.

More info and automated migrator: https://sass-lang.com/d/import

  ╷
3 │         "code",
  │         ^^^^^^
  ╵
    _-sections-dir.scss 3:9                                                                       @import
    /Users/michellestar/Documents/GitHub/hello-michelle-star.github.io/assets/css/main.scss 27:9  root stylesheet
DEPRECATION WARNING [import]: Sass @import rules are deprecated and will be removed in Dart Sass 3.0.0.

More info and automated migrator: https://sass-lang.com/d/import

  ╷
4 │         "default",
  │         ^^^^^^^^^
  ╵
    _-sections-dir.scss 4:9                                                                       @import
    /Users/michellestar/Documents/GitHub/hello-michelle-star.github.io/assets/css/main.scss 27:9  root stylesheet
WARNING: 7 repetitive deprecation warnings omitted.
Run in verbose mode to see all warnings.
                    ...done in 0.0509 seconds.
                    
      Regenerating: 1 file(s) changed at 2026-04-27 23:57:29
                    jekyll.log
       Jekyll Feed: Generating feed for posts
DEPRECATION WARNING [import]: Sass @import rules are deprecated and will be removed in Dart Sass 3.0.0.

More info and automated migrator: https://sass-lang.com/d/import

   ╷
27 │ @import "-sections-dir";
   │         ^^^^^^^^^^^^^^^
   ╵
    /Users/michellestar/Documents/GitHub/hello-michelle-star.github.io/assets/css/main.scss 27:9  root stylesheet
DEPRECATION WARNING [import]: Sass @import rules are deprecated and will be removed in Dart Sass 3.0.0.

More info and automated migrator: https://sass-lang.com/d/import

   ╷
28 │ @import 'about';
   │         ^^^^^^^
   ╵
    /Users/michellestar/Documents/GitHub/hello-michelle-star.github.io/assets/css/main.scss 28:9  root stylesheet
DEPRECATION WARNING [import]: Sass @import rules are deprecated and will be removed in Dart Sass 3.0.0.

More info and automated migrator: https://sass-lang.com/d/import

  ╷
2 │ @import "base",
  │         ^^^^^^
  ╵
    _-sections-dir.scss 2:9                                                                       @import
    /Users/michellestar/Documents/GitHub/hello-michelle-star.github.io/assets/css/main.scss 27:9  root stylesheet
DEPRECATION WARNING [import]: Sass @import rules are deprecated and will be removed in Dart Sass 3.0.0.

More info and automated migrator: https://sass-lang.com/d/import

  ╷
3 │         "code",
  │         ^^^^^^
  ╵
    _-sections-dir.scss 3:9                                                                       @import
    /Users/michellestar/Documents/GitHub/hello-michelle-star.github.io/assets/css/main.scss 27:9  root stylesheet
DEPRECATION WARNING [import]: Sass @import rules are deprecated and will be removed in Dart Sass 3.0.0.

More info and automated migrator: https://sass-lang.com/d/import

  ╷
4 │         "default",
  │         ^^^^^^^^^
  ╵
    _-sections-dir.scss 4:9                                                                       @import
    /Users/michellestar/Documents/GitHub/hello-michelle-star.github.io/assets/css/main.scss 27:9  root stylesheet
WARNING: 7 repetitive deprecation warnings omitted.
Run in verbose mode to see all warnings.
                    ...done in 0.040118 seconds.
                    
      Regenerating: 1 file(s) changed at 2026-04-27 23:57:33
                    jekyll.log
       Jekyll Feed: Generating feed for posts
DEPRECATION WARNING [import]: Sass @import rules are deprecated and will be removed in Dart Sass 3.0.0.

More info and automated migrator: https://sass-lang.com/d/import

   ╷
27 │ @import "-sections-dir";
   │         ^^^^^^^^^^^^^^^
   ╵
    /Users/michellestar/Documents/GitHub/hello-michelle-star.github.io/assets/css/main.scss 27:9  root stylesheet
DEPRECATION WARNING [import]: Sass @import rules are deprecated and will be removed in Dart Sass 3.0.0.

More info and automated migrator: https://sass-lang.com/d/import

   ╷
28 │ @import 'about';
   │         ^^^^^^^
   ╵
    /Users/michellestar/Documents/GitHub/hello-michelle-star.github.io/assets/css/main.scss 28:9  root stylesheet
DEPRECATION WARNING [import]: Sass @import rules are deprecated and will be removed in Dart Sass 3.0.0.

More info and automated migrator: https://sass-lang.com/d/import

  ╷
2 │ @import "base",
  │         ^^^^^^
  ╵
    _-sections-dir.scss 2:9                                                                       @import
    /Users/michellestar/Documents/GitHub/hello-michelle-star.github.io/assets/css/main.scss 27:9  root stylesheet
DEPRECATION WARNING [import]: Sass @import rules are deprecated and will be removed in Dart Sass 3.0.0.

More info and automated migrator: https://sass-lang.com/d/import

  ╷
3 │         "code",
  │         ^^^^^^
  ╵
    _-sections-dir.scss 3:9                                                                       @import
    /Users/michellestar/Documents/GitHub/hello-michelle-star.github.io/assets/css/main.scss 27:9  root stylesheet
DEPRECATION WARNING [import]: Sass @import rules are deprecated and will be removed in Dart Sass 3.0.0.

More info and automated migrator: https://sass-lang.com/d/import

  ╷
4 │         "default",
  │         ^^^^^^^^^
  ╵
    _-sections-dir.scss 4:9                                                                       @import
    /Users/michellestar/Documents/GitHub/hello-michelle-star.github.io/assets/css/main.scss 27:9  root stylesheet
WARNING: 7 repetitive deprecation warnings omitted.
Run in verbose mode to see all warnings.
                    ...done in 0.061269 seconds.
                    
      Regenerating: 1 file(s) changed at 2026-04-27 23:57:38
                    jekyll.log
       Jekyll Feed: Generating feed for posts
DEPRECATION WARNING [import]: Sass @import rules are deprecated and will be removed in Dart Sass 3.0.0.

More info and automated migrator: https://sass-lang.com/d/import

   ╷
27 │ @import "-sections-dir";
   │         ^^^^^^^^^^^^^^^
   ╵
    /Users/michellestar/Documents/GitHub/hello-michelle-star.github.io/assets/css/main.scss 27:9  root stylesheet
DEPRECATION WARNING [import]: Sass @import rules are deprecated and will be removed in Dart Sass 3.0.0.

More info and automated migrator: https://sass-lang.com/d/import

   ╷
28 │ @import 'about';
   │         ^^^^^^^
   ╵
    /Users/michellestar/Documents/GitHub/hello-michelle-star.github.io/assets/css/main.scss 28:9  root stylesheet
DEPRECATION WARNING [import]: Sass @import rules are deprecated and will be removed in Dart Sass 3.0.0.

More info and automated migrator: https://sass-lang.com/d/import

  ╷
2 │ @import "base",
  │         ^^^^^^
  ╵
    _-sections-dir.scss 2:9                                                                       @import
    /Users/michellestar/Documents/GitHub/hello-michelle-star.github.io/assets/css/main.scss 27:9  root stylesheet
DEPRECATION WARNING [import]: Sass @import rules are deprecated and will be removed in Dart Sass 3.0.0.

More info and automated migrator: https://sass-lang.com/d/import

  ╷
3 │         "code",
  │         ^^^^^^
  ╵
    _-sections-dir.scss 3:9                                                                       @import
    /Users/michellestar/Documents/GitHub/hello-michelle-star.github.io/assets/css/main.scss 27:9  root stylesheet
DEPRECATION WARNING [import]: Sass @import rules are deprecated and will be removed in Dart Sass 3.0.0.

More info and automated migrator: https://sass-lang.com/d/import

  ╷
4 │         "default",
  │         ^^^^^^^^^
  ╵
    _-sections-dir.scss 4:9                                                                       @import
    /Users/michellestar/Documents/GitHub/hello-michelle-star.github.io/assets/css/main.scss 27:9  root stylesheet
WARNING: 7 repetitive deprecation warnings omitted.
Run in verbose mode to see all warnings.
                    ...done in 0.053459 seconds.
                    
      Regenerating: 1 file(s) changed at 2026-04-27 23:57:42
                    jekyll.log
       Jekyll Feed: Generating feed for posts
DEPRECATION WARNING [import]: Sass @import rules are deprecated and will be removed in Dart Sass 3.0.0.

More info and automated migrator: https://sass-lang.com/d/import

   ╷
27 │ @import "-sections-dir";
   │         ^^^^^^^^^^^^^^^
   ╵
    /Users/michellestar/Documents/GitHub/hello-michelle-star.github.io/assets/css/main.scss 27:9  root stylesheet
DEPRECATION WARNING [import]: Sass @import rules are deprecated and will be removed in Dart Sass 3.0.0.

More info and automated migrator: https://sass-lang.com/d/import

   ╷
28 │ @import 'about';
   │         ^^^^^^^
   ╵
    /Users/michellestar/Documents/GitHub/hello-michelle-star.github.io/assets/css/main.scss 28:9  root stylesheet
DEPRECATION WARNING [import]: Sass @import rules are deprecated and will be removed in Dart Sass 3.0.0.

More info and automated migrator: https://sass-lang.com/d/import

  ╷
2 │ @import "base",
  │         ^^^^^^
  ╵
    _-sections-dir.scss 2:9                                                                       @import
    /Users/michellestar/Documents/GitHub/hello-michelle-star.github.io/assets/css/main.scss 27:9  root stylesheet
DEPRECATION WARNING [import]: Sass @import rules are deprecated and will be removed in Dart Sass 3.0.0.

More info and automated migrator: https://sass-lang.com/d/import

  ╷
3 │         "code",
  │         ^^^^^^
  ╵
    _-sections-dir.scss 3:9                                                                       @import
    /Users/michellestar/Documents/GitHub/hello-michelle-star.github.io/assets/css/main.scss 27:9  root stylesheet
DEPRECATION WARNING [import]: Sass @import rules are deprecated and will be removed in Dart Sass 3.0.0.

More info and automated migrator: https://sass-lang.com/d/import

  ╷
4 │         "default",
  │         ^^^^^^^^^
  ╵
    _-sections-dir.scss 4:9                                                                       @import
    /Users/michellestar/Documents/GitHub/hello-michelle-star.github.io/assets/css/main.scss 27:9  root stylesheet
WARNING: 7 repetitive deprecation warnings omitted.
Run in verbose mode to see all warnings.
                    ...done in 0.048369 seconds.
                    
      Regenerating: 1 file(s) changed at 2026-04-27 23:57:47
                    jekyll.log
       Jekyll Feed: Generating feed for posts
DEPRECATION WARNING [import]: Sass @import rules are deprecated and will be removed in Dart Sass 3.0.0.

More info and automated migrator: https://sass-lang.com/d/import

   ╷
27 │ @import "-sections-dir";
   │         ^^^^^^^^^^^^^^^
   ╵
    /Users/michellestar/Documents/GitHub/hello-michelle-star.github.io/assets/css/main.scss 27:9  root stylesheet
DEPRECATION WARNING [import]: Sass @import rules are deprecated and will be removed in Dart Sass 3.0.0.

More info and automated migrator: https://sass-lang.com/d/import

   ╷
28 │ @import 'about';
   │         ^^^^^^^
   ╵
    /Users/michellestar/Documents/GitHub/hello-michelle-star.github.io/assets/css/main.scss 28:9  root stylesheet
DEPRECATION WARNING [import]: Sass @import rules are deprecated and will be removed in Dart Sass 3.0.0.

More info and automated migrator: https://sass-lang.com/d/import

  ╷
2 │ @import "base",
  │         ^^^^^^
  ╵
    _-sections-dir.scss 2:9                                                                       @import
    /Users/michellestar/Documents/GitHub/hello-michelle-star.github.io/assets/css/main.scss 27:9  root stylesheet
DEPRECATION WARNING [import]: Sass @import rules are deprecated and will be removed in Dart Sass 3.0.0.

More info and automated migrator: https://sass-lang.com/d/import

  ╷
3 │         "code",
  │         ^^^^^^
  ╵
    _-sections-dir.scss 3:9                                                                       @import
    /Users/michellestar/Documents/GitHub/hello-michelle-star.github.io/assets/css/main.scss 27:9  root stylesheet
DEPRECATION WARNING [import]: Sass @import rules are deprecated and will be removed in Dart Sass 3.0.0.

More info and automated migrator: https://sass-lang.com/d/import

  ╷
4 │         "default",
  │         ^^^^^^^^^
  ╵
    _-sections-dir.scss 4:9                                                                       @import
    /Users/michellestar/Documents/GitHub/hello-michelle-star.github.io/assets/css/main.scss 27:9  root stylesheet
WARNING: 7 repetitive deprecation warnings omitted.
Run in verbose mode to see all warnings.
                    ...done in 0.047368 seconds.
                    
      Regenerating: 1 file(s) changed at 2026-04-27 23:57:50
                    jekyll.log
       Jekyll Feed: Generating feed for posts
DEPRECATION WARNING [import]: Sass @import rules are deprecated and will be removed in Dart Sass 3.0.0.

More info and automated migrator: https://sass-lang.com/d/import

   ╷
27 │ @import "-sections-dir";
   │         ^^^^^^^^^^^^^^^
   ╵
    /Users/michellestar/Documents/GitHub/hello-michelle-star.github.io/assets/css/main.scss 27:9  root stylesheet
DEPRECATION WARNING [import]: Sass @import rules are deprecated and will be removed in Dart Sass 3.0.0.

More info and automated migrator: https://sass-lang.com/d/import

   ╷
28 │ @import 'about';
   │         ^^^^^^^
   ╵
    /Users/michellestar/Documents/GitHub/hello-michelle-star.github.io/assets/css/main.scss 28:9  root stylesheet
DEPRECATION WARNING [import]: Sass @import rules are deprecated and will be removed in Dart Sass 3.0.0.

More info and automated migrator: https://sass-lang.com/d/import

  ╷
2 │ @import "base",
  │         ^^^^^^
  ╵
    _-sections-dir.scss 2:9                                                                       @import
    /Users/michellestar/Documents/GitHub/hello-michelle-star.github.io/assets/css/main.scss 27:9  root stylesheet
DEPRECATION WARNING [import]: Sass @import rules are deprecated and will be removed in Dart Sass 3.0.0.

More info and automated migrator: https://sass-lang.com/d/import

  ╷
3 │         "code",
  │         ^^^^^^
  ╵
    _-sections-dir.scss 3:9                                                                       @import
    /Users/michellestar/Documents/GitHub/hello-michelle-star.github.io/assets/css/main.scss 27:9  root stylesheet
DEPRECATION WARNING [import]: Sass @import rules are deprecated and will be removed in Dart Sass 3.0.0.

More info and automated migrator: https://sass-lang.com/d/import

  ╷
4 │         "default",
  │         ^^^^^^^^^
  ╵
    _-sections-dir.scss 4:9                                                                       @import
    /Users/michellestar/Documents/GitHub/hello-michelle-star.github.io/assets/css/main.scss 27:9  root stylesheet
WARNING: 7 repetitive deprecation warnings omitted.
Run in verbose mode to see all warnings.
                    ...done in 0.052046 seconds.
                    
      Regenerating: 1 file(s) changed at 2026-04-27 23:57:54
                    jekyll.log
       Jekyll Feed: Generating feed for posts
DEPRECATION WARNING [import]: Sass @import rules are deprecated and will be removed in Dart Sass 3.0.0.

More info and automated migrator: https://sass-lang.com/d/import

   ╷
27 │ @import "-sections-dir";
   │         ^^^^^^^^^^^^^^^
   ╵
    /Users/michellestar/Documents/GitHub/hello-michelle-star.github.io/assets/css/main.scss 27:9  root stylesheet
DEPRECATION WARNING [import]: Sass @import rules are deprecated and will be removed in Dart Sass 3.0.0.

More info and automated migrator: https://sass-lang.com/d/import

   ╷
28 │ @import 'about';
   │         ^^^^^^^
   ╵
    /Users/michellestar/Documents/GitHub/hello-michelle-star.github.io/assets/css/main.scss 28:9  root stylesheet
DEPRECATION WARNING [import]: Sass @import rules are deprecated and will be removed in Dart Sass 3.0.0.

More info and automated migrator: https://sass-lang.com/d/import

  ╷
2 │ @import "base",
  │         ^^^^^^
  ╵
    _-sections-dir.scss 2:9                                                                       @import
    /Users/michellestar/Documents/GitHub/hello-michelle-star.github.io/assets/css/main.scss 27:9  root stylesheet
DEPRECATION WARNING [import]: Sass @import rules are deprecated and will be removed in Dart Sass 3.0.0.

More info and automated migrator: https://sass-lang.com/d/import

  ╷
3 │         "code",
  │         ^^^^^^
  ╵
    _-sections-dir.scss 3:9                                                                       @import
    /Users/michellestar/Documents/GitHub/hello-michelle-star.github.io/assets/css/main.scss 27:9  root stylesheet
DEPRECATION WARNING [import]: Sass @import rules are deprecated and will be removed in Dart Sass 3.0.0.

More info and automated migrator: https://sass-lang.com/d/import

  ╷
4 │         "default",
  │         ^^^^^^^^^
  ╵
    _-sections-dir.scss 4:9                                                                       @import
    /Users/michellestar/Documents/GitHub/hello-michelle-star.github.io/assets/css/main.scss 27:9  root stylesheet
WARNING: 7 repetitive deprecation warnings omitted.
Run in verbose mode to see all warnings.
                    ...done in 0.104392 seconds.
                    
      Regenerating: 1 file(s) changed at 2026-04-27 23:57:59
                    jekyll.log
       Jekyll Feed: Generating feed for posts
DEPRECATION WARNING [import]: Sass @import rules are deprecated and will be removed in Dart Sass 3.0.0.

More info and automated migrator: https://sass-lang.com/d/import

   ╷
27 │ @import "-sections-dir";
   │         ^^^^^^^^^^^^^^^
   ╵
    /Users/michellestar/Documents/GitHub/hello-michelle-star.github.io/assets/css/main.scss 27:9  root stylesheet
DEPRECATION WARNING [import]: Sass @import rules are deprecated and will be removed in Dart Sass 3.0.0.

More info and automated migrator: https://sass-lang.com/d/import

   ╷
28 │ @import 'about';
   │         ^^^^^^^
   ╵
    /Users/michellestar/Documents/GitHub/hello-michelle-star.github.io/assets/css/main.scss 28:9  root stylesheet
DEPRECATION WARNING [import]: Sass @import rules are deprecated and will be removed in Dart Sass 3.0.0.

More info and automated migrator: https://sass-lang.com/d/import

  ╷
2 │ @import "base",
  │         ^^^^^^
  ╵
    _-sections-dir.scss 2:9                                                                       @import
    /Users/michellestar/Documents/GitHub/hello-michelle-star.github.io/assets/css/main.scss 27:9  root stylesheet
DEPRECATION WARNING [import]: Sass @import rules are deprecated and will be removed in Dart Sass 3.0.0.

More info and automated migrator: https://sass-lang.com/d/import

  ╷
3 │         "code",
  │         ^^^^^^
  ╵
    _-sections-dir.scss 3:9                                                                       @import
    /Users/michellestar/Documents/GitHub/hello-michelle-star.github.io/assets/css/main.scss 27:9  root stylesheet
DEPRECATION WARNING [import]: Sass @import rules are deprecated and will be removed in Dart Sass 3.0.0.

More info and automated migrator: https://sass-lang.com/d/import

  ╷
4 │         "default",
  │         ^^^^^^^^^
  ╵
    _-sections-dir.scss 4:9                                                                       @import
    /Users/michellestar/Documents/GitHub/hello-michelle-star.github.io/assets/css/main.scss 27:9  root stylesheet
WARNING: 7 repetitive deprecation warnings omitted.
Run in verbose mode to see all warnings.
                    ...done in 0.055832 seconds.
                    
      Regenerating: 1 file(s) changed at 2026-04-27 23:58:04
                    jekyll.log
       Jekyll Feed: Generating feed for posts
DEPRECATION WARNING [import]: Sass @import rules are deprecated and will be removed in Dart Sass 3.0.0.

More info and automated migrator: https://sass-lang.com/d/import

   ╷
27 │ @import "-sections-dir";
   │         ^^^^^^^^^^^^^^^
   ╵
    /Users/michellestar/Documents/GitHub/hello-michelle-star.github.io/assets/css/main.scss 27:9  root stylesheet
DEPRECATION WARNING [import]: Sass @import rules are deprecated and will be removed in Dart Sass 3.0.0.

More info and automated migrator: https://sass-lang.com/d/import

   ╷
28 │ @import 'about';
   │         ^^^^^^^
   ╵
    /Users/michellestar/Documents/GitHub/hello-michelle-star.github.io/assets/css/main.scss 28:9  root stylesheet
DEPRECATION WARNING [import]: Sass @import rules are deprecated and will be removed in Dart Sass 3.0.0.

More info and automated migrator: https://sass-lang.com/d/import

  ╷
2 │ @import "base",
  │         ^^^^^^
  ╵
    _-sections-dir.scss 2:9                                                                       @import
    /Users/michellestar/Documents/GitHub/hello-michelle-star.github.io/assets/css/main.scss 27:9  root stylesheet
DEPRECATION WARNING [import]: Sass @import rules are deprecated and will be removed in Dart Sass 3.0.0.

More info and automated migrator: https://sass-lang.com/d/import

  ╷
3 │         "code",
  │         ^^^^^^
  ╵
    _-sections-dir.scss 3:9                                                                       @import
    /Users/michellestar/Documents/GitHub/hello-michelle-star.github.io/assets/css/main.scss 27:9  root stylesheet
DEPRECATION WARNING [import]: Sass @import rules are deprecated and will be removed in Dart Sass 3.0.0.

More info and automated migrator: https://sass-lang.com/d/import

  ╷
4 │         "default",
  │         ^^^^^^^^^
  ╵
    _-sections-dir.scss 4:9                                                                       @import
    /Users/michellestar/Documents/GitHub/hello-michelle-star.github.io/assets/css/main.scss 27:9  root stylesheet
WARNING: 7 repetitive deprecation warnings omitted.
Run in verbose mode to see all warnings.
                    ...done in 0.060235 seconds.
                    
      Regenerating: 1 file(s) changed at 2026-04-27 23:58:08
                    jekyll.log
       Jekyll Feed: Generating feed for posts
DEPRECATION WARNING [import]: Sass @import rules are deprecated and will be removed in Dart Sass 3.0.0.

More info and automated migrator: https://sass-lang.com/d/import

   ╷
27 │ @import "-sections-dir";
   │         ^^^^^^^^^^^^^^^
   ╵
    /Users/michellestar/Documents/GitHub/hello-michelle-star.github.io/assets/css/main.scss 27:9  root stylesheet
DEPRECATION WARNING [import]: Sass @import rules are deprecated and will be removed in Dart Sass 3.0.0.

More info and automated migrator: https://sass-lang.com/d/import

   ╷
28 │ @import 'about';
   │         ^^^^^^^
   ╵
    /Users/michellestar/Documents/GitHub/hello-michelle-star.github.io/assets/css/main.scss 28:9  root stylesheet
DEPRECATION WARNING [import]: Sass @import rules are deprecated and will be removed in Dart Sass 3.0.0.

More info and automated migrator: https://sass-lang.com/d/import

  ╷
2 │ @import "base",
  │         ^^^^^^
  ╵
    _-sections-dir.scss 2:9                                                                       @import
    /Users/michellestar/Documents/GitHub/hello-michelle-star.github.io/assets/css/main.scss 27:9  root stylesheet
DEPRECATION WARNING [import]: Sass @import rules are deprecated and will be removed in Dart Sass 3.0.0.

More info and automated migrator: https://sass-lang.com/d/import

  ╷
3 │         "code",
  │         ^^^^^^
  ╵
    _-sections-dir.scss 3:9                                                                       @import
    /Users/michellestar/Documents/GitHub/hello-michelle-star.github.io/assets/css/main.scss 27:9  root stylesheet
DEPRECATION WARNING [import]: Sass @import rules are deprecated and will be removed in Dart Sass 3.0.0.

More info and automated migrator: https://sass-lang.com/d/import

  ╷
4 │         "default",
  │         ^^^^^^^^^
  ╵
    _-sections-dir.scss 4:9                                                                       @import
    /Users/michellestar/Documents/GitHub/hello-michelle-star.github.io/assets/css/main.scss 27:9  root stylesheet
WARNING: 7 repetitive deprecation warnings omitted.
Run in verbose mode to see all warnings.
                    ...done in 0.051616 seconds.
                    
      Regenerating: 1 file(s) changed at 2026-04-27 23:58:13
                    jekyll.log
       Jekyll Feed: Generating feed for posts
DEPRECATION WARNING [import]: Sass @import rules are deprecated and will be removed in Dart Sass 3.0.0.

More info and automated migrator: https://sass-lang.com/d/import

   ╷
27 │ @import "-sections-dir";
   │         ^^^^^^^^^^^^^^^
   ╵
    /Users/michellestar/Documents/GitHub/hello-michelle-star.github.io/assets/css/main.scss 27:9  root stylesheet
DEPRECATION WARNING [import]: Sass @import rules are deprecated and will be removed in Dart Sass 3.0.0.

More info and automated migrator: https://sass-lang.com/d/import

   ╷
28 │ @import 'about';
   │         ^^^^^^^
   ╵
    /Users/michellestar/Documents/GitHub/hello-michelle-star.github.io/assets/css/main.scss 28:9  root stylesheet
DEPRECATION WARNING [import]: Sass @import rules are deprecated and will be removed in Dart Sass 3.0.0.

More info and automated migrator: https://sass-lang.com/d/import

  ╷
2 │ @import "base",
  │         ^^^^^^
  ╵
    _-sections-dir.scss 2:9                                                                       @import
    /Users/michellestar/Documents/GitHub/hello-michelle-star.github.io/assets/css/main.scss 27:9  root stylesheet
DEPRECATION WARNING [import]: Sass @import rules are deprecated and will be removed in Dart Sass 3.0.0.

More info and automated migrator: https://sass-lang.com/d/import

  ╷
3 │         "code",
  │         ^^^^^^
  ╵
    _-sections-dir.scss 3:9                                                                       @import
    /Users/michellestar/Documents/GitHub/hello-michelle-star.github.io/assets/css/main.scss 27:9  root stylesheet
DEPRECATION WARNING [import]: Sass @import rules are deprecated and will be removed in Dart Sass 3.0.0.

More info and automated migrator: https://sass-lang.com/d/import

  ╷
4 │         "default",
  │         ^^^^^^^^^
  ╵
    _-sections-dir.scss 4:9                                                                       @import
    /Users/michellestar/Documents/GitHub/hello-michelle-star.github.io/assets/css/main.scss 27:9  root stylesheet
WARNING: 7 repetitive deprecation warnings omitted.
Run in verbose mode to see all warnings.
                    ...done in 0.053548 seconds.
                    
      Regenerating: 1 file(s) changed at 2026-04-27 23:58:18
                    jekyll.log
       Jekyll Feed: Generating feed for posts
DEPRECATION WARNING [import]: Sass @import rules are deprecated and will be removed in Dart Sass 3.0.0.

More info and automated migrator: https://sass-lang.com/d/import

   ╷
27 │ @import "-sections-dir";
   │         ^^^^^^^^^^^^^^^
   ╵
    /Users/michellestar/Documents/GitHub/hello-michelle-star.github.io/assets/css/main.scss 27:9  root stylesheet
DEPRECATION WARNING [import]: Sass @import rules are deprecated and will be removed in Dart Sass 3.0.0.

More info and automated migrator: https://sass-lang.com/d/import

   ╷
28 │ @import 'about';
   │         ^^^^^^^
   ╵
    /Users/michellestar/Documents/GitHub/hello-michelle-star.github.io/assets/css/main.scss 28:9  root stylesheet
DEPRECATION WARNING [import]: Sass @import rules are deprecated and will be removed in Dart Sass 3.0.0.

More info and automated migrator: https://sass-lang.com/d/import

  ╷
2 │ @import "base",
  │         ^^^^^^
  ╵
    _-sections-dir.scss 2:9                                                                       @import
    /Users/michellestar/Documents/GitHub/hello-michelle-star.github.io/assets/css/main.scss 27:9  root stylesheet
DEPRECATION WARNING [import]: Sass @import rules are deprecated and will be removed in Dart Sass 3.0.0.

More info and automated migrator: https://sass-lang.com/d/import

  ╷
3 │         "code",
  │         ^^^^^^
  ╵
    _-sections-dir.scss 3:9                                                                       @import
    /Users/michellestar/Documents/GitHub/hello-michelle-star.github.io/assets/css/main.scss 27:9  root stylesheet
DEPRECATION WARNING [import]: Sass @import rules are deprecated and will be removed in Dart Sass 3.0.0.

More info and automated migrator: https://sass-lang.com/d/import

  ╷
4 │         "default",
  │         ^^^^^^^^^
  ╵
    _-sections-dir.scss 4:9                                                                       @import
    /Users/michellestar/Documents/GitHub/hello-michelle-star.github.io/assets/css/main.scss 27:9  root stylesheet
WARNING: 7 repetitive deprecation warnings omitted.
Run in verbose mode to see all warnings.
                    ...done in 0.063978 seconds.
                    
      Regenerating: 1 file(s) changed at 2026-04-27 23:58:23
                    jekyll.log
       Jekyll Feed: Generating feed for posts
DEPRECATION WARNING [import]: Sass @import rules are deprecated and will be removed in Dart Sass 3.0.0.

More info and automated migrator: https://sass-lang.com/d/import

   ╷
27 │ @import "-sections-dir";
   │         ^^^^^^^^^^^^^^^
   ╵
    /Users/michellestar/Documents/GitHub/hello-michelle-star.github.io/assets/css/main.scss 27:9  root stylesheet
DEPRECATION WARNING [import]: Sass @import rules are deprecated and will be removed in Dart Sass 3.0.0.

More info and automated migrator: https://sass-lang.com/d/import

   ╷
28 │ @import 'about';
   │         ^^^^^^^
   ╵
    /Users/michellestar/Documents/GitHub/hello-michelle-star.github.io/assets/css/main.scss 28:9  root stylesheet
DEPRECATION WARNING [import]: Sass @import rules are deprecated and will be removed in Dart Sass 3.0.0.

More info and automated migrator: https://sass-lang.com/d/import

  ╷
2 │ @import "base",
  │         ^^^^^^
  ╵
    _-sections-dir.scss 2:9                                                                       @import
    /Users/michellestar/Documents/GitHub/hello-michelle-star.github.io/assets/css/main.scss 27:9  root stylesheet
DEPRECATION WARNING [import]: Sass @import rules are deprecated and will be removed in Dart Sass 3.0.0.

More info and automated migrator: https://sass-lang.com/d/import

  ╷
3 │         "code",
  │         ^^^^^^
  ╵
    _-sections-dir.scss 3:9                                                                       @import
    /Users/michellestar/Documents/GitHub/hello-michelle-star.github.io/assets/css/main.scss 27:9  root stylesheet
DEPRECATION WARNING [import]: Sass @import rules are deprecated and will be removed in Dart Sass 3.0.0.

More info and automated migrator: https://sass-lang.com/d/import

  ╷
4 │         "default",
  │         ^^^^^^^^^
  ╵
    _-sections-dir.scss 4:9                                                                       @import
    /Users/michellestar/Documents/GitHub/hello-michelle-star.github.io/assets/css/main.scss 27:9  root stylesheet
WARNING: 7 repetitive deprecation warnings omitted.
Run in verbose mode to see all warnings.
                    ...done in 0.054767 seconds.
                    
      Regenerating: 1 file(s) changed at 2026-04-27 23:58:29
                    jekyll.log
       Jekyll Feed: Generating feed for posts
DEPRECATION WARNING [import]: Sass @import rules are deprecated and will be removed in Dart Sass 3.0.0.

More info and automated migrator: https://sass-lang.com/d/import

   ╷
27 │ @import "-sections-dir";
   │         ^^^^^^^^^^^^^^^
   ╵
    /Users/michellestar/Documents/GitHub/hello-michelle-star.github.io/assets/css/main.scss 27:9  root stylesheet
DEPRECATION WARNING [import]: Sass @import rules are deprecated and will be removed in Dart Sass 3.0.0.

More info and automated migrator: https://sass-lang.com/d/import

   ╷
28 │ @import 'about';
   │         ^^^^^^^
   ╵
    /Users/michellestar/Documents/GitHub/hello-michelle-star.github.io/assets/css/main.scss 28:9  root stylesheet
DEPRECATION WARNING [import]: Sass @import rules are deprecated and will be removed in Dart Sass 3.0.0.

More info and automated migrator: https://sass-lang.com/d/import

  ╷
2 │ @import "base",
  │         ^^^^^^
  ╵
    _-sections-dir.scss 2:9                                                                       @import
    /Users/michellestar/Documents/GitHub/hello-michelle-star.github.io/assets/css/main.scss 27:9  root stylesheet
DEPRECATION WARNING [import]: Sass @import rules are deprecated and will be removed in Dart Sass 3.0.0.

More info and automated migrator: https://sass-lang.com/d/import

  ╷
3 │         "code",
  │         ^^^^^^
  ╵
    _-sections-dir.scss 3:9                                                                       @import
    /Users/michellestar/Documents/GitHub/hello-michelle-star.github.io/assets/css/main.scss 27:9  root stylesheet
DEPRECATION WARNING [import]: Sass @import rules are deprecated and will be removed in Dart Sass 3.0.0.

More info and automated migrator: https://sass-lang.com/d/import

  ╷
4 │         "default",
  │         ^^^^^^^^^
  ╵
    _-sections-dir.scss 4:9                                                                       @import
    /Users/michellestar/Documents/GitHub/hello-michelle-star.github.io/assets/css/main.scss 27:9  root stylesheet
WARNING: 7 repetitive deprecation warnings omitted.
Run in verbose mode to see all warnings.
                    ...done in 0.049592 seconds.
                    
      Regenerating: 1 file(s) changed at 2026-04-27 23:58:34
                    jekyll.log
       Jekyll Feed: Generating feed for posts
DEPRECATION WARNING [import]: Sass @import rules are deprecated and will be removed in Dart Sass 3.0.0.

More info and automated migrator: https://sass-lang.com/d/import

   ╷
27 │ @import "-sections-dir";
   │         ^^^^^^^^^^^^^^^
   ╵
    /Users/michellestar/Documents/GitHub/hello-michelle-star.github.io/assets/css/main.scss 27:9  root stylesheet
DEPRECATION WARNING [import]: Sass @import rules are deprecated and will be removed in Dart Sass 3.0.0.

More info and automated migrator: https://sass-lang.com/d/import

   ╷
28 │ @import 'about';
   │         ^^^^^^^
   ╵
    /Users/michellestar/Documents/GitHub/hello-michelle-star.github.io/assets/css/main.scss 28:9  root stylesheet
DEPRECATION WARNING [import]: Sass @import rules are deprecated and will be removed in Dart Sass 3.0.0.

More info and automated migrator: https://sass-lang.com/d/import

  ╷
2 │ @import "base",
  │         ^^^^^^
  ╵
    _-sections-dir.scss 2:9                                                                       @import
    /Users/michellestar/Documents/GitHub/hello-michelle-star.github.io/assets/css/main.scss 27:9  root stylesheet
DEPRECATION WARNING [import]: Sass @import rules are deprecated and will be removed in Dart Sass 3.0.0.

More info and automated migrator: https://sass-lang.com/d/import

  ╷
3 │         "code",
  │         ^^^^^^
  ╵
    _-sections-dir.scss 3:9                                                                       @import
    /Users/michellestar/Documents/GitHub/hello-michelle-star.github.io/assets/css/main.scss 27:9  root stylesheet
DEPRECATION WARNING [import]: Sass @import rules are deprecated and will be removed in Dart Sass 3.0.0.

More info and automated migrator: https://sass-lang.com/d/import

  ╷
4 │         "default",
  │         ^^^^^^^^^
  ╵
    _-sections-dir.scss 4:9                                                                       @import
    /Users/michellestar/Documents/GitHub/hello-michelle-star.github.io/assets/css/main.scss 27:9  root stylesheet
WARNING: 7 repetitive deprecation warnings omitted.
Run in verbose mode to see all warnings.
                    ...done in 0.047657 seconds.
                    
      Regenerating: 1 file(s) changed at 2026-04-27 23:58:40
                    jekyll.log
       Jekyll Feed: Generating feed for posts
DEPRECATION WARNING [import]: Sass @import rules are deprecated and will be removed in Dart Sass 3.0.0.

More info and automated migrator: https://sass-lang.com/d/import

   ╷
27 │ @import "-sections-dir";
   │         ^^^^^^^^^^^^^^^
   ╵
    /Users/michellestar/Documents/GitHub/hello-michelle-star.github.io/assets/css/main.scss 27:9  root stylesheet
DEPRECATION WARNING [import]: Sass @import rules are deprecated and will be removed in Dart Sass 3.0.0.

More info and automated migrator: https://sass-lang.com/d/import

   ╷
28 │ @import 'about';
   │         ^^^^^^^
   ╵
    /Users/michellestar/Documents/GitHub/hello-michelle-star.github.io/assets/css/main.scss 28:9  root stylesheet
DEPRECATION WARNING [import]: Sass @import rules are deprecated and will be removed in Dart Sass 3.0.0.

More info and automated migrator: https://sass-lang.com/d/import

  ╷
2 │ @import "base",
  │         ^^^^^^
  ╵
    _-sections-dir.scss 2:9                                                                       @import
    /Users/michellestar/Documents/GitHub/hello-michelle-star.github.io/assets/css/main.scss 27:9  root stylesheet
DEPRECATION WARNING [import]: Sass @import rules are deprecated and will be removed in Dart Sass 3.0.0.

More info and automated migrator: https://sass-lang.com/d/import

  ╷
3 │         "code",
  │         ^^^^^^
  ╵
    _-sections-dir.scss 3:9                                                                       @import
    /Users/michellestar/Documents/GitHub/hello-michelle-star.github.io/assets/css/main.scss 27:9  root stylesheet
DEPRECATION WARNING [import]: Sass @import rules are deprecated and will be removed in Dart Sass 3.0.0.

More info and automated migrator: https://sass-lang.com/d/import

  ╷
4 │         "default",
  │         ^^^^^^^^^
  ╵
    _-sections-dir.scss 4:9                                                                       @import
    /Users/michellestar/Documents/GitHub/hello-michelle-star.github.io/assets/css/main.scss 27:9  root stylesheet
WARNING: 7 repetitive deprecation warnings omitted.
Run in verbose mode to see all warnings.
                    ...done in 0.048747 seconds.
                    
      Regenerating: 1 file(s) changed at 2026-04-27 23:58:46
                    jekyll.log
       Jekyll Feed: Generating feed for posts
DEPRECATION WARNING [import]: Sass @import rules are deprecated and will be removed in Dart Sass 3.0.0.

More info and automated migrator: https://sass-lang.com/d/import

   ╷
27 │ @import "-sections-dir";
   │         ^^^^^^^^^^^^^^^
   ╵
    /Users/michellestar/Documents/GitHub/hello-michelle-star.github.io/assets/css/main.scss 27:9  root stylesheet
DEPRECATION WARNING [import]: Sass @import rules are deprecated and will be removed in Dart Sass 3.0.0.

More info and automated migrator: https://sass-lang.com/d/import

   ╷
28 │ @import 'about';
   │         ^^^^^^^
   ╵
    /Users/michellestar/Documents/GitHub/hello-michelle-star.github.io/assets/css/main.scss 28:9  root stylesheet
DEPRECATION WARNING [import]: Sass @import rules are deprecated and will be removed in Dart Sass 3.0.0.

More info and automated migrator: https://sass-lang.com/d/import

  ╷
2 │ @import "base",
  │         ^^^^^^
  ╵
    _-sections-dir.scss 2:9                                                                       @import
    /Users/michellestar/Documents/GitHub/hello-michelle-star.github.io/assets/css/main.scss 27:9  root stylesheet
DEPRECATION WARNING [import]: Sass @import rules are deprecated and will be removed in Dart Sass 3.0.0.

More info and automated migrator: https://sass-lang.com/d/import

  ╷
3 │         "code",
  │         ^^^^^^
  ╵
    _-sections-dir.scss 3:9                                                                       @import
    /Users/michellestar/Documents/GitHub/hello-michelle-star.github.io/assets/css/main.scss 27:9  root stylesheet
DEPRECATION WARNING [import]: Sass @import rules are deprecated and will be removed in Dart Sass 3.0.0.

More info and automated migrator: https://sass-lang.com/d/import

  ╷
4 │         "default",
  │         ^^^^^^^^^
  ╵
    _-sections-dir.scss 4:9                                                                       @import
    /Users/michellestar/Documents/GitHub/hello-michelle-star.github.io/assets/css/main.scss 27:9  root stylesheet
WARNING: 7 repetitive deprecation warnings omitted.
Run in verbose mode to see all warnings.
                    ...done in 0.047247 seconds.
                    
      Regenerating: 1 file(s) changed at 2026-04-27 23:58:51
                    jekyll.log
       Jekyll Feed: Generating feed for posts
DEPRECATION WARNING [import]: Sass @import rules are deprecated and will be removed in Dart Sass 3.0.0.

More info and automated migrator: https://sass-lang.com/d/import

   ╷
27 │ @import "-sections-dir";
   │         ^^^^^^^^^^^^^^^
   ╵
    /Users/michellestar/Documents/GitHub/hello-michelle-star.github.io/assets/css/main.scss 27:9  root stylesheet
DEPRECATION WARNING [import]: Sass @import rules are deprecated and will be removed in Dart Sass 3.0.0.

More info and automated migrator: https://sass-lang.com/d/import

   ╷
28 │ @import 'about';
   │         ^^^^^^^
   ╵
    /Users/michellestar/Documents/GitHub/hello-michelle-star.github.io/assets/css/main.scss 28:9  root stylesheet
DEPRECATION WARNING [import]: Sass @import rules are deprecated and will be removed in Dart Sass 3.0.0.

More info and automated migrator: https://sass-lang.com/d/import

  ╷
2 │ @import "base",
  │         ^^^^^^
  ╵
    _-sections-dir.scss 2:9                                                                       @import
    /Users/michellestar/Documents/GitHub/hello-michelle-star.github.io/assets/css/main.scss 27:9  root stylesheet
DEPRECATION WARNING [import]: Sass @import rules are deprecated and will be removed in Dart Sass 3.0.0.

More info and automated migrator: https://sass-lang.com/d/import

  ╷
3 │         "code",
  │         ^^^^^^
  ╵
    _-sections-dir.scss 3:9                                                                       @import
    /Users/michellestar/Documents/GitHub/hello-michelle-star.github.io/assets/css/main.scss 27:9  root stylesheet
DEPRECATION WARNING [import]: Sass @import rules are deprecated and will be removed in Dart Sass 3.0.0.

More info and automated migrator: https://sass-lang.com/d/import

  ╷
4 │         "default",
  │         ^^^^^^^^^
  ╵
    _-sections-dir.scss 4:9                                                                       @import
    /Users/michellestar/Documents/GitHub/hello-michelle-star.github.io/assets/css/main.scss 27:9  root stylesheet
WARNING: 7 repetitive deprecation warnings omitted.
Run in verbose mode to see all warnings.
                    ...done in 0.055512 seconds.
                    
      Regenerating: 1 file(s) changed at 2026-04-27 23:58:57
                    jekyll.log
       Jekyll Feed: Generating feed for posts
DEPRECATION WARNING [import]: Sass @import rules are deprecated and will be removed in Dart Sass 3.0.0.

More info and automated migrator: https://sass-lang.com/d/import

   ╷
27 │ @import "-sections-dir";
   │         ^^^^^^^^^^^^^^^
   ╵
    /Users/michellestar/Documents/GitHub/hello-michelle-star.github.io/assets/css/main.scss 27:9  root stylesheet
DEPRECATION WARNING [import]: Sass @import rules are deprecated and will be removed in Dart Sass 3.0.0.

More info and automated migrator: https://sass-lang.com/d/import

   ╷
28 │ @import 'about';
   │         ^^^^^^^
   ╵
    /Users/michellestar/Documents/GitHub/hello-michelle-star.github.io/assets/css/main.scss 28:9  root stylesheet
DEPRECATION WARNING [import]: Sass @import rules are deprecated and will be removed in Dart Sass 3.0.0.

More info and automated migrator: https://sass-lang.com/d/import

  ╷
2 │ @import "base",
  │         ^^^^^^
  ╵
    _-sections-dir.scss 2:9                                                                       @import
    /Users/michellestar/Documents/GitHub/hello-michelle-star.github.io/assets/css/main.scss 27:9  root stylesheet
DEPRECATION WARNING [import]: Sass @import rules are deprecated and will be removed in Dart Sass 3.0.0.

More info and automated migrator: https://sass-lang.com/d/import

  ╷
3 │         "code",
  │         ^^^^^^
  ╵
    _-sections-dir.scss 3:9                                                                       @import
    /Users/michellestar/Documents/GitHub/hello-michelle-star.github.io/assets/css/main.scss 27:9  root stylesheet
DEPRECATION WARNING [import]: Sass @import rules are deprecated and will be removed in Dart Sass 3.0.0.

More info and automated migrator: https://sass-lang.com/d/import

  ╷
4 │         "default",
  │         ^^^^^^^^^
  ╵
    _-sections-dir.scss 4:9                                                                       @import
    /Users/michellestar/Documents/GitHub/hello-michelle-star.github.io/assets/css/main.scss 27:9  root stylesheet
WARNING: 7 repetitive deprecation warnings omitted.
Run in verbose mode to see all warnings.
                    ...done in 0.042374 seconds.
                    
      Regenerating: 1 file(s) changed at 2026-04-27 23:59:02
                    jekyll.log
       Jekyll Feed: Generating feed for posts
DEPRECATION WARNING [import]: Sass @import rules are deprecated and will be removed in Dart Sass 3.0.0.

More info and automated migrator: https://sass-lang.com/d/import

   ╷
27 │ @import "-sections-dir";
   │         ^^^^^^^^^^^^^^^
   ╵
    /Users/michellestar/Documents/GitHub/hello-michelle-star.github.io/assets/css/main.scss 27:9  root stylesheet
DEPRECATION WARNING [import]: Sass @import rules are deprecated and will be removed in Dart Sass 3.0.0.

More info and automated migrator: https://sass-lang.com/d/import

   ╷
28 │ @import 'about';
   │         ^^^^^^^
   ╵
    /Users/michellestar/Documents/GitHub/hello-michelle-star.github.io/assets/css/main.scss 28:9  root stylesheet
DEPRECATION WARNING [import]: Sass @import rules are deprecated and will be removed in Dart Sass 3.0.0.

More info and automated migrator: https://sass-lang.com/d/import

  ╷
2 │ @import "base",
  │         ^^^^^^
  ╵
    _-sections-dir.scss 2:9                                                                       @import
    /Users/michellestar/Documents/GitHub/hello-michelle-star.github.io/assets/css/main.scss 27:9  root stylesheet
DEPRECATION WARNING [import]: Sass @import rules are deprecated and will be removed in Dart Sass 3.0.0.

More info and automated migrator: https://sass-lang.com/d/import

  ╷
3 │         "code",
  │         ^^^^^^
  ╵
    _-sections-dir.scss 3:9                                                                       @import
    /Users/michellestar/Documents/GitHub/hello-michelle-star.github.io/assets/css/main.scss 27:9  root stylesheet
DEPRECATION WARNING [import]: Sass @import rules are deprecated and will be removed in Dart Sass 3.0.0.

More info and automated migrator: https://sass-lang.com/d/import

  ╷
4 │         "default",
  │         ^^^^^^^^^
  ╵
    _-sections-dir.scss 4:9                                                                       @import
    /Users/michellestar/Documents/GitHub/hello-michelle-star.github.io/assets/css/main.scss 27:9  root stylesheet
WARNING: 7 repetitive deprecation warnings omitted.
Run in verbose mode to see all warnings.
                    ...done in 0.050293 seconds.
                    
      Regenerating: 1 file(s) changed at 2026-04-27 23:59:08
                    jekyll.log
       Jekyll Feed: Generating feed for posts
DEPRECATION WARNING [import]: Sass @import rules are deprecated and will be removed in Dart Sass 3.0.0.

More info and automated migrator: https://sass-lang.com/d/import

   ╷
27 │ @import "-sections-dir";
   │         ^^^^^^^^^^^^^^^
   ╵
    /Users/michellestar/Documents/GitHub/hello-michelle-star.github.io/assets/css/main.scss 27:9  root stylesheet
DEPRECATION WARNING [import]: Sass @import rules are deprecated and will be removed in Dart Sass 3.0.0.

More info and automated migrator: https://sass-lang.com/d/import

   ╷
28 │ @import 'about';
   │         ^^^^^^^
   ╵
    /Users/michellestar/Documents/GitHub/hello-michelle-star.github.io/assets/css/main.scss 28:9  root stylesheet
DEPRECATION WARNING [import]: Sass @import rules are deprecated and will be removed in Dart Sass 3.0.0.

More info and automated migrator: https://sass-lang.com/d/import

  ╷
2 │ @import "base",
  │         ^^^^^^
  ╵
    _-sections-dir.scss 2:9                                                                       @import
    /Users/michellestar/Documents/GitHub/hello-michelle-star.github.io/assets/css/main.scss 27:9  root stylesheet
DEPRECATION WARNING [import]: Sass @import rules are deprecated and will be removed in Dart Sass 3.0.0.

More info and automated migrator: https://sass-lang.com/d/import

  ╷
3 │         "code",
  │         ^^^^^^
  ╵
    _-sections-dir.scss 3:9                                                                       @import
    /Users/michellestar/Documents/GitHub/hello-michelle-star.github.io/assets/css/main.scss 27:9  root stylesheet
DEPRECATION WARNING [import]: Sass @import rules are deprecated and will be removed in Dart Sass 3.0.0.

More info and automated migrator: https://sass-lang.com/d/import

  ╷
4 │         "default",
  │         ^^^^^^^^^
  ╵
    _-sections-dir.scss 4:9                                                                       @import
    /Users/michellestar/Documents/GitHub/hello-michelle-star.github.io/assets/css/main.scss 27:9  root stylesheet
WARNING: 7 repetitive deprecation warnings omitted.
Run in verbose mode to see all warnings.
                    ...done in 0.059347 seconds.
                    
      Regenerating: 1 file(s) changed at 2026-04-27 23:59:14
                    jekyll.log
       Jekyll Feed: Generating feed for posts
DEPRECATION WARNING [import]: Sass @import rules are deprecated and will be removed in Dart Sass 3.0.0.

More info and automated migrator: https://sass-lang.com/d/import

   ╷
27 │ @import "-sections-dir";
   │         ^^^^^^^^^^^^^^^
   ╵
    /Users/michellestar/Documents/GitHub/hello-michelle-star.github.io/assets/css/main.scss 27:9  root stylesheet
DEPRECATION WARNING [import]: Sass @import rules are deprecated and will be removed in Dart Sass 3.0.0.

More info and automated migrator: https://sass-lang.com/d/import

   ╷
28 │ @import 'about';
   │         ^^^^^^^
   ╵
    /Users/michellestar/Documents/GitHub/hello-michelle-star.github.io/assets/css/main.scss 28:9  root stylesheet
DEPRECATION WARNING [import]: Sass @import rules are deprecated and will be removed in Dart Sass 3.0.0.

More info and automated migrator: https://sass-lang.com/d/import

  ╷
2 │ @import "base",
  │         ^^^^^^
  ╵
    _-sections-dir.scss 2:9                                                                       @import
    /Users/michellestar/Documents/GitHub/hello-michelle-star.github.io/assets/css/main.scss 27:9  root stylesheet
DEPRECATION WARNING [import]: Sass @import rules are deprecated and will be removed in Dart Sass 3.0.0.

More info and automated migrator: https://sass-lang.com/d/import

  ╷
3 │         "code",
  │         ^^^^^^
  ╵
    _-sections-dir.scss 3:9                                                                       @import
    /Users/michellestar/Documents/GitHub/hello-michelle-star.github.io/assets/css/main.scss 27:9  root stylesheet
DEPRECATION WARNING [import]: Sass @import rules are deprecated and will be removed in Dart Sass 3.0.0.

More info and automated migrator: https://sass-lang.com/d/import

  ╷
4 │         "default",
  │         ^^^^^^^^^
  ╵
    _-sections-dir.scss 4:9                                                                       @import
    /Users/michellestar/Documents/GitHub/hello-michelle-star.github.io/assets/css/main.scss 27:9  root stylesheet
WARNING: 7 repetitive deprecation warnings omitted.
Run in verbose mode to see all warnings.
                    ...done in 0.048348 seconds.
                    
      Regenerating: 1 file(s) changed at 2026-04-27 23:59:19
                    jekyll.log
       Jekyll Feed: Generating feed for posts
DEPRECATION WARNING [import]: Sass @import rules are deprecated and will be removed in Dart Sass 3.0.0.

More info and automated migrator: https://sass-lang.com/d/import

   ╷
27 │ @import "-sections-dir";
   │         ^^^^^^^^^^^^^^^
   ╵
    /Users/michellestar/Documents/GitHub/hello-michelle-star.github.io/assets/css/main.scss 27:9  root stylesheet
DEPRECATION WARNING [import]: Sass @import rules are deprecated and will be removed in Dart Sass 3.0.0.

More info and automated migrator: https://sass-lang.com/d/import

   ╷
28 │ @import 'about';
   │         ^^^^^^^
   ╵
    /Users/michellestar/Documents/GitHub/hello-michelle-star.github.io/assets/css/main.scss 28:9  root stylesheet
DEPRECATION WARNING [import]: Sass @import rules are deprecated and will be removed in Dart Sass 3.0.0.

More info and automated migrator: https://sass-lang.com/d/import

  ╷
2 │ @import "base",
  │         ^^^^^^
  ╵
    _-sections-dir.scss 2:9                                                                       @import
    /Users/michellestar/Documents/GitHub/hello-michelle-star.github.io/assets/css/main.scss 27:9  root stylesheet
DEPRECATION WARNING [import]: Sass @import rules are deprecated and will be removed in Dart Sass 3.0.0.

More info and automated migrator: https://sass-lang.com/d/import

  ╷
3 │         "code",
  │         ^^^^^^
  ╵
    _-sections-dir.scss 3:9                                                                       @import
    /Users/michellestar/Documents/GitHub/hello-michelle-star.github.io/assets/css/main.scss 27:9  root stylesheet
DEPRECATION WARNING [import]: Sass @import rules are deprecated and will be removed in Dart Sass 3.0.0.

More info and automated migrator: https://sass-lang.com/d/import

  ╷
4 │         "default",
  │         ^^^^^^^^^
  ╵
    _-sections-dir.scss 4:9                                                                       @import
    /Users/michellestar/Documents/GitHub/hello-michelle-star.github.io/assets/css/main.scss 27:9  root stylesheet
WARNING: 7 repetitive deprecation warnings omitted.
Run in verbose mode to see all warnings.
                    ...done in 0.047466 seconds.
                    
      Regenerating: 1 file(s) changed at 2026-04-27 23:59:26
                    jekyll.log
       Jekyll Feed: Generating feed for posts
DEPRECATION WARNING [import]: Sass @import rules are deprecated and will be removed in Dart Sass 3.0.0.

More info and automated migrator: https://sass-lang.com/d/import

   ╷
27 │ @import "-sections-dir";
   │         ^^^^^^^^^^^^^^^
   ╵
    /Users/michellestar/Documents/GitHub/hello-michelle-star.github.io/assets/css/main.scss 27:9  root stylesheet
DEPRECATION WARNING [import]: Sass @import rules are deprecated and will be removed in Dart Sass 3.0.0.

More info and automated migrator: https://sass-lang.com/d/import

   ╷
28 │ @import 'about';
   │         ^^^^^^^
   ╵
    /Users/michellestar/Documents/GitHub/hello-michelle-star.github.io/assets/css/main.scss 28:9  root stylesheet
DEPRECATION WARNING [import]: Sass @import rules are deprecated and will be removed in Dart Sass 3.0.0.

More info and automated migrator: https://sass-lang.com/d/import

  ╷
2 │ @import "base",
  │         ^^^^^^
  ╵
    _-sections-dir.scss 2:9                                                                       @import
    /Users/michellestar/Documents/GitHub/hello-michelle-star.github.io/assets/css/main.scss 27:9  root stylesheet
DEPRECATION WARNING [import]: Sass @import rules are deprecated and will be removed in Dart Sass 3.0.0.

More info and automated migrator: https://sass-lang.com/d/import

  ╷
3 │         "code",
  │         ^^^^^^
  ╵
    _-sections-dir.scss 3:9                                                                       @import
    /Users/michellestar/Documents/GitHub/hello-michelle-star.github.io/assets/css/main.scss 27:9  root stylesheet
DEPRECATION WARNING [import]: Sass @import rules are deprecated and will be removed in Dart Sass 3.0.0.

More info and automated migrator: https://sass-lang.com/d/import

  ╷
4 │         "default",
  │         ^^^^^^^^^
  ╵
    _-sections-dir.scss 4:9                                                                       @import
    /Users/michellestar/Documents/GitHub/hello-michelle-star.github.io/assets/css/main.scss 27:9  root stylesheet
WARNING: 7 repetitive deprecation warnings omitted.
Run in verbose mode to see all warnings.
                    ...done in 0.051491 seconds.
                    
      Regenerating: 1 file(s) changed at 2026-04-27 23:59:32
                    jekyll.log
       Jekyll Feed: Generating feed for posts
DEPRECATION WARNING [import]: Sass @import rules are deprecated and will be removed in Dart Sass 3.0.0.

More info and automated migrator: https://sass-lang.com/d/import

   ╷
27 │ @import "-sections-dir";
   │         ^^^^^^^^^^^^^^^
   ╵
    /Users/michellestar/Documents/GitHub/hello-michelle-star.github.io/assets/css/main.scss 27:9  root stylesheet
DEPRECATION WARNING [import]: Sass @import rules are deprecated and will be removed in Dart Sass 3.0.0.

More info and automated migrator: https://sass-lang.com/d/import

   ╷
28 │ @import 'about';
   │         ^^^^^^^
   ╵
    /Users/michellestar/Documents/GitHub/hello-michelle-star.github.io/assets/css/main.scss 28:9  root stylesheet
DEPRECATION WARNING [import]: Sass @import rules are deprecated and will be removed in Dart Sass 3.0.0.

More info and automated migrator: https://sass-lang.com/d/import

  ╷
2 │ @import "base",
  │         ^^^^^^
  ╵
    _-sections-dir.scss 2:9                                                                       @import
    /Users/michellestar/Documents/GitHub/hello-michelle-star.github.io/assets/css/main.scss 27:9  root stylesheet
DEPRECATION WARNING [import]: Sass @import rules are deprecated and will be removed in Dart Sass 3.0.0.

More info and automated migrator: https://sass-lang.com/d/import

  ╷
3 │         "code",
  │         ^^^^^^
  ╵
    _-sections-dir.scss 3:9                                                                       @import
    /Users/michellestar/Documents/GitHub/hello-michelle-star.github.io/assets/css/main.scss 27:9  root stylesheet
DEPRECATION WARNING [import]: Sass @import rules are deprecated and will be removed in Dart Sass 3.0.0.

More info and automated migrator: https://sass-lang.com/d/import

  ╷
4 │         "default",
  │         ^^^^^^^^^
  ╵
    _-sections-dir.scss 4:9                                                                       @import
    /Users/michellestar/Documents/GitHub/hello-michelle-star.github.io/assets/css/main.scss 27:9  root stylesheet
WARNING: 7 repetitive deprecation warnings omitted.
Run in verbose mode to see all warnings.
                    ...done in 0.043533 seconds.
                    
      Regenerating: 1 file(s) changed at 2026-04-27 23:59:38
                    jekyll.log
       Jekyll Feed: Generating feed for posts
DEPRECATION WARNING [import]: Sass @import rules are deprecated and will be removed in Dart Sass 3.0.0.

More info and automated migrator: https://sass-lang.com/d/import

   ╷
27 │ @import "-sections-dir";
   │         ^^^^^^^^^^^^^^^
   ╵
    /Users/michellestar/Documents/GitHub/hello-michelle-star.github.io/assets/css/main.scss 27:9  root stylesheet
DEPRECATION WARNING [import]: Sass @import rules are deprecated and will be removed in Dart Sass 3.0.0.

More info and automated migrator: https://sass-lang.com/d/import

   ╷
28 │ @import 'about';
   │         ^^^^^^^
   ╵
    /Users/michellestar/Documents/GitHub/hello-michelle-star.github.io/assets/css/main.scss 28:9  root stylesheet
DEPRECATION WARNING [import]: Sass @import rules are deprecated and will be removed in Dart Sass 3.0.0.

More info and automated migrator: https://sass-lang.com/d/import

  ╷
2 │ @import "base",
  │         ^^^^^^
  ╵
    _-sections-dir.scss 2:9                                                                       @import
    /Users/michellestar/Documents/GitHub/hello-michelle-star.github.io/assets/css/main.scss 27:9  root stylesheet
DEPRECATION WARNING [import]: Sass @import rules are deprecated and will be removed in Dart Sass 3.0.0.

More info and automated migrator: https://sass-lang.com/d/import

  ╷
3 │         "code",
  │         ^^^^^^
  ╵
    _-sections-dir.scss 3:9                                                                       @import
    /Users/michellestar/Documents/GitHub/hello-michelle-star.github.io/assets/css/main.scss 27:9  root stylesheet
DEPRECATION WARNING [import]: Sass @import rules are deprecated and will be removed in Dart Sass 3.0.0.

More info and automated migrator: https://sass-lang.com/d/import

  ╷
4 │         "default",
  │         ^^^^^^^^^
  ╵
    _-sections-dir.scss 4:9                                                                       @import
    /Users/michellestar/Documents/GitHub/hello-michelle-star.github.io/assets/css/main.scss 27:9  root stylesheet
WARNING: 7 repetitive deprecation warnings omitted.
Run in verbose mode to see all warnings.
                    ...done in 0.05935 seconds.
                    
      Regenerating: 1 file(s) changed at 2026-04-27 23:59:43
                    jekyll.log
       Jekyll Feed: Generating feed for posts
DEPRECATION WARNING [import]: Sass @import rules are deprecated and will be removed in Dart Sass 3.0.0.

More info and automated migrator: https://sass-lang.com/d/import

   ╷
27 │ @import "-sections-dir";
   │         ^^^^^^^^^^^^^^^
   ╵
    /Users/michellestar/Documents/GitHub/hello-michelle-star.github.io/assets/css/main.scss 27:9  root stylesheet
DEPRECATION WARNING [import]: Sass @import rules are deprecated and will be removed in Dart Sass 3.0.0.

More info and automated migrator: https://sass-lang.com/d/import

   ╷
28 │ @import 'about';
   │         ^^^^^^^
   ╵
    /Users/michellestar/Documents/GitHub/hello-michelle-star.github.io/assets/css/main.scss 28:9  root stylesheet
DEPRECATION WARNING [import]: Sass @import rules are deprecated and will be removed in Dart Sass 3.0.0.

More info and automated migrator: https://sass-lang.com/d/import

  ╷
2 │ @import "base",
  │         ^^^^^^
  ╵
    _-sections-dir.scss 2:9                                                                       @import
    /Users/michellestar/Documents/GitHub/hello-michelle-star.github.io/assets/css/main.scss 27:9  root stylesheet
DEPRECATION WARNING [import]: Sass @import rules are deprecated and will be removed in Dart Sass 3.0.0.

More info and automated migrator: https://sass-lang.com/d/import

  ╷
3 │         "code",
  │         ^^^^^^
  ╵
    _-sections-dir.scss 3:9                                                                       @import
    /Users/michellestar/Documents/GitHub/hello-michelle-star.github.io/assets/css/main.scss 27:9  root stylesheet
DEPRECATION WARNING [import]: Sass @import rules are deprecated and will be removed in Dart Sass 3.0.0.

More info and automated migrator: https://sass-lang.com/d/import

  ╷
4 │         "default",
  │         ^^^^^^^^^
  ╵
    _-sections-dir.scss 4:9                                                                       @import
    /Users/michellestar/Documents/GitHub/hello-michelle-star.github.io/assets/css/main.scss 27:9  root stylesheet
WARNING: 7 repetitive deprecation warnings omitted.
Run in verbose mode to see all warnings.
                    ...done in 0.041045 seconds.
                    
      Regenerating: 1 file(s) changed at 2026-04-27 23:59:48
                    jekyll.log
       Jekyll Feed: Generating feed for posts
DEPRECATION WARNING [import]: Sass @import rules are deprecated and will be removed in Dart Sass 3.0.0.

More info and automated migrator: https://sass-lang.com/d/import

   ╷
27 │ @import "-sections-dir";
   │         ^^^^^^^^^^^^^^^
   ╵
    /Users/michellestar/Documents/GitHub/hello-michelle-star.github.io/assets/css/main.scss 27:9  root stylesheet
DEPRECATION WARNING [import]: Sass @import rules are deprecated and will be removed in Dart Sass 3.0.0.

More info and automated migrator: https://sass-lang.com/d/import

   ╷
28 │ @import 'about';
   │         ^^^^^^^
   ╵
    /Users/michellestar/Documents/GitHub/hello-michelle-star.github.io/assets/css/main.scss 28:9  root stylesheet
DEPRECATION WARNING [import]: Sass @import rules are deprecated and will be removed in Dart Sass 3.0.0.

More info and automated migrator: https://sass-lang.com/d/import

  ╷
2 │ @import "base",
  │         ^^^^^^
  ╵
    _-sections-dir.scss 2:9                                                                       @import
    /Users/michellestar/Documents/GitHub/hello-michelle-star.github.io/assets/css/main.scss 27:9  root stylesheet
DEPRECATION WARNING [import]: Sass @import rules are deprecated and will be removed in Dart Sass 3.0.0.

More info and automated migrator: https://sass-lang.com/d/import

  ╷
3 │         "code",
  │         ^^^^^^
  ╵
    _-sections-dir.scss 3:9                                                                       @import
    /Users/michellestar/Documents/GitHub/hello-michelle-star.github.io/assets/css/main.scss 27:9  root stylesheet
DEPRECATION WARNING [import]: Sass @import rules are deprecated and will be removed in Dart Sass 3.0.0.

More info and automated migrator: https://sass-lang.com/d/import

  ╷
4 │         "default",
  │         ^^^^^^^^^
  ╵
    _-sections-dir.scss 4:9                                                                       @import
    /Users/michellestar/Documents/GitHub/hello-michelle-star.github.io/assets/css/main.scss 27:9  root stylesheet
WARNING: 7 repetitive deprecation warnings omitted.
Run in verbose mode to see all warnings.
                    ...done in 0.057415 seconds.
                    
      Regenerating: 1 file(s) changed at 2026-04-27 23:59:54
                    jekyll.log
       Jekyll Feed: Generating feed for posts
DEPRECATION WARNING [import]: Sass @import rules are deprecated and will be removed in Dart Sass 3.0.0.

More info and automated migrator: https://sass-lang.com/d/import

   ╷
27 │ @import "-sections-dir";
   │         ^^^^^^^^^^^^^^^
   ╵
    /Users/michellestar/Documents/GitHub/hello-michelle-star.github.io/assets/css/main.scss 27:9  root stylesheet
DEPRECATION WARNING [import]: Sass @import rules are deprecated and will be removed in Dart Sass 3.0.0.

More info and automated migrator: https://sass-lang.com/d/import

   ╷
28 │ @import 'about';
   │         ^^^^^^^
   ╵
    /Users/michellestar/Documents/GitHub/hello-michelle-star.github.io/assets/css/main.scss 28:9  root stylesheet
DEPRECATION WARNING [import]: Sass @import rules are deprecated and will be removed in Dart Sass 3.0.0.

More info and automated migrator: https://sass-lang.com/d/import

  ╷
2 │ @import "base",
  │         ^^^^^^
  ╵
    _-sections-dir.scss 2:9                                                                       @import
    /Users/michellestar/Documents/GitHub/hello-michelle-star.github.io/assets/css/main.scss 27:9  root stylesheet
DEPRECATION WARNING [import]: Sass @import rules are deprecated and will be removed in Dart Sass 3.0.0.

More info and automated migrator: https://sass-lang.com/d/import

  ╷
3 │         "code",
  │         ^^^^^^
  ╵
    _-sections-dir.scss 3:9                                                                       @import
    /Users/michellestar/Documents/GitHub/hello-michelle-star.github.io/assets/css/main.scss 27:9  root stylesheet
DEPRECATION WARNING [import]: Sass @import rules are deprecated and will be removed in Dart Sass 3.0.0.

More info and automated migrator: https://sass-lang.com/d/import

  ╷
4 │         "default",
  │         ^^^^^^^^^
  ╵
    _-sections-dir.scss 4:9                                                                       @import
    /Users/michellestar/Documents/GitHub/hello-michelle-star.github.io/assets/css/main.scss 27:9  root stylesheet
WARNING: 7 repetitive deprecation warnings omitted.
Run in verbose mode to see all warnings.
                    ...done in 0.048497 seconds.
                    
      Regenerating: 1 file(s) changed at 2026-04-27 23:59:59
                    jekyll.log
       Jekyll Feed: Generating feed for posts
DEPRECATION WARNING [import]: Sass @import rules are deprecated and will be removed in Dart Sass 3.0.0.

More info and automated migrator: https://sass-lang.com/d/import

   ╷
27 │ @import "-sections-dir";
   │         ^^^^^^^^^^^^^^^
   ╵
    /Users/michellestar/Documents/GitHub/hello-michelle-star.github.io/assets/css/main.scss 27:9  root stylesheet
DEPRECATION WARNING [import]: Sass @import rules are deprecated and will be removed in Dart Sass 3.0.0.

More info and automated migrator: https://sass-lang.com/d/import

   ╷
28 │ @import 'about';
   │         ^^^^^^^
   ╵
    /Users/michellestar/Documents/GitHub/hello-michelle-star.github.io/assets/css/main.scss 28:9  root stylesheet
DEPRECATION WARNING [import]: Sass @import rules are deprecated and will be removed in Dart Sass 3.0.0.

More info and automated migrator: https://sass-lang.com/d/import

  ╷
2 │ @import "base",
  │         ^^^^^^
  ╵
    _-sections-dir.scss 2:9                                                                       @import
    /Users/michellestar/Documents/GitHub/hello-michelle-star.github.io/assets/css/main.scss 27:9  root stylesheet
DEPRECATION WARNING [import]: Sass @import rules are deprecated and will be removed in Dart Sass 3.0.0.

More info and automated migrator: https://sass-lang.com/d/import

  ╷
3 │         "code",
  │         ^^^^^^
  ╵
    _-sections-dir.scss 3:9                                                                       @import
    /Users/michellestar/Documents/GitHub/hello-michelle-star.github.io/assets/css/main.scss 27:9  root stylesheet
DEPRECATION WARNING [import]: Sass @import rules are deprecated and will be removed in Dart Sass 3.0.0.

More info and automated migrator: https://sass-lang.com/d/import

  ╷
4 │         "default",
  │         ^^^^^^^^^
  ╵
    _-sections-dir.scss 4:9                                                                       @import
    /Users/michellestar/Documents/GitHub/hello-michelle-star.github.io/assets/css/main.scss 27:9  root stylesheet
WARNING: 7 repetitive deprecation warnings omitted.
Run in verbose mode to see all warnings.
                    ...done in 0.042423 seconds.
                    
      Regenerating: 1 file(s) changed at 2026-04-28 00:00:05
                    jekyll.log
       Jekyll Feed: Generating feed for posts
DEPRECATION WARNING [import]: Sass @import rules are deprecated and will be removed in Dart Sass 3.0.0.

More info and automated migrator: https://sass-lang.com/d/import

   ╷
27 │ @import "-sections-dir";
   │         ^^^^^^^^^^^^^^^
   ╵
    /Users/michellestar/Documents/GitHub/hello-michelle-star.github.io/assets/css/main.scss 27:9  root stylesheet
DEPRECATION WARNING [import]: Sass @import rules are deprecated and will be removed in Dart Sass 3.0.0.

More info and automated migrator: https://sass-lang.com/d/import

   ╷
28 │ @import 'about';
   │         ^^^^^^^
   ╵
    /Users/michellestar/Documents/GitHub/hello-michelle-star.github.io/assets/css/main.scss 28:9  root stylesheet
DEPRECATION WARNING [import]: Sass @import rules are deprecated and will be removed in Dart Sass 3.0.0.

More info and automated migrator: https://sass-lang.com/d/import

  ╷
2 │ @import "base",
  │         ^^^^^^
  ╵
    _-sections-dir.scss 2:9                                                                       @import
    /Users/michellestar/Documents/GitHub/hello-michelle-star.github.io/assets/css/main.scss 27:9  root stylesheet
DEPRECATION WARNING [import]: Sass @import rules are deprecated and will be removed in Dart Sass 3.0.0.

More info and automated migrator: https://sass-lang.com/d/import

  ╷
3 │         "code",
  │         ^^^^^^
  ╵
    _-sections-dir.scss 3:9                                                                       @import
    /Users/michellestar/Documents/GitHub/hello-michelle-star.github.io/assets/css/main.scss 27:9  root stylesheet
DEPRECATION WARNING [import]: Sass @import rules are deprecated and will be removed in Dart Sass 3.0.0.

More info and automated migrator: https://sass-lang.com/d/import

  ╷
4 │         "default",
  │         ^^^^^^^^^
  ╵
    _-sections-dir.scss 4:9                                                                       @import
    /Users/michellestar/Documents/GitHub/hello-michelle-star.github.io/assets/css/main.scss 27:9  root stylesheet
WARNING: 7 repetitive deprecation warnings omitted.
Run in verbose mode to see all warnings.
                    ...done in 0.05058 seconds.
                    
      Regenerating: 1 file(s) changed at 2026-04-28 00:00:11
                    jekyll.log
       Jekyll Feed: Generating feed for posts
DEPRECATION WARNING [import]: Sass @import rules are deprecated and will be removed in Dart Sass 3.0.0.

More info and automated migrator: https://sass-lang.com/d/import

   ╷
27 │ @import "-sections-dir";
   │         ^^^^^^^^^^^^^^^
   ╵
    /Users/michellestar/Documents/GitHub/hello-michelle-star.github.io/assets/css/main.scss 27:9  root stylesheet
DEPRECATION WARNING [import]: Sass @import rules are deprecated and will be removed in Dart Sass 3.0.0.

More info and automated migrator: https://sass-lang.com/d/import

   ╷
28 │ @import 'about';
   │         ^^^^^^^
   ╵
    /Users/michellestar/Documents/GitHub/hello-michelle-star.github.io/assets/css/main.scss 28:9  root stylesheet
DEPRECATION WARNING [import]: Sass @import rules are deprecated and will be removed in Dart Sass 3.0.0.

More info and automated migrator: https://sass-lang.com/d/import

  ╷
2 │ @import "base",
  │         ^^^^^^
  ╵
    _-sections-dir.scss 2:9                                                                       @import
    /Users/michellestar/Documents/GitHub/hello-michelle-star.github.io/assets/css/main.scss 27:9  root stylesheet
DEPRECATION WARNING [import]: Sass @import rules are deprecated and will be removed in Dart Sass 3.0.0.

More info and automated migrator: https://sass-lang.com/d/import

  ╷
3 │         "code",
  │         ^^^^^^
  ╵
    _-sections-dir.scss 3:9                                                                       @import
    /Users/michellestar/Documents/GitHub/hello-michelle-star.github.io/assets/css/main.scss 27:9  root stylesheet
DEPRECATION WARNING [import]: Sass @import rules are deprecated and will be removed in Dart Sass 3.0.0.

More info and automated migrator: https://sass-lang.com/d/import

  ╷
4 │         "default",
  │         ^^^^^^^^^
  ╵
    _-sections-dir.scss 4:9                                                                       @import
    /Users/michellestar/Documents/GitHub/hello-michelle-star.github.io/assets/css/main.scss 27:9  root stylesheet
WARNING: 7 repetitive deprecation warnings omitted.
Run in verbose mode to see all warnings.
                    ...done in 0.047032 seconds.
                    
      Regenerating: 1 file(s) changed at 2026-04-28 00:00:17
                    jekyll.log
       Jekyll Feed: Generating feed for posts
DEPRECATION WARNING [import]: Sass @import rules are deprecated and will be removed in Dart Sass 3.0.0.

More info and automated migrator: https://sass-lang.com/d/import

   ╷
27 │ @import "-sections-dir";
   │         ^^^^^^^^^^^^^^^
   ╵
    /Users/michellestar/Documents/GitHub/hello-michelle-star.github.io/assets/css/main.scss 27:9  root stylesheet
DEPRECATION WARNING [import]: Sass @import rules are deprecated and will be removed in Dart Sass 3.0.0.

More info and automated migrator: https://sass-lang.com/d/import

   ╷
28 │ @import 'about';
   │         ^^^^^^^
   ╵
    /Users/michellestar/Documents/GitHub/hello-michelle-star.github.io/assets/css/main.scss 28:9  root stylesheet
DEPRECATION WARNING [import]: Sass @import rules are deprecated and will be removed in Dart Sass 3.0.0.

More info and automated migrator: https://sass-lang.com/d/import

  ╷
2 │ @import "base",
  │         ^^^^^^
  ╵
    _-sections-dir.scss 2:9                                                                       @import
    /Users/michellestar/Documents/GitHub/hello-michelle-star.github.io/assets/css/main.scss 27:9  root stylesheet
DEPRECATION WARNING [import]: Sass @import rules are deprecated and will be removed in Dart Sass 3.0.0.

More info and automated migrator: https://sass-lang.com/d/import

  ╷
3 │         "code",
  │         ^^^^^^
  ╵
    _-sections-dir.scss 3:9                                                                       @import
    /Users/michellestar/Documents/GitHub/hello-michelle-star.github.io/assets/css/main.scss 27:9  root stylesheet
DEPRECATION WARNING [import]: Sass @import rules are deprecated and will be removed in Dart Sass 3.0.0.

More info and automated migrator: https://sass-lang.com/d/import

  ╷
4 │         "default",
  │         ^^^^^^^^^
  ╵
    _-sections-dir.scss 4:9                                                                       @import
    /Users/michellestar/Documents/GitHub/hello-michelle-star.github.io/assets/css/main.scss 27:9  root stylesheet
WARNING: 7 repetitive deprecation warnings omitted.
Run in verbose mode to see all warnings.
                    ...done in 0.05014 seconds.
                    
      Regenerating: 1 file(s) changed at 2026-04-28 00:00:23
                    jekyll.log
       Jekyll Feed: Generating feed for posts
DEPRECATION WARNING [import]: Sass @import rules are deprecated and will be removed in Dart Sass 3.0.0.

More info and automated migrator: https://sass-lang.com/d/import

   ╷
27 │ @import "-sections-dir";
   │         ^^^^^^^^^^^^^^^
   ╵
    /Users/michellestar/Documents/GitHub/hello-michelle-star.github.io/assets/css/main.scss 27:9  root stylesheet
DEPRECATION WARNING [import]: Sass @import rules are deprecated and will be removed in Dart Sass 3.0.0.

More info and automated migrator: https://sass-lang.com/d/import

   ╷
28 │ @import 'about';
   │         ^^^^^^^
   ╵
    /Users/michellestar/Documents/GitHub/hello-michelle-star.github.io/assets/css/main.scss 28:9  root stylesheet
DEPRECATION WARNING [import]: Sass @import rules are deprecated and will be removed in Dart Sass 3.0.0.

More info and automated migrator: https://sass-lang.com/d/import

  ╷
2 │ @import "base",
  │         ^^^^^^
  ╵
    _-sections-dir.scss 2:9                                                                       @import
    /Users/michellestar/Documents/GitHub/hello-michelle-star.github.io/assets/css/main.scss 27:9  root stylesheet
DEPRECATION WARNING [import]: Sass @import rules are deprecated and will be removed in Dart Sass 3.0.0.

More info and automated migrator: https://sass-lang.com/d/import

  ╷
3 │         "code",
  │         ^^^^^^
  ╵
    _-sections-dir.scss 3:9                                                                       @import
    /Users/michellestar/Documents/GitHub/hello-michelle-star.github.io/assets/css/main.scss 27:9  root stylesheet
DEPRECATION WARNING [import]: Sass @import rules are deprecated and will be removed in Dart Sass 3.0.0.

More info and automated migrator: https://sass-lang.com/d/import

  ╷
4 │         "default",
  │         ^^^^^^^^^
  ╵
    _-sections-dir.scss 4:9                                                                       @import
    /Users/michellestar/Documents/GitHub/hello-michelle-star.github.io/assets/css/main.scss 27:9  root stylesheet
WARNING: 7 repetitive deprecation warnings omitted.
Run in verbose mode to see all warnings.
                    ...done in 0.041762 seconds.
                    
      Regenerating: 1 file(s) changed at 2026-04-28 00:00:28
                    jekyll.log
       Jekyll Feed: Generating feed for posts
DEPRECATION WARNING [import]: Sass @import rules are deprecated and will be removed in Dart Sass 3.0.0.

More info and automated migrator: https://sass-lang.com/d/import

   ╷
27 │ @import "-sections-dir";
   │         ^^^^^^^^^^^^^^^
   ╵
    /Users/michellestar/Documents/GitHub/hello-michelle-star.github.io/assets/css/main.scss 27:9  root stylesheet
DEPRECATION WARNING [import]: Sass @import rules are deprecated and will be removed in Dart Sass 3.0.0.

More info and automated migrator: https://sass-lang.com/d/import

   ╷
28 │ @import 'about';
   │         ^^^^^^^
   ╵
    /Users/michellestar/Documents/GitHub/hello-michelle-star.github.io/assets/css/main.scss 28:9  root stylesheet
DEPRECATION WARNING [import]: Sass @import rules are deprecated and will be removed in Dart Sass 3.0.0.

More info and automated migrator: https://sass-lang.com/d/import

  ╷
2 │ @import "base",
  │         ^^^^^^
  ╵
    _-sections-dir.scss 2:9                                                                       @import
    /Users/michellestar/Documents/GitHub/hello-michelle-star.github.io/assets/css/main.scss 27:9  root stylesheet
DEPRECATION WARNING [import]: Sass @import rules are deprecated and will be removed in Dart Sass 3.0.0.

More info and automated migrator: https://sass-lang.com/d/import

  ╷
3 │         "code",
  │         ^^^^^^
  ╵
    _-sections-dir.scss 3:9                                                                       @import
    /Users/michellestar/Documents/GitHub/hello-michelle-star.github.io/assets/css/main.scss 27:9  root stylesheet
DEPRECATION WARNING [import]: Sass @import rules are deprecated and will be removed in Dart Sass 3.0.0.

More info and automated migrator: https://sass-lang.com/d/import

  ╷
4 │         "default",
  │         ^^^^^^^^^
  ╵
    _-sections-dir.scss 4:9                                                                       @import
    /Users/michellestar/Documents/GitHub/hello-michelle-star.github.io/assets/css/main.scss 27:9  root stylesheet
WARNING: 7 repetitive deprecation warnings omitted.
Run in verbose mode to see all warnings.
                    ...done in 0.048868 seconds.
                    
      Regenerating: 1 file(s) changed at 2026-04-28 00:00:34
                    jekyll.log
       Jekyll Feed: Generating feed for posts
DEPRECATION WARNING [import]: Sass @import rules are deprecated and will be removed in Dart Sass 3.0.0.

More info and automated migrator: https://sass-lang.com/d/import

   ╷
27 │ @import "-sections-dir";
   │         ^^^^^^^^^^^^^^^
   ╵
    /Users/michellestar/Documents/GitHub/hello-michelle-star.github.io/assets/css/main.scss 27:9  root stylesheet
DEPRECATION WARNING [import]: Sass @import rules are deprecated and will be removed in Dart Sass 3.0.0.

More info and automated migrator: https://sass-lang.com/d/import

   ╷
28 │ @import 'about';
   │         ^^^^^^^
   ╵
    /Users/michellestar/Documents/GitHub/hello-michelle-star.github.io/assets/css/main.scss 28:9  root stylesheet
DEPRECATION WARNING [import]: Sass @import rules are deprecated and will be removed in Dart Sass 3.0.0.

More info and automated migrator: https://sass-lang.com/d/import

  ╷
2 │ @import "base",
  │         ^^^^^^
  ╵
    _-sections-dir.scss 2:9                                                                       @import
    /Users/michellestar/Documents/GitHub/hello-michelle-star.github.io/assets/css/main.scss 27:9  root stylesheet
DEPRECATION WARNING [import]: Sass @import rules are deprecated and will be removed in Dart Sass 3.0.0.

More info and automated migrator: https://sass-lang.com/d/import

  ╷
3 │         "code",
  │         ^^^^^^
  ╵
    _-sections-dir.scss 3:9                                                                       @import
    /Users/michellestar/Documents/GitHub/hello-michelle-star.github.io/assets/css/main.scss 27:9  root stylesheet
DEPRECATION WARNING [import]: Sass @import rules are deprecated and will be removed in Dart Sass 3.0.0.

More info and automated migrator: https://sass-lang.com/d/import

  ╷
4 │         "default",
  │         ^^^^^^^^^
  ╵
    _-sections-dir.scss 4:9                                                                       @import
    /Users/michellestar/Documents/GitHub/hello-michelle-star.github.io/assets/css/main.scss 27:9  root stylesheet
WARNING: 7 repetitive deprecation warnings omitted.
Run in verbose mode to see all warnings.
                    ...done in 0.050149 seconds.
                    
      Regenerating: 1 file(s) changed at 2026-04-28 00:00:39
                    jekyll.log
       Jekyll Feed: Generating feed for posts
DEPRECATION WARNING [import]: Sass @import rules are deprecated and will be removed in Dart Sass 3.0.0.

More info and automated migrator: https://sass-lang.com/d/import

   ╷
27 │ @import "-sections-dir";
   │         ^^^^^^^^^^^^^^^
   ╵
    /Users/michellestar/Documents/GitHub/hello-michelle-star.github.io/assets/css/main.scss 27:9  root stylesheet
DEPRECATION WARNING [import]: Sass @import rules are deprecated and will be removed in Dart Sass 3.0.0.

More info and automated migrator: https://sass-lang.com/d/import

   ╷
28 │ @import 'about';
   │         ^^^^^^^
   ╵
    /Users/michellestar/Documents/GitHub/hello-michelle-star.github.io/assets/css/main.scss 28:9  root stylesheet
DEPRECATION WARNING [import]: Sass @import rules are deprecated and will be removed in Dart Sass 3.0.0.

More info and automated migrator: https://sass-lang.com/d/import

  ╷
2 │ @import "base",
  │         ^^^^^^
  ╵
    _-sections-dir.scss 2:9                                                                       @import
    /Users/michellestar/Documents/GitHub/hello-michelle-star.github.io/assets/css/main.scss 27:9  root stylesheet
DEPRECATION WARNING [import]: Sass @import rules are deprecated and will be removed in Dart Sass 3.0.0.

More info and automated migrator: https://sass-lang.com/d/import

  ╷
3 │         "code",
  │         ^^^^^^
  ╵
    _-sections-dir.scss 3:9                                                                       @import
    /Users/michellestar/Documents/GitHub/hello-michelle-star.github.io/assets/css/main.scss 27:9  root stylesheet
DEPRECATION WARNING [import]: Sass @import rules are deprecated and will be removed in Dart Sass 3.0.0.

More info and automated migrator: https://sass-lang.com/d/import

  ╷
4 │         "default",
  │         ^^^^^^^^^
  ╵
    _-sections-dir.scss 4:9                                                                       @import
    /Users/michellestar/Documents/GitHub/hello-michelle-star.github.io/assets/css/main.scss 27:9  root stylesheet
WARNING: 7 repetitive deprecation warnings omitted.
Run in verbose mode to see all warnings.
                    ...done in 0.049283 seconds.
                    
      Regenerating: 1 file(s) changed at 2026-04-28 00:00:45
                    jekyll.log
       Jekyll Feed: Generating feed for posts
DEPRECATION WARNING [import]: Sass @import rules are deprecated and will be removed in Dart Sass 3.0.0.

More info and automated migrator: https://sass-lang.com/d/import

   ╷
27 │ @import "-sections-dir";
   │         ^^^^^^^^^^^^^^^
   ╵
    /Users/michellestar/Documents/GitHub/hello-michelle-star.github.io/assets/css/main.scss 27:9  root stylesheet
DEPRECATION WARNING [import]: Sass @import rules are deprecated and will be removed in Dart Sass 3.0.0.

More info and automated migrator: https://sass-lang.com/d/import

   ╷
28 │ @import 'about';
   │         ^^^^^^^
   ╵
    /Users/michellestar/Documents/GitHub/hello-michelle-star.github.io/assets/css/main.scss 28:9  root stylesheet
DEPRECATION WARNING [import]: Sass @import rules are deprecated and will be removed in Dart Sass 3.0.0.

More info and automated migrator: https://sass-lang.com/d/import

  ╷
2 │ @import "base",
  │         ^^^^^^
  ╵
    _-sections-dir.scss 2:9                                                                       @import
    /Users/michellestar/Documents/GitHub/hello-michelle-star.github.io/assets/css/main.scss 27:9  root stylesheet
DEPRECATION WARNING [import]: Sass @import rules are deprecated and will be removed in Dart Sass 3.0.0.

More info and automated migrator: https://sass-lang.com/d/import

  ╷
3 │         "code",
  │         ^^^^^^
  ╵
    _-sections-dir.scss 3:9                                                                       @import
    /Users/michellestar/Documents/GitHub/hello-michelle-star.github.io/assets/css/main.scss 27:9  root stylesheet
DEPRECATION WARNING [import]: Sass @import rules are deprecated and will be removed in Dart Sass 3.0.0.

More info and automated migrator: https://sass-lang.com/d/import

  ╷
4 │         "default",
  │         ^^^^^^^^^
  ╵
    _-sections-dir.scss 4:9                                                                       @import
    /Users/michellestar/Documents/GitHub/hello-michelle-star.github.io/assets/css/main.scss 27:9  root stylesheet
WARNING: 7 repetitive deprecation warnings omitted.
Run in verbose mode to see all warnings.
                    ...done in 0.048011 seconds.
                    
      Regenerating: 1 file(s) changed at 2026-04-28 00:00:50
                    jekyll.log
       Jekyll Feed: Generating feed for posts
DEPRECATION WARNING [import]: Sass @import rules are deprecated and will be removed in Dart Sass 3.0.0.

More info and automated migrator: https://sass-lang.com/d/import

   ╷
27 │ @import "-sections-dir";
   │         ^^^^^^^^^^^^^^^
   ╵
    /Users/michellestar/Documents/GitHub/hello-michelle-star.github.io/assets/css/main.scss 27:9  root stylesheet
DEPRECATION WARNING [import]: Sass @import rules are deprecated and will be removed in Dart Sass 3.0.0.

More info and automated migrator: https://sass-lang.com/d/import

   ╷
28 │ @import 'about';
   │         ^^^^^^^
   ╵
    /Users/michellestar/Documents/GitHub/hello-michelle-star.github.io/assets/css/main.scss 28:9  root stylesheet
DEPRECATION WARNING [import]: Sass @import rules are deprecated and will be removed in Dart Sass 3.0.0.

More info and automated migrator: https://sass-lang.com/d/import

  ╷
2 │ @import "base",
  │         ^^^^^^
  ╵
    _-sections-dir.scss 2:9                                                                       @import
    /Users/michellestar/Documents/GitHub/hello-michelle-star.github.io/assets/css/main.scss 27:9  root stylesheet
DEPRECATION WARNING [import]: Sass @import rules are deprecated and will be removed in Dart Sass 3.0.0.

More info and automated migrator: https://sass-lang.com/d/import

  ╷
3 │         "code",
  │         ^^^^^^
  ╵
    _-sections-dir.scss 3:9                                                                       @import
    /Users/michellestar/Documents/GitHub/hello-michelle-star.github.io/assets/css/main.scss 27:9  root stylesheet
DEPRECATION WARNING [import]: Sass @import rules are deprecated and will be removed in Dart Sass 3.0.0.

More info and automated migrator: https://sass-lang.com/d/import

  ╷
4 │         "default",
  │         ^^^^^^^^^
  ╵
    _-sections-dir.scss 4:9                                                                       @import
    /Users/michellestar/Documents/GitHub/hello-michelle-star.github.io/assets/css/main.scss 27:9  root stylesheet
WARNING: 7 repetitive deprecation warnings omitted.
Run in verbose mode to see all warnings.
                    ...done in 0.050074 seconds.
                    
      Regenerating: 1 file(s) changed at 2026-04-28 00:00:56
                    jekyll.log
       Jekyll Feed: Generating feed for posts
DEPRECATION WARNING [import]: Sass @import rules are deprecated and will be removed in Dart Sass 3.0.0.

More info and automated migrator: https://sass-lang.com/d/import

   ╷
27 │ @import "-sections-dir";
   │         ^^^^^^^^^^^^^^^
   ╵
    /Users/michellestar/Documents/GitHub/hello-michelle-star.github.io/assets/css/main.scss 27:9  root stylesheet
DEPRECATION WARNING [import]: Sass @import rules are deprecated and will be removed in Dart Sass 3.0.0.

More info and automated migrator: https://sass-lang.com/d/import

   ╷
28 │ @import 'about';
   │         ^^^^^^^
   ╵
    /Users/michellestar/Documents/GitHub/hello-michelle-star.github.io/assets/css/main.scss 28:9  root stylesheet
DEPRECATION WARNING [import]: Sass @import rules are deprecated and will be removed in Dart Sass 3.0.0.

More info and automated migrator: https://sass-lang.com/d/import

  ╷
2 │ @import "base",
  │         ^^^^^^
  ╵
    _-sections-dir.scss 2:9                                                                       @import
    /Users/michellestar/Documents/GitHub/hello-michelle-star.github.io/assets/css/main.scss 27:9  root stylesheet
DEPRECATION WARNING [import]: Sass @import rules are deprecated and will be removed in Dart Sass 3.0.0.

More info and automated migrator: https://sass-lang.com/d/import

  ╷
3 │         "code",
  │         ^^^^^^
  ╵
    _-sections-dir.scss 3:9                                                                       @import
    /Users/michellestar/Documents/GitHub/hello-michelle-star.github.io/assets/css/main.scss 27:9  root stylesheet
DEPRECATION WARNING [import]: Sass @import rules are deprecated and will be removed in Dart Sass 3.0.0.

More info and automated migrator: https://sass-lang.com/d/import

  ╷
4 │         "default",
  │         ^^^^^^^^^
  ╵
    _-sections-dir.scss 4:9                                                                       @import
    /Users/michellestar/Documents/GitHub/hello-michelle-star.github.io/assets/css/main.scss 27:9  root stylesheet
WARNING: 7 repetitive deprecation warnings omitted.
Run in verbose mode to see all warnings.
                    ...done in 0.04505 seconds.
                    
      Regenerating: 1 file(s) changed at 2026-04-28 00:01:01
                    jekyll.log
       Jekyll Feed: Generating feed for posts
DEPRECATION WARNING [import]: Sass @import rules are deprecated and will be removed in Dart Sass 3.0.0.

More info and automated migrator: https://sass-lang.com/d/import

   ╷
27 │ @import "-sections-dir";
   │         ^^^^^^^^^^^^^^^
   ╵
    /Users/michellestar/Documents/GitHub/hello-michelle-star.github.io/assets/css/main.scss 27:9  root stylesheet
DEPRECATION WARNING [import]: Sass @import rules are deprecated and will be removed in Dart Sass 3.0.0.

More info and automated migrator: https://sass-lang.com/d/import

   ╷
28 │ @import 'about';
   │         ^^^^^^^
   ╵
    /Users/michellestar/Documents/GitHub/hello-michelle-star.github.io/assets/css/main.scss 28:9  root stylesheet
DEPRECATION WARNING [import]: Sass @import rules are deprecated and will be removed in Dart Sass 3.0.0.

More info and automated migrator: https://sass-lang.com/d/import

  ╷
2 │ @import "base",
  │         ^^^^^^
  ╵
    _-sections-dir.scss 2:9                                                                       @import
    /Users/michellestar/Documents/GitHub/hello-michelle-star.github.io/assets/css/main.scss 27:9  root stylesheet
DEPRECATION WARNING [import]: Sass @import rules are deprecated and will be removed in Dart Sass 3.0.0.

More info and automated migrator: https://sass-lang.com/d/import

  ╷
3 │         "code",
  │         ^^^^^^
  ╵
    _-sections-dir.scss 3:9                                                                       @import
    /Users/michellestar/Documents/GitHub/hello-michelle-star.github.io/assets/css/main.scss 27:9  root stylesheet
DEPRECATION WARNING [import]: Sass @import rules are deprecated and will be removed in Dart Sass 3.0.0.

More info and automated migrator: https://sass-lang.com/d/import

  ╷
4 │         "default",
  │         ^^^^^^^^^
  ╵
    _-sections-dir.scss 4:9                                                                       @import
    /Users/michellestar/Documents/GitHub/hello-michelle-star.github.io/assets/css/main.scss 27:9  root stylesheet
WARNING: 7 repetitive deprecation warnings omitted.
Run in verbose mode to see all warnings.
                    ...done in 0.040408 seconds.
                    
      Regenerating: 1 file(s) changed at 2026-04-28 00:01:07
                    jekyll.log
       Jekyll Feed: Generating feed for posts
DEPRECATION WARNING [import]: Sass @import rules are deprecated and will be removed in Dart Sass 3.0.0.

More info and automated migrator: https://sass-lang.com/d/import

   ╷
27 │ @import "-sections-dir";
   │         ^^^^^^^^^^^^^^^
   ╵
    /Users/michellestar/Documents/GitHub/hello-michelle-star.github.io/assets/css/main.scss 27:9  root stylesheet
DEPRECATION WARNING [import]: Sass @import rules are deprecated and will be removed in Dart Sass 3.0.0.

More info and automated migrator: https://sass-lang.com/d/import

   ╷
28 │ @import 'about';
   │         ^^^^^^^
   ╵
    /Users/michellestar/Documents/GitHub/hello-michelle-star.github.io/assets/css/main.scss 28:9  root stylesheet
DEPRECATION WARNING [import]: Sass @import rules are deprecated and will be removed in Dart Sass 3.0.0.

More info and automated migrator: https://sass-lang.com/d/import

  ╷
2 │ @import "base",
  │         ^^^^^^
  ╵
    _-sections-dir.scss 2:9                                                                       @import
    /Users/michellestar/Documents/GitHub/hello-michelle-star.github.io/assets/css/main.scss 27:9  root stylesheet
DEPRECATION WARNING [import]: Sass @import rules are deprecated and will be removed in Dart Sass 3.0.0.

More info and automated migrator: https://sass-lang.com/d/import

  ╷
3 │         "code",
  │         ^^^^^^
  ╵
    _-sections-dir.scss 3:9                                                                       @import
    /Users/michellestar/Documents/GitHub/hello-michelle-star.github.io/assets/css/main.scss 27:9  root stylesheet
DEPRECATION WARNING [import]: Sass @import rules are deprecated and will be removed in Dart Sass 3.0.0.

More info and automated migrator: https://sass-lang.com/d/import

  ╷
4 │         "default",
  │         ^^^^^^^^^
  ╵
    _-sections-dir.scss 4:9                                                                       @import
    /Users/michellestar/Documents/GitHub/hello-michelle-star.github.io/assets/css/main.scss 27:9  root stylesheet
WARNING: 7 repetitive deprecation warnings omitted.
Run in verbose mode to see all warnings.
                    ...done in 0.062562 seconds.
                    
      Regenerating: 1 file(s) changed at 2026-04-28 00:01:13
                    jekyll.log
       Jekyll Feed: Generating feed for posts
DEPRECATION WARNING [import]: Sass @import rules are deprecated and will be removed in Dart Sass 3.0.0.

More info and automated migrator: https://sass-lang.com/d/import

   ╷
27 │ @import "-sections-dir";
   │         ^^^^^^^^^^^^^^^
   ╵
    /Users/michellestar/Documents/GitHub/hello-michelle-star.github.io/assets/css/main.scss 27:9  root stylesheet
DEPRECATION WARNING [import]: Sass @import rules are deprecated and will be removed in Dart Sass 3.0.0.

More info and automated migrator: https://sass-lang.com/d/import

   ╷
28 │ @import 'about';
   │         ^^^^^^^
   ╵
    /Users/michellestar/Documents/GitHub/hello-michelle-star.github.io/assets/css/main.scss 28:9  root stylesheet
DEPRECATION WARNING [import]: Sass @import rules are deprecated and will be removed in Dart Sass 3.0.0.

More info and automated migrator: https://sass-lang.com/d/import

  ╷
2 │ @import "base",
  │         ^^^^^^
  ╵
    _-sections-dir.scss 2:9                                                                       @import
    /Users/michellestar/Documents/GitHub/hello-michelle-star.github.io/assets/css/main.scss 27:9  root stylesheet
DEPRECATION WARNING [import]: Sass @import rules are deprecated and will be removed in Dart Sass 3.0.0.

More info and automated migrator: https://sass-lang.com/d/import

  ╷
3 │         "code",
  │         ^^^^^^
  ╵
    _-sections-dir.scss 3:9                                                                       @import
    /Users/michellestar/Documents/GitHub/hello-michelle-star.github.io/assets/css/main.scss 27:9  root stylesheet
DEPRECATION WARNING [import]: Sass @import rules are deprecated and will be removed in Dart Sass 3.0.0.

More info and automated migrator: https://sass-lang.com/d/import

  ╷
4 │         "default",
  │         ^^^^^^^^^
  ╵
    _-sections-dir.scss 4:9                                                                       @import
    /Users/michellestar/Documents/GitHub/hello-michelle-star.github.io/assets/css/main.scss 27:9  root stylesheet
WARNING: 7 repetitive deprecation warnings omitted.
Run in verbose mode to see all warnings.
                    ...done in 0.047097 seconds.
                    
      Regenerating: 1 file(s) changed at 2026-04-28 00:01:18
                    jekyll.log
       Jekyll Feed: Generating feed for posts
DEPRECATION WARNING [import]: Sass @import rules are deprecated and will be removed in Dart Sass 3.0.0.

More info and automated migrator: https://sass-lang.com/d/import

   ╷
27 │ @import "-sections-dir";
   │         ^^^^^^^^^^^^^^^
   ╵
    /Users/michellestar/Documents/GitHub/hello-michelle-star.github.io/assets/css/main.scss 27:9  root stylesheet
DEPRECATION WARNING [import]: Sass @import rules are deprecated and will be removed in Dart Sass 3.0.0.

More info and automated migrator: https://sass-lang.com/d/import

   ╷
28 │ @import 'about';
   │         ^^^^^^^
   ╵
    /Users/michellestar/Documents/GitHub/hello-michelle-star.github.io/assets/css/main.scss 28:9  root stylesheet
DEPRECATION WARNING [import]: Sass @import rules are deprecated and will be removed in Dart Sass 3.0.0.

More info and automated migrator: https://sass-lang.com/d/import

  ╷
2 │ @import "base",
  │         ^^^^^^
  ╵
    _-sections-dir.scss 2:9                                                                       @import
    /Users/michellestar/Documents/GitHub/hello-michelle-star.github.io/assets/css/main.scss 27:9  root stylesheet
DEPRECATION WARNING [import]: Sass @import rules are deprecated and will be removed in Dart Sass 3.0.0.

More info and automated migrator: https://sass-lang.com/d/import

  ╷
3 │         "code",
  │         ^^^^^^
  ╵
    _-sections-dir.scss 3:9                                                                       @import
    /Users/michellestar/Documents/GitHub/hello-michelle-star.github.io/assets/css/main.scss 27:9  root stylesheet
DEPRECATION WARNING [import]: Sass @import rules are deprecated and will be removed in Dart Sass 3.0.0.

More info and automated migrator: https://sass-lang.com/d/import

  ╷
4 │         "default",
  │         ^^^^^^^^^
  ╵
    _-sections-dir.scss 4:9                                                                       @import
    /Users/michellestar/Documents/GitHub/hello-michelle-star.github.io/assets/css/main.scss 27:9  root stylesheet
WARNING: 7 repetitive deprecation warnings omitted.
Run in verbose mode to see all warnings.
                    ...done in 0.045173 seconds.
                    
      Regenerating: 1 file(s) changed at 2026-04-28 00:01:24
                    jekyll.log
       Jekyll Feed: Generating feed for posts
DEPRECATION WARNING [import]: Sass @import rules are deprecated and will be removed in Dart Sass 3.0.0.

More info and automated migrator: https://sass-lang.com/d/import

   ╷
27 │ @import "-sections-dir";
   │         ^^^^^^^^^^^^^^^
   ╵
    /Users/michellestar/Documents/GitHub/hello-michelle-star.github.io/assets/css/main.scss 27:9  root stylesheet
DEPRECATION WARNING [import]: Sass @import rules are deprecated and will be removed in Dart Sass 3.0.0.

More info and automated migrator: https://sass-lang.com/d/import

   ╷
28 │ @import 'about';
   │         ^^^^^^^
   ╵
    /Users/michellestar/Documents/GitHub/hello-michelle-star.github.io/assets/css/main.scss 28:9  root stylesheet
DEPRECATION WARNING [import]: Sass @import rules are deprecated and will be removed in Dart Sass 3.0.0.

More info and automated migrator: https://sass-lang.com/d/import

  ╷
2 │ @import "base",
  │         ^^^^^^
  ╵
    _-sections-dir.scss 2:9                                                                       @import
    /Users/michellestar/Documents/GitHub/hello-michelle-star.github.io/assets/css/main.scss 27:9  root stylesheet
DEPRECATION WARNING [import]: Sass @import rules are deprecated and will be removed in Dart Sass 3.0.0.

More info and automated migrator: https://sass-lang.com/d/import

  ╷
3 │         "code",
  │         ^^^^^^
  ╵
    _-sections-dir.scss 3:9                                                                       @import
    /Users/michellestar/Documents/GitHub/hello-michelle-star.github.io/assets/css/main.scss 27:9  root stylesheet
DEPRECATION WARNING [import]: Sass @import rules are deprecated and will be removed in Dart Sass 3.0.0.

More info and automated migrator: https://sass-lang.com/d/import

  ╷
4 │         "default",
  │         ^^^^^^^^^
  ╵
    _-sections-dir.scss 4:9                                                                       @import
    /Users/michellestar/Documents/GitHub/hello-michelle-star.github.io/assets/css/main.scss 27:9  root stylesheet
WARNING: 7 repetitive deprecation warnings omitted.
Run in verbose mode to see all warnings.
                    ...done in 0.048503 seconds.
                    
      Regenerating: 1 file(s) changed at 2026-04-28 00:01:29
                    jekyll.log
       Jekyll Feed: Generating feed for posts
DEPRECATION WARNING [import]: Sass @import rules are deprecated and will be removed in Dart Sass 3.0.0.

More info and automated migrator: https://sass-lang.com/d/import

   ╷
27 │ @import "-sections-dir";
   │         ^^^^^^^^^^^^^^^
   ╵
    /Users/michellestar/Documents/GitHub/hello-michelle-star.github.io/assets/css/main.scss 27:9  root stylesheet
DEPRECATION WARNING [import]: Sass @import rules are deprecated and will be removed in Dart Sass 3.0.0.

More info and automated migrator: https://sass-lang.com/d/import

   ╷
28 │ @import 'about';
   │         ^^^^^^^
   ╵
    /Users/michellestar/Documents/GitHub/hello-michelle-star.github.io/assets/css/main.scss 28:9  root stylesheet
DEPRECATION WARNING [import]: Sass @import rules are deprecated and will be removed in Dart Sass 3.0.0.

More info and automated migrator: https://sass-lang.com/d/import

  ╷
2 │ @import "base",
  │         ^^^^^^
  ╵
    _-sections-dir.scss 2:9                                                                       @import
    /Users/michellestar/Documents/GitHub/hello-michelle-star.github.io/assets/css/main.scss 27:9  root stylesheet
DEPRECATION WARNING [import]: Sass @import rules are deprecated and will be removed in Dart Sass 3.0.0.

More info and automated migrator: https://sass-lang.com/d/import

  ╷
3 │         "code",
  │         ^^^^^^
  ╵
    _-sections-dir.scss 3:9                                                                       @import
    /Users/michellestar/Documents/GitHub/hello-michelle-star.github.io/assets/css/main.scss 27:9  root stylesheet
DEPRECATION WARNING [import]: Sass @import rules are deprecated and will be removed in Dart Sass 3.0.0.

More info and automated migrator: https://sass-lang.com/d/import

  ╷
4 │         "default",
  │         ^^^^^^^^^
  ╵
    _-sections-dir.scss 4:9                                                                       @import
    /Users/michellestar/Documents/GitHub/hello-michelle-star.github.io/assets/css/main.scss 27:9  root stylesheet
WARNING: 7 repetitive deprecation warnings omitted.
Run in verbose mode to see all warnings.
                    ...done in 0.047328 seconds.
                    
      Regenerating: 1 file(s) changed at 2026-04-28 00:01:35
                    jekyll.log
       Jekyll Feed: Generating feed for posts
DEPRECATION WARNING [import]: Sass @import rules are deprecated and will be removed in Dart Sass 3.0.0.

More info and automated migrator: https://sass-lang.com/d/import

   ╷
27 │ @import "-sections-dir";
   │         ^^^^^^^^^^^^^^^
   ╵
    /Users/michellestar/Documents/GitHub/hello-michelle-star.github.io/assets/css/main.scss 27:9  root stylesheet
DEPRECATION WARNING [import]: Sass @import rules are deprecated and will be removed in Dart Sass 3.0.0.

More info and automated migrator: https://sass-lang.com/d/import

   ╷
28 │ @import 'about';
   │         ^^^^^^^
   ╵
    /Users/michellestar/Documents/GitHub/hello-michelle-star.github.io/assets/css/main.scss 28:9  root stylesheet
DEPRECATION WARNING [import]: Sass @import rules are deprecated and will be removed in Dart Sass 3.0.0.

More info and automated migrator: https://sass-lang.com/d/import

  ╷
2 │ @import "base",
  │         ^^^^^^
  ╵
    _-sections-dir.scss 2:9                                                                       @import
    /Users/michellestar/Documents/GitHub/hello-michelle-star.github.io/assets/css/main.scss 27:9  root stylesheet
DEPRECATION WARNING [import]: Sass @import rules are deprecated and will be removed in Dart Sass 3.0.0.

More info and automated migrator: https://sass-lang.com/d/import

  ╷
3 │         "code",
  │         ^^^^^^
  ╵
    _-sections-dir.scss 3:9                                                                       @import
    /Users/michellestar/Documents/GitHub/hello-michelle-star.github.io/assets/css/main.scss 27:9  root stylesheet
DEPRECATION WARNING [import]: Sass @import rules are deprecated and will be removed in Dart Sass 3.0.0.

More info and automated migrator: https://sass-lang.com/d/import

  ╷
4 │         "default",
  │         ^^^^^^^^^
  ╵
    _-sections-dir.scss 4:9                                                                       @import
    /Users/michellestar/Documents/GitHub/hello-michelle-star.github.io/assets/css/main.scss 27:9  root stylesheet
WARNING: 7 repetitive deprecation warnings omitted.
Run in verbose mode to see all warnings.
                    ...done in 0.046101 seconds.
                    
      Regenerating: 1 file(s) changed at 2026-04-28 00:01:41
                    jekyll.log
       Jekyll Feed: Generating feed for posts
DEPRECATION WARNING [import]: Sass @import rules are deprecated and will be removed in Dart Sass 3.0.0.

More info and automated migrator: https://sass-lang.com/d/import

   ╷
27 │ @import "-sections-dir";
   │         ^^^^^^^^^^^^^^^
   ╵
    /Users/michellestar/Documents/GitHub/hello-michelle-star.github.io/assets/css/main.scss 27:9  root stylesheet
DEPRECATION WARNING [import]: Sass @import rules are deprecated and will be removed in Dart Sass 3.0.0.

More info and automated migrator: https://sass-lang.com/d/import

   ╷
28 │ @import 'about';
   │         ^^^^^^^
   ╵
    /Users/michellestar/Documents/GitHub/hello-michelle-star.github.io/assets/css/main.scss 28:9  root stylesheet
DEPRECATION WARNING [import]: Sass @import rules are deprecated and will be removed in Dart Sass 3.0.0.

More info and automated migrator: https://sass-lang.com/d/import

  ╷
2 │ @import "base",
  │         ^^^^^^
  ╵
    _-sections-dir.scss 2:9                                                                       @import
    /Users/michellestar/Documents/GitHub/hello-michelle-star.github.io/assets/css/main.scss 27:9  root stylesheet
DEPRECATION WARNING [import]: Sass @import rules are deprecated and will be removed in Dart Sass 3.0.0.

More info and automated migrator: https://sass-lang.com/d/import

  ╷
3 │         "code",
  │         ^^^^^^
  ╵
    _-sections-dir.scss 3:9                                                                       @import
    /Users/michellestar/Documents/GitHub/hello-michelle-star.github.io/assets/css/main.scss 27:9  root stylesheet
DEPRECATION WARNING [import]: Sass @import rules are deprecated and will be removed in Dart Sass 3.0.0.

More info and automated migrator: https://sass-lang.com/d/import

  ╷
4 │         "default",
  │         ^^^^^^^^^
  ╵
    _-sections-dir.scss 4:9                                                                       @import
    /Users/michellestar/Documents/GitHub/hello-michelle-star.github.io/assets/css/main.scss 27:9  root stylesheet
WARNING: 7 repetitive deprecation warnings omitted.
Run in verbose mode to see all warnings.
                    ...done in 0.058546 seconds.
                    
      Regenerating: 1 file(s) changed at 2026-04-28 00:01:46
                    jekyll.log
       Jekyll Feed: Generating feed for posts
DEPRECATION WARNING [import]: Sass @import rules are deprecated and will be removed in Dart Sass 3.0.0.

More info and automated migrator: https://sass-lang.com/d/import

   ╷
27 │ @import "-sections-dir";
   │         ^^^^^^^^^^^^^^^
   ╵
    /Users/michellestar/Documents/GitHub/hello-michelle-star.github.io/assets/css/main.scss 27:9  root stylesheet
DEPRECATION WARNING [import]: Sass @import rules are deprecated and will be removed in Dart Sass 3.0.0.

More info and automated migrator: https://sass-lang.com/d/import

   ╷
28 │ @import 'about';
   │         ^^^^^^^
   ╵
    /Users/michellestar/Documents/GitHub/hello-michelle-star.github.io/assets/css/main.scss 28:9  root stylesheet
DEPRECATION WARNING [import]: Sass @import rules are deprecated and will be removed in Dart Sass 3.0.0.

More info and automated migrator: https://sass-lang.com/d/import

  ╷
2 │ @import "base",
  │         ^^^^^^
  ╵
    _-sections-dir.scss 2:9                                                                       @import
    /Users/michellestar/Documents/GitHub/hello-michelle-star.github.io/assets/css/main.scss 27:9  root stylesheet
DEPRECATION WARNING [import]: Sass @import rules are deprecated and will be removed in Dart Sass 3.0.0.

More info and automated migrator: https://sass-lang.com/d/import

  ╷
3 │         "code",
  │         ^^^^^^
  ╵
    _-sections-dir.scss 3:9                                                                       @import
    /Users/michellestar/Documents/GitHub/hello-michelle-star.github.io/assets/css/main.scss 27:9  root stylesheet
DEPRECATION WARNING [import]: Sass @import rules are deprecated and will be removed in Dart Sass 3.0.0.

More info and automated migrator: https://sass-lang.com/d/import

  ╷
4 │         "default",
  │         ^^^^^^^^^
  ╵
    _-sections-dir.scss 4:9                                                                       @import
    /Users/michellestar/Documents/GitHub/hello-michelle-star.github.io/assets/css/main.scss 27:9  root stylesheet
WARNING: 7 repetitive deprecation warnings omitted.
Run in verbose mode to see all warnings.
                    ...done in 0.047966 seconds.
                    
      Regenerating: 1 file(s) changed at 2026-04-28 00:01:49
                    jekyll.log
       Jekyll Feed: Generating feed for posts
DEPRECATION WARNING [import]: Sass @import rules are deprecated and will be removed in Dart Sass 3.0.0.

More info and automated migrator: https://sass-lang.com/d/import

   ╷
27 │ @import "-sections-dir";
   │         ^^^^^^^^^^^^^^^
   ╵
    /Users/michellestar/Documents/GitHub/hello-michelle-star.github.io/assets/css/main.scss 27:9  root stylesheet
DEPRECATION WARNING [import]: Sass @import rules are deprecated and will be removed in Dart Sass 3.0.0.

More info and automated migrator: https://sass-lang.com/d/import

   ╷
28 │ @import 'about';
   │         ^^^^^^^
   ╵
    /Users/michellestar/Documents/GitHub/hello-michelle-star.github.io/assets/css/main.scss 28:9  root stylesheet
DEPRECATION WARNING [import]: Sass @import rules are deprecated and will be removed in Dart Sass 3.0.0.

More info and automated migrator: https://sass-lang.com/d/import

  ╷
2 │ @import "base",
  │         ^^^^^^
  ╵
    _-sections-dir.scss 2:9                                                                       @import
    /Users/michellestar/Documents/GitHub/hello-michelle-star.github.io/assets/css/main.scss 27:9  root stylesheet
DEPRECATION WARNING [import]: Sass @import rules are deprecated and will be removed in Dart Sass 3.0.0.

More info and automated migrator: https://sass-lang.com/d/import

  ╷
3 │         "code",
  │         ^^^^^^
  ╵
    _-sections-dir.scss 3:9                                                                       @import
    /Users/michellestar/Documents/GitHub/hello-michelle-star.github.io/assets/css/main.scss 27:9  root stylesheet
DEPRECATION WARNING [import]: Sass @import rules are deprecated and will be removed in Dart Sass 3.0.0.

More info and automated migrator: https://sass-lang.com/d/import

  ╷
4 │         "default",
  │         ^^^^^^^^^
  ╵
    _-sections-dir.scss 4:9                                                                       @import
    /Users/michellestar/Documents/GitHub/hello-michelle-star.github.io/assets/css/main.scss 27:9  root stylesheet
WARNING: 7 repetitive deprecation warnings omitted.
Run in verbose mode to see all warnings.
                    ...done in 0.055458 seconds.
                    
      Regenerating: 1 file(s) changed at 2026-04-28 00:01:53
                    jekyll.log
       Jekyll Feed: Generating feed for posts
DEPRECATION WARNING [import]: Sass @import rules are deprecated and will be removed in Dart Sass 3.0.0.

More info and automated migrator: https://sass-lang.com/d/import

   ╷
27 │ @import "-sections-dir";
   │         ^^^^^^^^^^^^^^^
   ╵
    /Users/michellestar/Documents/GitHub/hello-michelle-star.github.io/assets/css/main.scss 27:9  root stylesheet
DEPRECATION WARNING [import]: Sass @import rules are deprecated and will be removed in Dart Sass 3.0.0.

More info and automated migrator: https://sass-lang.com/d/import

   ╷
28 │ @import 'about';
   │         ^^^^^^^
   ╵
    /Users/michellestar/Documents/GitHub/hello-michelle-star.github.io/assets/css/main.scss 28:9  root stylesheet
DEPRECATION WARNING [import]: Sass @import rules are deprecated and will be removed in Dart Sass 3.0.0.

More info and automated migrator: https://sass-lang.com/d/import

  ╷
2 │ @import "base",
  │         ^^^^^^
  ╵
    _-sections-dir.scss 2:9                                                                       @import
    /Users/michellestar/Documents/GitHub/hello-michelle-star.github.io/assets/css/main.scss 27:9  root stylesheet
DEPRECATION WARNING [import]: Sass @import rules are deprecated and will be removed in Dart Sass 3.0.0.

More info and automated migrator: https://sass-lang.com/d/import

  ╷
3 │         "code",
  │         ^^^^^^
  ╵
    _-sections-dir.scss 3:9                                                                       @import
    /Users/michellestar/Documents/GitHub/hello-michelle-star.github.io/assets/css/main.scss 27:9  root stylesheet
DEPRECATION WARNING [import]: Sass @import rules are deprecated and will be removed in Dart Sass 3.0.0.

More info and automated migrator: https://sass-lang.com/d/import

  ╷
4 │         "default",
  │         ^^^^^^^^^
  ╵
    _-sections-dir.scss 4:9                                                                       @import
    /Users/michellestar/Documents/GitHub/hello-michelle-star.github.io/assets/css/main.scss 27:9  root stylesheet
WARNING: 7 repetitive deprecation warnings omitted.
Run in verbose mode to see all warnings.
                    ...done in 0.053309 seconds.
                    
      Regenerating: 1 file(s) changed at 2026-04-28 00:01:56
                    jekyll.log
       Jekyll Feed: Generating feed for posts
DEPRECATION WARNING [import]: Sass @import rules are deprecated and will be removed in Dart Sass 3.0.0.

More info and automated migrator: https://sass-lang.com/d/import

   ╷
27 │ @import "-sections-dir";
   │         ^^^^^^^^^^^^^^^
   ╵
    /Users/michellestar/Documents/GitHub/hello-michelle-star.github.io/assets/css/main.scss 27:9  root stylesheet
DEPRECATION WARNING [import]: Sass @import rules are deprecated and will be removed in Dart Sass 3.0.0.

More info and automated migrator: https://sass-lang.com/d/import

   ╷
28 │ @import 'about';
   │         ^^^^^^^
   ╵
    /Users/michellestar/Documents/GitHub/hello-michelle-star.github.io/assets/css/main.scss 28:9  root stylesheet
DEPRECATION WARNING [import]: Sass @import rules are deprecated and will be removed in Dart Sass 3.0.0.

More info and automated migrator: https://sass-lang.com/d/import

  ╷
2 │ @import "base",
  │         ^^^^^^
  ╵
    _-sections-dir.scss 2:9                                                                       @import
    /Users/michellestar/Documents/GitHub/hello-michelle-star.github.io/assets/css/main.scss 27:9  root stylesheet
DEPRECATION WARNING [import]: Sass @import rules are deprecated and will be removed in Dart Sass 3.0.0.

More info and automated migrator: https://sass-lang.com/d/import

  ╷
3 │         "code",
  │         ^^^^^^
  ╵
    _-sections-dir.scss 3:9                                                                       @import
    /Users/michellestar/Documents/GitHub/hello-michelle-star.github.io/assets/css/main.scss 27:9  root stylesheet
DEPRECATION WARNING [import]: Sass @import rules are deprecated and will be removed in Dart Sass 3.0.0.

More info and automated migrator: https://sass-lang.com/d/import

  ╷
4 │         "default",
  │         ^^^^^^^^^
  ╵
    _-sections-dir.scss 4:9                                                                       @import
    /Users/michellestar/Documents/GitHub/hello-michelle-star.github.io/assets/css/main.scss 27:9  root stylesheet
WARNING: 7 repetitive deprecation warnings omitted.
Run in verbose mode to see all warnings.
                    ...done in 0.050957 seconds.
                    
      Regenerating: 1 file(s) changed at 2026-04-28 00:02:00
                    jekyll.log
       Jekyll Feed: Generating feed for posts
DEPRECATION WARNING [import]: Sass @import rules are deprecated and will be removed in Dart Sass 3.0.0.

More info and automated migrator: https://sass-lang.com/d/import

   ╷
27 │ @import "-sections-dir";
   │         ^^^^^^^^^^^^^^^
   ╵
    /Users/michellestar/Documents/GitHub/hello-michelle-star.github.io/assets/css/main.scss 27:9  root stylesheet
DEPRECATION WARNING [import]: Sass @import rules are deprecated and will be removed in Dart Sass 3.0.0.

More info and automated migrator: https://sass-lang.com/d/import

   ╷
28 │ @import 'about';
   │         ^^^^^^^
   ╵
    /Users/michellestar/Documents/GitHub/hello-michelle-star.github.io/assets/css/main.scss 28:9  root stylesheet
DEPRECATION WARNING [import]: Sass @import rules are deprecated and will be removed in Dart Sass 3.0.0.

More info and automated migrator: https://sass-lang.com/d/import

  ╷
2 │ @import "base",
  │         ^^^^^^
  ╵
    _-sections-dir.scss 2:9                                                                       @import
    /Users/michellestar/Documents/GitHub/hello-michelle-star.github.io/assets/css/main.scss 27:9  root stylesheet
DEPRECATION WARNING [import]: Sass @import rules are deprecated and will be removed in Dart Sass 3.0.0.

More info and automated migrator: https://sass-lang.com/d/import

  ╷
3 │         "code",
  │         ^^^^^^
  ╵
    _-sections-dir.scss 3:9                                                                       @import
    /Users/michellestar/Documents/GitHub/hello-michelle-star.github.io/assets/css/main.scss 27:9  root stylesheet
DEPRECATION WARNING [import]: Sass @import rules are deprecated and will be removed in Dart Sass 3.0.0.

More info and automated migrator: https://sass-lang.com/d/import

  ╷
4 │         "default",
  │         ^^^^^^^^^
  ╵
    _-sections-dir.scss 4:9                                                                       @import
    /Users/michellestar/Documents/GitHub/hello-michelle-star.github.io/assets/css/main.scss 27:9  root stylesheet
WARNING: 7 repetitive deprecation warnings omitted.
Run in verbose mode to see all warnings.
                    ...done in 0.054051 seconds.
                    
      Regenerating: 1 file(s) changed at 2026-04-28 00:02:03
                    jekyll.log
       Jekyll Feed: Generating feed for posts
DEPRECATION WARNING [import]: Sass @import rules are deprecated and will be removed in Dart Sass 3.0.0.

More info and automated migrator: https://sass-lang.com/d/import

   ╷
27 │ @import "-sections-dir";
   │         ^^^^^^^^^^^^^^^
   ╵
    /Users/michellestar/Documents/GitHub/hello-michelle-star.github.io/assets/css/main.scss 27:9  root stylesheet
DEPRECATION WARNING [import]: Sass @import rules are deprecated and will be removed in Dart Sass 3.0.0.

More info and automated migrator: https://sass-lang.com/d/import

   ╷
28 │ @import 'about';
   │         ^^^^^^^
   ╵
    /Users/michellestar/Documents/GitHub/hello-michelle-star.github.io/assets/css/main.scss 28:9  root stylesheet
DEPRECATION WARNING [import]: Sass @import rules are deprecated and will be removed in Dart Sass 3.0.0.

More info and automated migrator: https://sass-lang.com/d/import

  ╷
2 │ @import "base",
  │         ^^^^^^
  ╵
    _-sections-dir.scss 2:9                                                                       @import
    /Users/michellestar/Documents/GitHub/hello-michelle-star.github.io/assets/css/main.scss 27:9  root stylesheet
DEPRECATION WARNING [import]: Sass @import rules are deprecated and will be removed in Dart Sass 3.0.0.

More info and automated migrator: https://sass-lang.com/d/import

  ╷
3 │         "code",
  │         ^^^^^^
  ╵
    _-sections-dir.scss 3:9                                                                       @import
    /Users/michellestar/Documents/GitHub/hello-michelle-star.github.io/assets/css/main.scss 27:9  root stylesheet
DEPRECATION WARNING [import]: Sass @import rules are deprecated and will be removed in Dart Sass 3.0.0.

More info and automated migrator: https://sass-lang.com/d/import

  ╷
4 │         "default",
  │         ^^^^^^^^^
  ╵
    _-sections-dir.scss 4:9                                                                       @import
    /Users/michellestar/Documents/GitHub/hello-michelle-star.github.io/assets/css/main.scss 27:9  root stylesheet
WARNING: 7 repetitive deprecation warnings omitted.
Run in verbose mode to see all warnings.
                    ...done in 0.051202 seconds.
                    
      Regenerating: 1 file(s) changed at 2026-04-28 00:02:08
                    jekyll.log
       Jekyll Feed: Generating feed for posts
DEPRECATION WARNING [import]: Sass @import rules are deprecated and will be removed in Dart Sass 3.0.0.

More info and automated migrator: https://sass-lang.com/d/import

   ╷
27 │ @import "-sections-dir";
   │         ^^^^^^^^^^^^^^^
   ╵
    /Users/michellestar/Documents/GitHub/hello-michelle-star.github.io/assets/css/main.scss 27:9  root stylesheet
DEPRECATION WARNING [import]: Sass @import rules are deprecated and will be removed in Dart Sass 3.0.0.

More info and automated migrator: https://sass-lang.com/d/import

   ╷
28 │ @import 'about';
   │         ^^^^^^^
   ╵
    /Users/michellestar/Documents/GitHub/hello-michelle-star.github.io/assets/css/main.scss 28:9  root stylesheet
DEPRECATION WARNING [import]: Sass @import rules are deprecated and will be removed in Dart Sass 3.0.0.

More info and automated migrator: https://sass-lang.com/d/import

  ╷
2 │ @import "base",
  │         ^^^^^^
  ╵
    _-sections-dir.scss 2:9                                                                       @import
    /Users/michellestar/Documents/GitHub/hello-michelle-star.github.io/assets/css/main.scss 27:9  root stylesheet
DEPRECATION WARNING [import]: Sass @import rules are deprecated and will be removed in Dart Sass 3.0.0.

More info and automated migrator: https://sass-lang.com/d/import

  ╷
3 │         "code",
  │         ^^^^^^
  ╵
    _-sections-dir.scss 3:9                                                                       @import
    /Users/michellestar/Documents/GitHub/hello-michelle-star.github.io/assets/css/main.scss 27:9  root stylesheet
DEPRECATION WARNING [import]: Sass @import rules are deprecated and will be removed in Dart Sass 3.0.0.

More info and automated migrator: https://sass-lang.com/d/import

  ╷
4 │         "default",
  │         ^^^^^^^^^
  ╵
    _-sections-dir.scss 4:9                                                                       @import
    /Users/michellestar/Documents/GitHub/hello-michelle-star.github.io/assets/css/main.scss 27:9  root stylesheet
WARNING: 7 repetitive deprecation warnings omitted.
Run in verbose mode to see all warnings.
                    ...done in 0.044677 seconds.
                    
      Regenerating: 1 file(s) changed at 2026-04-28 00:02:12
                    jekyll.log
       Jekyll Feed: Generating feed for posts
DEPRECATION WARNING [import]: Sass @import rules are deprecated and will be removed in Dart Sass 3.0.0.

More info and automated migrator: https://sass-lang.com/d/import

   ╷
27 │ @import "-sections-dir";
   │         ^^^^^^^^^^^^^^^
   ╵
    /Users/michellestar/Documents/GitHub/hello-michelle-star.github.io/assets/css/main.scss 27:9  root stylesheet
DEPRECATION WARNING [import]: Sass @import rules are deprecated and will be removed in Dart Sass 3.0.0.

More info and automated migrator: https://sass-lang.com/d/import

   ╷
28 │ @import 'about';
   │         ^^^^^^^
   ╵
    /Users/michellestar/Documents/GitHub/hello-michelle-star.github.io/assets/css/main.scss 28:9  root stylesheet
DEPRECATION WARNING [import]: Sass @import rules are deprecated and will be removed in Dart Sass 3.0.0.

More info and automated migrator: https://sass-lang.com/d/import

  ╷
2 │ @import "base",
  │         ^^^^^^
  ╵
    _-sections-dir.scss 2:9                                                                       @import
    /Users/michellestar/Documents/GitHub/hello-michelle-star.github.io/assets/css/main.scss 27:9  root stylesheet
DEPRECATION WARNING [import]: Sass @import rules are deprecated and will be removed in Dart Sass 3.0.0.

More info and automated migrator: https://sass-lang.com/d/import

  ╷
3 │         "code",
  │         ^^^^^^
  ╵
    _-sections-dir.scss 3:9                                                                       @import
    /Users/michellestar/Documents/GitHub/hello-michelle-star.github.io/assets/css/main.scss 27:9  root stylesheet
DEPRECATION WARNING [import]: Sass @import rules are deprecated and will be removed in Dart Sass 3.0.0.

More info and automated migrator: https://sass-lang.com/d/import

  ╷
4 │         "default",
  │         ^^^^^^^^^
  ╵
    _-sections-dir.scss 4:9                                                                       @import
    /Users/michellestar/Documents/GitHub/hello-michelle-star.github.io/assets/css/main.scss 27:9  root stylesheet
WARNING: 7 repetitive deprecation warnings omitted.
Run in verbose mode to see all warnings.
                    ...done in 0.040305 seconds.
                    
      Regenerating: 1 file(s) changed at 2026-04-28 00:02:17
                    jekyll.log
       Jekyll Feed: Generating feed for posts
DEPRECATION WARNING [import]: Sass @import rules are deprecated and will be removed in Dart Sass 3.0.0.

More info and automated migrator: https://sass-lang.com/d/import

   ╷
27 │ @import "-sections-dir";
   │         ^^^^^^^^^^^^^^^
   ╵
    /Users/michellestar/Documents/GitHub/hello-michelle-star.github.io/assets/css/main.scss 27:9  root stylesheet
DEPRECATION WARNING [import]: Sass @import rules are deprecated and will be removed in Dart Sass 3.0.0.

More info and automated migrator: https://sass-lang.com/d/import

   ╷
28 │ @import 'about';
   │         ^^^^^^^
   ╵
    /Users/michellestar/Documents/GitHub/hello-michelle-star.github.io/assets/css/main.scss 28:9  root stylesheet
DEPRECATION WARNING [import]: Sass @import rules are deprecated and will be removed in Dart Sass 3.0.0.

More info and automated migrator: https://sass-lang.com/d/import

  ╷
2 │ @import "base",
  │         ^^^^^^
  ╵
    _-sections-dir.scss 2:9                                                                       @import
    /Users/michellestar/Documents/GitHub/hello-michelle-star.github.io/assets/css/main.scss 27:9  root stylesheet
DEPRECATION WARNING [import]: Sass @import rules are deprecated and will be removed in Dart Sass 3.0.0.

More info and automated migrator: https://sass-lang.com/d/import

  ╷
3 │         "code",
  │         ^^^^^^
  ╵
    _-sections-dir.scss 3:9                                                                       @import
    /Users/michellestar/Documents/GitHub/hello-michelle-star.github.io/assets/css/main.scss 27:9  root stylesheet
DEPRECATION WARNING [import]: Sass @import rules are deprecated and will be removed in Dart Sass 3.0.0.

More info and automated migrator: https://sass-lang.com/d/import

  ╷
4 │         "default",
  │         ^^^^^^^^^
  ╵
    _-sections-dir.scss 4:9                                                                       @import
    /Users/michellestar/Documents/GitHub/hello-michelle-star.github.io/assets/css/main.scss 27:9  root stylesheet
WARNING: 7 repetitive deprecation warnings omitted.
Run in verbose mode to see all warnings.
                    ...done in 0.049552 seconds.
                    
      Regenerating: 1 file(s) changed at 2026-04-28 00:02:22
                    jekyll.log
       Jekyll Feed: Generating feed for posts
DEPRECATION WARNING [import]: Sass @import rules are deprecated and will be removed in Dart Sass 3.0.0.

More info and automated migrator: https://sass-lang.com/d/import

   ╷
27 │ @import "-sections-dir";
   │         ^^^^^^^^^^^^^^^
   ╵
    /Users/michellestar/Documents/GitHub/hello-michelle-star.github.io/assets/css/main.scss 27:9  root stylesheet
DEPRECATION WARNING [import]: Sass @import rules are deprecated and will be removed in Dart Sass 3.0.0.

More info and automated migrator: https://sass-lang.com/d/import

   ╷
28 │ @import 'about';
   │         ^^^^^^^
   ╵
    /Users/michellestar/Documents/GitHub/hello-michelle-star.github.io/assets/css/main.scss 28:9  root stylesheet
DEPRECATION WARNING [import]: Sass @import rules are deprecated and will be removed in Dart Sass 3.0.0.

More info and automated migrator: https://sass-lang.com/d/import

  ╷
2 │ @import "base",
  │         ^^^^^^
  ╵
    _-sections-dir.scss 2:9                                                                       @import
    /Users/michellestar/Documents/GitHub/hello-michelle-star.github.io/assets/css/main.scss 27:9  root stylesheet
DEPRECATION WARNING [import]: Sass @import rules are deprecated and will be removed in Dart Sass 3.0.0.

More info and automated migrator: https://sass-lang.com/d/import

  ╷
3 │         "code",
  │         ^^^^^^
  ╵
    _-sections-dir.scss 3:9                                                                       @import
    /Users/michellestar/Documents/GitHub/hello-michelle-star.github.io/assets/css/main.scss 27:9  root stylesheet
DEPRECATION WARNING [import]: Sass @import rules are deprecated and will be removed in Dart Sass 3.0.0.

More info and automated migrator: https://sass-lang.com/d/import

  ╷
4 │         "default",
  │         ^^^^^^^^^
  ╵
    _-sections-dir.scss 4:9                                                                       @import
    /Users/michellestar/Documents/GitHub/hello-michelle-star.github.io/assets/css/main.scss 27:9  root stylesheet
WARNING: 7 repetitive deprecation warnings omitted.
Run in verbose mode to see all warnings.
                    ...done in 0.044006 seconds.
                    
      Regenerating: 1 file(s) changed at 2026-04-28 00:02:26
                    jekyll.log
       Jekyll Feed: Generating feed for posts
DEPRECATION WARNING [import]: Sass @import rules are deprecated and will be removed in Dart Sass 3.0.0.

More info and automated migrator: https://sass-lang.com/d/import

   ╷
27 │ @import "-sections-dir";
   │         ^^^^^^^^^^^^^^^
   ╵
    /Users/michellestar/Documents/GitHub/hello-michelle-star.github.io/assets/css/main.scss 27:9  root stylesheet
DEPRECATION WARNING [import]: Sass @import rules are deprecated and will be removed in Dart Sass 3.0.0.

More info and automated migrator: https://sass-lang.com/d/import

   ╷
28 │ @import 'about';
   │         ^^^^^^^
   ╵
    /Users/michellestar/Documents/GitHub/hello-michelle-star.github.io/assets/css/main.scss 28:9  root stylesheet
DEPRECATION WARNING [import]: Sass @import rules are deprecated and will be removed in Dart Sass 3.0.0.

More info and automated migrator: https://sass-lang.com/d/import

  ╷
2 │ @import "base",
  │         ^^^^^^
  ╵
    _-sections-dir.scss 2:9                                                                       @import
    /Users/michellestar/Documents/GitHub/hello-michelle-star.github.io/assets/css/main.scss 27:9  root stylesheet
DEPRECATION WARNING [import]: Sass @import rules are deprecated and will be removed in Dart Sass 3.0.0.

More info and automated migrator: https://sass-lang.com/d/import

  ╷
3 │         "code",
  │         ^^^^^^
  ╵
    _-sections-dir.scss 3:9                                                                       @import
    /Users/michellestar/Documents/GitHub/hello-michelle-star.github.io/assets/css/main.scss 27:9  root stylesheet
DEPRECATION WARNING [import]: Sass @import rules are deprecated and will be removed in Dart Sass 3.0.0.

More info and automated migrator: https://sass-lang.com/d/import

  ╷
4 │         "default",
  │         ^^^^^^^^^
  ╵
    _-sections-dir.scss 4:9                                                                       @import
    /Users/michellestar/Documents/GitHub/hello-michelle-star.github.io/assets/css/main.scss 27:9  root stylesheet
WARNING: 7 repetitive deprecation warnings omitted.
Run in verbose mode to see all warnings.
                    ...done in 0.038698 seconds.
                    
      Regenerating: 1 file(s) changed at 2026-04-28 00:02:29
                    jekyll.log
       Jekyll Feed: Generating feed for posts
DEPRECATION WARNING [import]: Sass @import rules are deprecated and will be removed in Dart Sass 3.0.0.

More info and automated migrator: https://sass-lang.com/d/import

   ╷
27 │ @import "-sections-dir";
   │         ^^^^^^^^^^^^^^^
   ╵
    /Users/michellestar/Documents/GitHub/hello-michelle-star.github.io/assets/css/main.scss 27:9  root stylesheet
DEPRECATION WARNING [import]: Sass @import rules are deprecated and will be removed in Dart Sass 3.0.0.

More info and automated migrator: https://sass-lang.com/d/import

   ╷
28 │ @import 'about';
   │         ^^^^^^^
   ╵
    /Users/michellestar/Documents/GitHub/hello-michelle-star.github.io/assets/css/main.scss 28:9  root stylesheet
DEPRECATION WARNING [import]: Sass @import rules are deprecated and will be removed in Dart Sass 3.0.0.

More info and automated migrator: https://sass-lang.com/d/import

  ╷
2 │ @import "base",
  │         ^^^^^^
  ╵
    _-sections-dir.scss 2:9                                                                       @import
    /Users/michellestar/Documents/GitHub/hello-michelle-star.github.io/assets/css/main.scss 27:9  root stylesheet
DEPRECATION WARNING [import]: Sass @import rules are deprecated and will be removed in Dart Sass 3.0.0.

More info and automated migrator: https://sass-lang.com/d/import

  ╷
3 │         "code",
  │         ^^^^^^
  ╵
    _-sections-dir.scss 3:9                                                                       @import
    /Users/michellestar/Documents/GitHub/hello-michelle-star.github.io/assets/css/main.scss 27:9  root stylesheet
DEPRECATION WARNING [import]: Sass @import rules are deprecated and will be removed in Dart Sass 3.0.0.

More info and automated migrator: https://sass-lang.com/d/import

  ╷
4 │         "default",
  │         ^^^^^^^^^
  ╵
    _-sections-dir.scss 4:9                                                                       @import
    /Users/michellestar/Documents/GitHub/hello-michelle-star.github.io/assets/css/main.scss 27:9  root stylesheet
WARNING: 7 repetitive deprecation warnings omitted.
Run in verbose mode to see all warnings.
                    ...done in 0.061746 seconds.
                    
      Regenerating: 1 file(s) changed at 2026-04-28 00:02:33
                    jekyll.log
       Jekyll Feed: Generating feed for posts
DEPRECATION WARNING [import]: Sass @import rules are deprecated and will be removed in Dart Sass 3.0.0.

More info and automated migrator: https://sass-lang.com/d/import

   ╷
27 │ @import "-sections-dir";
   │         ^^^^^^^^^^^^^^^
   ╵
    /Users/michellestar/Documents/GitHub/hello-michelle-star.github.io/assets/css/main.scss 27:9  root stylesheet
DEPRECATION WARNING [import]: Sass @import rules are deprecated and will be removed in Dart Sass 3.0.0.

More info and automated migrator: https://sass-lang.com/d/import

   ╷
28 │ @import 'about';
   │         ^^^^^^^
   ╵
    /Users/michellestar/Documents/GitHub/hello-michelle-star.github.io/assets/css/main.scss 28:9  root stylesheet
DEPRECATION WARNING [import]: Sass @import rules are deprecated and will be removed in Dart Sass 3.0.0.

More info and automated migrator: https://sass-lang.com/d/import

  ╷
2 │ @import "base",
  │         ^^^^^^
  ╵
    _-sections-dir.scss 2:9                                                                       @import
    /Users/michellestar/Documents/GitHub/hello-michelle-star.github.io/assets/css/main.scss 27:9  root stylesheet
DEPRECATION WARNING [import]: Sass @import rules are deprecated and will be removed in Dart Sass 3.0.0.

More info and automated migrator: https://sass-lang.com/d/import

  ╷
3 │         "code",
  │         ^^^^^^
  ╵
    _-sections-dir.scss 3:9                                                                       @import
    /Users/michellestar/Documents/GitHub/hello-michelle-star.github.io/assets/css/main.scss 27:9  root stylesheet
DEPRECATION WARNING [import]: Sass @import rules are deprecated and will be removed in Dart Sass 3.0.0.

More info and automated migrator: https://sass-lang.com/d/import

  ╷
4 │         "default",
  │         ^^^^^^^^^
  ╵
    _-sections-dir.scss 4:9                                                                       @import
    /Users/michellestar/Documents/GitHub/hello-michelle-star.github.io/assets/css/main.scss 27:9  root stylesheet
WARNING: 7 repetitive deprecation warnings omitted.
Run in verbose mode to see all warnings.
                    ...done in 0.051638 seconds.
                    
      Regenerating: 1 file(s) changed at 2026-04-28 00:02:38
                    jekyll.log
       Jekyll Feed: Generating feed for posts
DEPRECATION WARNING [import]: Sass @import rules are deprecated and will be removed in Dart Sass 3.0.0.

More info and automated migrator: https://sass-lang.com/d/import

   ╷
27 │ @import "-sections-dir";
   │         ^^^^^^^^^^^^^^^
   ╵
    /Users/michellestar/Documents/GitHub/hello-michelle-star.github.io/assets/css/main.scss 27:9  root stylesheet
DEPRECATION WARNING [import]: Sass @import rules are deprecated and will be removed in Dart Sass 3.0.0.

More info and automated migrator: https://sass-lang.com/d/import

   ╷
28 │ @import 'about';
   │         ^^^^^^^
   ╵
    /Users/michellestar/Documents/GitHub/hello-michelle-star.github.io/assets/css/main.scss 28:9  root stylesheet
DEPRECATION WARNING [import]: Sass @import rules are deprecated and will be removed in Dart Sass 3.0.0.

More info and automated migrator: https://sass-lang.com/d/import

  ╷
2 │ @import "base",
  │         ^^^^^^
  ╵
    _-sections-dir.scss 2:9                                                                       @import
    /Users/michellestar/Documents/GitHub/hello-michelle-star.github.io/assets/css/main.scss 27:9  root stylesheet
DEPRECATION WARNING [import]: Sass @import rules are deprecated and will be removed in Dart Sass 3.0.0.

More info and automated migrator: https://sass-lang.com/d/import

  ╷
3 │         "code",
  │         ^^^^^^
  ╵
    _-sections-dir.scss 3:9                                                                       @import
    /Users/michellestar/Documents/GitHub/hello-michelle-star.github.io/assets/css/main.scss 27:9  root stylesheet
DEPRECATION WARNING [import]: Sass @import rules are deprecated and will be removed in Dart Sass 3.0.0.

More info and automated migrator: https://sass-lang.com/d/import

  ╷
4 │         "default",
  │         ^^^^^^^^^
  ╵
    _-sections-dir.scss 4:9                                                                       @import
    /Users/michellestar/Documents/GitHub/hello-michelle-star.github.io/assets/css/main.scss 27:9  root stylesheet
WARNING: 7 repetitive deprecation warnings omitted.
Run in verbose mode to see all warnings.
                    ...done in 0.045235 seconds.
                    
      Regenerating: 1 file(s) changed at 2026-04-28 00:02:43
                    jekyll.log
       Jekyll Feed: Generating feed for posts
DEPRECATION WARNING [import]: Sass @import rules are deprecated and will be removed in Dart Sass 3.0.0.

More info and automated migrator: https://sass-lang.com/d/import

   ╷
27 │ @import "-sections-dir";
   │         ^^^^^^^^^^^^^^^
   ╵
    /Users/michellestar/Documents/GitHub/hello-michelle-star.github.io/assets/css/main.scss 27:9  root stylesheet
DEPRECATION WARNING [import]: Sass @import rules are deprecated and will be removed in Dart Sass 3.0.0.

More info and automated migrator: https://sass-lang.com/d/import

   ╷
28 │ @import 'about';
   │         ^^^^^^^
   ╵
    /Users/michellestar/Documents/GitHub/hello-michelle-star.github.io/assets/css/main.scss 28:9  root stylesheet
DEPRECATION WARNING [import]: Sass @import rules are deprecated and will be removed in Dart Sass 3.0.0.

More info and automated migrator: https://sass-lang.com/d/import

  ╷
2 │ @import "base",
  │         ^^^^^^
  ╵
    _-sections-dir.scss 2:9                                                                       @import
    /Users/michellestar/Documents/GitHub/hello-michelle-star.github.io/assets/css/main.scss 27:9  root stylesheet
DEPRECATION WARNING [import]: Sass @import rules are deprecated and will be removed in Dart Sass 3.0.0.

More info and automated migrator: https://sass-lang.com/d/import

  ╷
3 │         "code",
  │         ^^^^^^
  ╵
    _-sections-dir.scss 3:9                                                                       @import
    /Users/michellestar/Documents/GitHub/hello-michelle-star.github.io/assets/css/main.scss 27:9  root stylesheet
DEPRECATION WARNING [import]: Sass @import rules are deprecated and will be removed in Dart Sass 3.0.0.

More info and automated migrator: https://sass-lang.com/d/import

  ╷
4 │         "default",
  │         ^^^^^^^^^
  ╵
    _-sections-dir.scss 4:9                                                                       @import
    /Users/michellestar/Documents/GitHub/hello-michelle-star.github.io/assets/css/main.scss 27:9  root stylesheet
WARNING: 7 repetitive deprecation warnings omitted.
Run in verbose mode to see all warnings.
                    ...done in 0.038882 seconds.
                    
      Regenerating: 1 file(s) changed at 2026-04-28 00:02:46
                    jekyll.log
       Jekyll Feed: Generating feed for posts
DEPRECATION WARNING [import]: Sass @import rules are deprecated and will be removed in Dart Sass 3.0.0.

More info and automated migrator: https://sass-lang.com/d/import

   ╷
27 │ @import "-sections-dir";
   │         ^^^^^^^^^^^^^^^
   ╵
    /Users/michellestar/Documents/GitHub/hello-michelle-star.github.io/assets/css/main.scss 27:9  root stylesheet
DEPRECATION WARNING [import]: Sass @import rules are deprecated and will be removed in Dart Sass 3.0.0.

More info and automated migrator: https://sass-lang.com/d/import

   ╷
28 │ @import 'about';
   │         ^^^^^^^
   ╵
    /Users/michellestar/Documents/GitHub/hello-michelle-star.github.io/assets/css/main.scss 28:9  root stylesheet
DEPRECATION WARNING [import]: Sass @import rules are deprecated and will be removed in Dart Sass 3.0.0.

More info and automated migrator: https://sass-lang.com/d/import

  ╷
2 │ @import "base",
  │         ^^^^^^
  ╵
    _-sections-dir.scss 2:9                                                                       @import
    /Users/michellestar/Documents/GitHub/hello-michelle-star.github.io/assets/css/main.scss 27:9  root stylesheet
DEPRECATION WARNING [import]: Sass @import rules are deprecated and will be removed in Dart Sass 3.0.0.

More info and automated migrator: https://sass-lang.com/d/import

  ╷
3 │         "code",
  │         ^^^^^^
  ╵
    _-sections-dir.scss 3:9                                                                       @import
    /Users/michellestar/Documents/GitHub/hello-michelle-star.github.io/assets/css/main.scss 27:9  root stylesheet
DEPRECATION WARNING [import]: Sass @import rules are deprecated and will be removed in Dart Sass 3.0.0.

More info and automated migrator: https://sass-lang.com/d/import

  ╷
4 │         "default",
  │         ^^^^^^^^^
  ╵
    _-sections-dir.scss 4:9                                                                       @import
    /Users/michellestar/Documents/GitHub/hello-michelle-star.github.io/assets/css/main.scss 27:9  root stylesheet
WARNING: 7 repetitive deprecation warnings omitted.
Run in verbose mode to see all warnings.
                    ...done in 0.035184 seconds.
                    
      Regenerating: 1 file(s) changed at 2026-04-28 00:02:47
                    pages/research.md
       Jekyll Feed: Generating feed for posts
DEPRECATION WARNING [import]: Sass @import rules are deprecated and will be removed in Dart Sass 3.0.0.

More info and automated migrator: https://sass-lang.com/d/import

   ╷
27 │ @import "-sections-dir";
   │         ^^^^^^^^^^^^^^^
   ╵
    /Users/michellestar/Documents/GitHub/hello-michelle-star.github.io/assets/css/main.scss 27:9  root stylesheet
DEPRECATION WARNING [import]: Sass @import rules are deprecated and will be removed in Dart Sass 3.0.0.

More info and automated migrator: https://sass-lang.com/d/import

   ╷
28 │ @import 'about';
   │         ^^^^^^^
   ╵
    /Users/michellestar/Documents/GitHub/hello-michelle-star.github.io/assets/css/main.scss 28:9  root stylesheet
DEPRECATION WARNING [import]: Sass @import rules are deprecated and will be removed in Dart Sass 3.0.0.

More info and automated migrator: https://sass-lang.com/d/import

  ╷
2 │ @import "base",
  │         ^^^^^^
  ╵
    _-sections-dir.scss 2:9                                                                       @import
    /Users/michellestar/Documents/GitHub/hello-michelle-star.github.io/assets/css/main.scss 27:9  root stylesheet
DEPRECATION WARNING [import]: Sass @import rules are deprecated and will be removed in Dart Sass 3.0.0.

More info and automated migrator: https://sass-lang.com/d/import

  ╷
3 │         "code",
  │         ^^^^^^
  ╵
    _-sections-dir.scss 3:9                                                                       @import
    /Users/michellestar/Documents/GitHub/hello-michelle-star.github.io/assets/css/main.scss 27:9  root stylesheet
DEPRECATION WARNING [import]: Sass @import rules are deprecated and will be removed in Dart Sass 3.0.0.

More info and automated migrator: https://sass-lang.com/d/import

  ╷
4 │         "default",
  │         ^^^^^^^^^
  ╵
    _-sections-dir.scss 4:9                                                                       @import
    /Users/michellestar/Documents/GitHub/hello-michelle-star.github.io/assets/css/main.scss 27:9  root stylesheet
WARNING: 7 repetitive deprecation warnings omitted.
Run in verbose mode to see all warnings.
                    ...done in 0.032272 seconds.
                    
      Regenerating: 1 file(s) changed at 2026-04-28 00:02:52
                    jekyll.log
       Jekyll Feed: Generating feed for posts
DEPRECATION WARNING [import]: Sass @import rules are deprecated and will be removed in Dart Sass 3.0.0.

More info and automated migrator: https://sass-lang.com/d/import

   ╷
27 │ @import "-sections-dir";
   │         ^^^^^^^^^^^^^^^
   ╵
    /Users/michellestar/Documents/GitHub/hello-michelle-star.github.io/assets/css/main.scss 27:9  root stylesheet
DEPRECATION WARNING [import]: Sass @import rules are deprecated and will be removed in Dart Sass 3.0.0.

More info and automated migrator: https://sass-lang.com/d/import

   ╷
28 │ @import 'about';
   │         ^^^^^^^
   ╵
    /Users/michellestar/Documents/GitHub/hello-michelle-star.github.io/assets/css/main.scss 28:9  root stylesheet
DEPRECATION WARNING [import]: Sass @import rules are deprecated and will be removed in Dart Sass 3.0.0.

More info and automated migrator: https://sass-lang.com/d/import

  ╷
2 │ @import "base",
  │         ^^^^^^
  ╵
    _-sections-dir.scss 2:9                                                                       @import
    /Users/michellestar/Documents/GitHub/hello-michelle-star.github.io/assets/css/main.scss 27:9  root stylesheet
DEPRECATION WARNING [import]: Sass @import rules are deprecated and will be removed in Dart Sass 3.0.0.

More info and automated migrator: https://sass-lang.com/d/import

  ╷
3 │         "code",
  │         ^^^^^^
  ╵
    _-sections-dir.scss 3:9                                                                       @import
    /Users/michellestar/Documents/GitHub/hello-michelle-star.github.io/assets/css/main.scss 27:9  root stylesheet
DEPRECATION WARNING [import]: Sass @import rules are deprecated and will be removed in Dart Sass 3.0.0.

More info and automated migrator: https://sass-lang.com/d/import

  ╷
4 │         "default",
  │         ^^^^^^^^^
  ╵
    _-sections-dir.scss 4:9                                                                       @import
    /Users/michellestar/Documents/GitHub/hello-michelle-star.github.io/assets/css/main.scss 27:9  root stylesheet
WARNING: 7 repetitive deprecation warnings omitted.
Run in verbose mode to see all warnings.
                    ...done in 0.063918 seconds.
                    
      Regenerating: 1 file(s) changed at 2026-04-28 00:02:55
                    jekyll.log
       Jekyll Feed: Generating feed for posts
DEPRECATION WARNING [import]: Sass @import rules are deprecated and will be removed in Dart Sass 3.0.0.

More info and automated migrator: https://sass-lang.com/d/import

   ╷
27 │ @import "-sections-dir";
   │         ^^^^^^^^^^^^^^^
   ╵
    /Users/michellestar/Documents/GitHub/hello-michelle-star.github.io/assets/css/main.scss 27:9  root stylesheet
DEPRECATION WARNING [import]: Sass @import rules are deprecated and will be removed in Dart Sass 3.0.0.

More info and automated migrator: https://sass-lang.com/d/import

   ╷
28 │ @import 'about';
   │         ^^^^^^^
   ╵
    /Users/michellestar/Documents/GitHub/hello-michelle-star.github.io/assets/css/main.scss 28:9  root stylesheet
DEPRECATION WARNING [import]: Sass @import rules are deprecated and will be removed in Dart Sass 3.0.0.

More info and automated migrator: https://sass-lang.com/d/import

  ╷
2 │ @import "base",
  │         ^^^^^^
  ╵
    _-sections-dir.scss 2:9                                                                       @import
    /Users/michellestar/Documents/GitHub/hello-michelle-star.github.io/assets/css/main.scss 27:9  root stylesheet
DEPRECATION WARNING [import]: Sass @import rules are deprecated and will be removed in Dart Sass 3.0.0.

More info and automated migrator: https://sass-lang.com/d/import

  ╷
3 │         "code",
  │         ^^^^^^
  ╵
    _-sections-dir.scss 3:9                                                                       @import
    /Users/michellestar/Documents/GitHub/hello-michelle-star.github.io/assets/css/main.scss 27:9  root stylesheet
DEPRECATION WARNING [import]: Sass @import rules are deprecated and will be removed in Dart Sass 3.0.0.

More info and automated migrator: https://sass-lang.com/d/import

  ╷
4 │         "default",
  │         ^^^^^^^^^
  ╵
    _-sections-dir.scss 4:9                                                                       @import
    /Users/michellestar/Documents/GitHub/hello-michelle-star.github.io/assets/css/main.scss 27:9  root stylesheet
WARNING: 7 repetitive deprecation warnings omitted.
Run in verbose mode to see all warnings.
                    ...done in 0.045899 seconds.
                    
      Regenerating: 1 file(s) changed at 2026-04-28 00:03:02
                    jekyll.log
       Jekyll Feed: Generating feed for posts
DEPRECATION WARNING [import]: Sass @import rules are deprecated and will be removed in Dart Sass 3.0.0.

More info and automated migrator: https://sass-lang.com/d/import

   ╷
27 │ @import "-sections-dir";
   │         ^^^^^^^^^^^^^^^
   ╵
    /Users/michellestar/Documents/GitHub/hello-michelle-star.github.io/assets/css/main.scss 27:9  root stylesheet
DEPRECATION WARNING [import]: Sass @import rules are deprecated and will be removed in Dart Sass 3.0.0.

More info and automated migrator: https://sass-lang.com/d/import

   ╷
28 │ @import 'about';
   │         ^^^^^^^
   ╵
    /Users/michellestar/Documents/GitHub/hello-michelle-star.github.io/assets/css/main.scss 28:9  root stylesheet
DEPRECATION WARNING [import]: Sass @import rules are deprecated and will be removed in Dart Sass 3.0.0.

More info and automated migrator: https://sass-lang.com/d/import

  ╷
2 │ @import "base",
  │         ^^^^^^
  ╵
    _-sections-dir.scss 2:9                                                                       @import
    /Users/michellestar/Documents/GitHub/hello-michelle-star.github.io/assets/css/main.scss 27:9  root stylesheet
DEPRECATION WARNING [import]: Sass @import rules are deprecated and will be removed in Dart Sass 3.0.0.

More info and automated migrator: https://sass-lang.com/d/import

  ╷
3 │         "code",
  │         ^^^^^^
  ╵
    _-sections-dir.scss 3:9                                                                       @import
    /Users/michellestar/Documents/GitHub/hello-michelle-star.github.io/assets/css/main.scss 27:9  root stylesheet
DEPRECATION WARNING [import]: Sass @import rules are deprecated and will be removed in Dart Sass 3.0.0.

More info and automated migrator: https://sass-lang.com/d/import

  ╷
4 │         "default",
  │         ^^^^^^^^^
  ╵
    _-sections-dir.scss 4:9                                                                       @import
    /Users/michellestar/Documents/GitHub/hello-michelle-star.github.io/assets/css/main.scss 27:9  root stylesheet
WARNING: 7 repetitive deprecation warnings omitted.
Run in verbose mode to see all warnings.
                    ...done in 0.047543 seconds.
                    
      Regenerating: 1 file(s) changed at 2026-04-28 00:03:08
                    jekyll.log
       Jekyll Feed: Generating feed for posts
DEPRECATION WARNING [import]: Sass @import rules are deprecated and will be removed in Dart Sass 3.0.0.

More info and automated migrator: https://sass-lang.com/d/import

   ╷
27 │ @import "-sections-dir";
   │         ^^^^^^^^^^^^^^^
   ╵
    /Users/michellestar/Documents/GitHub/hello-michelle-star.github.io/assets/css/main.scss 27:9  root stylesheet
DEPRECATION WARNING [import]: Sass @import rules are deprecated and will be removed in Dart Sass 3.0.0.

More info and automated migrator: https://sass-lang.com/d/import

   ╷
28 │ @import 'about';
   │         ^^^^^^^
   ╵
    /Users/michellestar/Documents/GitHub/hello-michelle-star.github.io/assets/css/main.scss 28:9  root stylesheet
DEPRECATION WARNING [import]: Sass @import rules are deprecated and will be removed in Dart Sass 3.0.0.

More info and automated migrator: https://sass-lang.com/d/import

  ╷
2 │ @import "base",
  │         ^^^^^^
  ╵
    _-sections-dir.scss 2:9                                                                       @import
    /Users/michellestar/Documents/GitHub/hello-michelle-star.github.io/assets/css/main.scss 27:9  root stylesheet
DEPRECATION WARNING [import]: Sass @import rules are deprecated and will be removed in Dart Sass 3.0.0.

More info and automated migrator: https://sass-lang.com/d/import

  ╷
3 │         "code",
  │         ^^^^^^
  ╵
    _-sections-dir.scss 3:9                                                                       @import
    /Users/michellestar/Documents/GitHub/hello-michelle-star.github.io/assets/css/main.scss 27:9  root stylesheet
DEPRECATION WARNING [import]: Sass @import rules are deprecated and will be removed in Dart Sass 3.0.0.

More info and automated migrator: https://sass-lang.com/d/import

  ╷
4 │         "default",
  │         ^^^^^^^^^
  ╵
    _-sections-dir.scss 4:9                                                                       @import
    /Users/michellestar/Documents/GitHub/hello-michelle-star.github.io/assets/css/main.scss 27:9  root stylesheet
WARNING: 7 repetitive deprecation warnings omitted.
Run in verbose mode to see all warnings.
                    ...done in 0.069909 seconds.
                    
      Regenerating: 1 file(s) changed at 2026-04-28 00:03:10
                    jekyll.log
       Jekyll Feed: Generating feed for posts
DEPRECATION WARNING [import]: Sass @import rules are deprecated and will be removed in Dart Sass 3.0.0.

More info and automated migrator: https://sass-lang.com/d/import

   ╷
27 │ @import "-sections-dir";
   │         ^^^^^^^^^^^^^^^
   ╵
    /Users/michellestar/Documents/GitHub/hello-michelle-star.github.io/assets/css/main.scss 27:9  root stylesheet
DEPRECATION WARNING [import]: Sass @import rules are deprecated and will be removed in Dart Sass 3.0.0.

More info and automated migrator: https://sass-lang.com/d/import

   ╷
28 │ @import 'about';
   │         ^^^^^^^
   ╵
    /Users/michellestar/Documents/GitHub/hello-michelle-star.github.io/assets/css/main.scss 28:9  root stylesheet
DEPRECATION WARNING [import]: Sass @import rules are deprecated and will be removed in Dart Sass 3.0.0.

More info and automated migrator: https://sass-lang.com/d/import

  ╷
2 │ @import "base",
  │         ^^^^^^
  ╵
    _-sections-dir.scss 2:9                                                                       @import
    /Users/michellestar/Documents/GitHub/hello-michelle-star.github.io/assets/css/main.scss 27:9  root stylesheet
DEPRECATION WARNING [import]: Sass @import rules are deprecated and will be removed in Dart Sass 3.0.0.

More info and automated migrator: https://sass-lang.com/d/import

  ╷
3 │         "code",
  │         ^^^^^^
  ╵
    _-sections-dir.scss 3:9                                                                       @import
    /Users/michellestar/Documents/GitHub/hello-michelle-star.github.io/assets/css/main.scss 27:9  root stylesheet
DEPRECATION WARNING [import]: Sass @import rules are deprecated and will be removed in Dart Sass 3.0.0.

More info and automated migrator: https://sass-lang.com/d/import

  ╷
4 │         "default",
  │         ^^^^^^^^^
  ╵
    _-sections-dir.scss 4:9                                                                       @import
    /Users/michellestar/Documents/GitHub/hello-michelle-star.github.io/assets/css/main.scss 27:9  root stylesheet
WARNING: 7 repetitive deprecation warnings omitted.
Run in verbose mode to see all warnings.
                    ...done in 0.053288 seconds.
                    
[2026-04-28 00:03:10] ERROR Errno::ECONNRESET: Connection reset by peer @ io_fillbuf - fd:10 
	/Users/michellestar/Documents/GitHub/hello-michelle-star.github.io/vendor/bundle/ruby/3.4.0/gems/webrick-1.9.1/lib/webrick/httpserver.rb:82:in 'IO#eof?'
	/Users/michellestar/Documents/GitHub/hello-michelle-star.github.io/vendor/bundle/ruby/3.4.0/gems/webrick-1.9.1/lib/webrick/httpserver.rb:82:in 'WEBrick::HTTPServer#run'
	/Users/michellestar/Documents/GitHub/hello-michelle-star.github.io/vendor/bundle/ruby/3.4.0/gems/webrick-1.9.1/lib/webrick/server.rb:310:in 'block in WEBrick::GenericServer#start_thread'
      Regenerating: 1 file(s) changed at 2026-04-28 00:03:16
                    jekyll.log
       Jekyll Feed: Generating feed for posts
DEPRECATION WARNING [import]: Sass @import rules are deprecated and will be removed in Dart Sass 3.0.0.

More info and automated migrator: https://sass-lang.com/d/import

   ╷
27 │ @import "-sections-dir";
   │         ^^^^^^^^^^^^^^^
   ╵
    /Users/michellestar/Documents/GitHub/hello-michelle-star.github.io/assets/css/main.scss 27:9  root stylesheet
DEPRECATION WARNING [import]: Sass @import rules are deprecated and will be removed in Dart Sass 3.0.0.

More info and automated migrator: https://sass-lang.com/d/import

   ╷
28 │ @import 'about';
   │         ^^^^^^^
   ╵
    /Users/michellestar/Documents/GitHub/hello-michelle-star.github.io/assets/css/main.scss 28:9  root stylesheet
DEPRECATION WARNING [import]: Sass @import rules are deprecated and will be removed in Dart Sass 3.0.0.

More info and automated migrator: https://sass-lang.com/d/import

  ╷
2 │ @import "base",
  │         ^^^^^^
  ╵
    _-sections-dir.scss 2:9                                                                       @import
    /Users/michellestar/Documents/GitHub/hello-michelle-star.github.io/assets/css/main.scss 27:9  root stylesheet
DEPRECATION WARNING [import]: Sass @import rules are deprecated and will be removed in Dart Sass 3.0.0.

More info and automated migrator: https://sass-lang.com/d/import

  ╷
3 │         "code",
  │         ^^^^^^
  ╵
    _-sections-dir.scss 3:9                                                                       @import
    /Users/michellestar/Documents/GitHub/hello-michelle-star.github.io/assets/css/main.scss 27:9  root stylesheet
DEPRECATION WARNING [import]: Sass @import rules are deprecated and will be removed in Dart Sass 3.0.0.

More info and automated migrator: https://sass-lang.com/d/import

  ╷
4 │         "default",
  │         ^^^^^^^^^
  ╵
    _-sections-dir.scss 4:9                                                                       @import
    /Users/michellestar/Documents/GitHub/hello-michelle-star.github.io/assets/css/main.scss 27:9  root stylesheet
WARNING: 7 repetitive deprecation warnings omitted.
Run in verbose mode to see all warnings.
                    ...done in 0.077758 seconds.
                    
      Regenerating: 1 file(s) changed at 2026-04-28 00:03:26
                    jekyll.log
       Jekyll Feed: Generating feed for posts
DEPRECATION WARNING [import]: Sass @import rules are deprecated and will be removed in Dart Sass 3.0.0.

More info and automated migrator: https://sass-lang.com/d/import

   ╷
27 │ @import "-sections-dir";
   │         ^^^^^^^^^^^^^^^
   ╵
    /Users/michellestar/Documents/GitHub/hello-michelle-star.github.io/assets/css/main.scss 27:9  root stylesheet
DEPRECATION WARNING [import]: Sass @import rules are deprecated and will be removed in Dart Sass 3.0.0.

More info and automated migrator: https://sass-lang.com/d/import

   ╷
28 │ @import 'about';
   │         ^^^^^^^
   ╵
    /Users/michellestar/Documents/GitHub/hello-michelle-star.github.io/assets/css/main.scss 28:9  root stylesheet
DEPRECATION WARNING [import]: Sass @import rules are deprecated and will be removed in Dart Sass 3.0.0.

More info and automated migrator: https://sass-lang.com/d/import

  ╷
2 │ @import "base",
  │         ^^^^^^
  ╵
    _-sections-dir.scss 2:9                                                                       @import
    /Users/michellestar/Documents/GitHub/hello-michelle-star.github.io/assets/css/main.scss 27:9  root stylesheet
DEPRECATION WARNING [import]: Sass @import rules are deprecated and will be removed in Dart Sass 3.0.0.

More info and automated migrator: https://sass-lang.com/d/import

  ╷
3 │         "code",
  │         ^^^^^^
  ╵
    _-sections-dir.scss 3:9                                                                       @import
    /Users/michellestar/Documents/GitHub/hello-michelle-star.github.io/assets/css/main.scss 27:9  root stylesheet
DEPRECATION WARNING [import]: Sass @import rules are deprecated and will be removed in Dart Sass 3.0.0.

More info and automated migrator: https://sass-lang.com/d/import

  ╷
4 │         "default",
  │         ^^^^^^^^^
  ╵
    _-sections-dir.scss 4:9                                                                       @import
    /Users/michellestar/Documents/GitHub/hello-michelle-star.github.io/assets/css/main.scss 27:9  root stylesheet
WARNING: 7 repetitive deprecation warnings omitted.
Run in verbose mode to see all warnings.
                    ...done in 0.03959 seconds.
                    
      Regenerating: 1 file(s) changed at 2026-04-28 00:03:27
                    jekyll.log
       Jekyll Feed: Generating feed for posts
DEPRECATION WARNING [import]: Sass @import rules are deprecated and will be removed in Dart Sass 3.0.0.

More info and automated migrator: https://sass-lang.com/d/import

   ╷
27 │ @import "-sections-dir";
   │         ^^^^^^^^^^^^^^^
   ╵
    /Users/michellestar/Documents/GitHub/hello-michelle-star.github.io/assets/css/main.scss 27:9  root stylesheet
DEPRECATION WARNING [import]: Sass @import rules are deprecated and will be removed in Dart Sass 3.0.0.

More info and automated migrator: https://sass-lang.com/d/import

   ╷
28 │ @import 'about';
   │         ^^^^^^^
   ╵
    /Users/michellestar/Documents/GitHub/hello-michelle-star.github.io/assets/css/main.scss 28:9  root stylesheet
DEPRECATION WARNING [import]: Sass @import rules are deprecated and will be removed in Dart Sass 3.0.0.

More info and automated migrator: https://sass-lang.com/d/import

  ╷
2 │ @import "base",
  │         ^^^^^^
  ╵
    _-sections-dir.scss 2:9                                                                       @import
    /Users/michellestar/Documents/GitHub/hello-michelle-star.github.io/assets/css/main.scss 27:9  root stylesheet
DEPRECATION WARNING [import]: Sass @import rules are deprecated and will be removed in Dart Sass 3.0.0.

More info and automated migrator: https://sass-lang.com/d/import

  ╷
3 │         "code",
  │         ^^^^^^
  ╵
    _-sections-dir.scss 3:9                                                                       @import
    /Users/michellestar/Documents/GitHub/hello-michelle-star.github.io/assets/css/main.scss 27:9  root stylesheet
DEPRECATION WARNING [import]: Sass @import rules are deprecated and will be removed in Dart Sass 3.0.0.

More info and automated migrator: https://sass-lang.com/d/import

  ╷
4 │         "default",
  │         ^^^^^^^^^
  ╵
    _-sections-dir.scss 4:9                                                                       @import
    /Users/michellestar/Documents/GitHub/hello-michelle-star.github.io/assets/css/main.scss 27:9  root stylesheet
WARNING: 7 repetitive deprecation warnings omitted.
Run in verbose mode to see all warnings.
                    ...done in 0.070447 seconds.
                    
      Regenerating: 1 file(s) changed at 2026-04-28 00:03:34
                    jekyll.log
       Jekyll Feed: Generating feed for posts
DEPRECATION WARNING [import]: Sass @import rules are deprecated and will be removed in Dart Sass 3.0.0.

More info and automated migrator: https://sass-lang.com/d/import

   ╷
27 │ @import "-sections-dir";
   │         ^^^^^^^^^^^^^^^
   ╵
    /Users/michellestar/Documents/GitHub/hello-michelle-star.github.io/assets/css/main.scss 27:9  root stylesheet
DEPRECATION WARNING [import]: Sass @import rules are deprecated and will be removed in Dart Sass 3.0.0.

More info and automated migrator: https://sass-lang.com/d/import

   ╷
28 │ @import 'about';
   │         ^^^^^^^
   ╵
    /Users/michellestar/Documents/GitHub/hello-michelle-star.github.io/assets/css/main.scss 28:9  root stylesheet
DEPRECATION WARNING [import]: Sass @import rules are deprecated and will be removed in Dart Sass 3.0.0.

More info and automated migrator: https://sass-lang.com/d/import

  ╷
2 │ @import "base",
  │         ^^^^^^
  ╵
    _-sections-dir.scss 2:9                                                                       @import
    /Users/michellestar/Documents/GitHub/hello-michelle-star.github.io/assets/css/main.scss 27:9  root stylesheet
DEPRECATION WARNING [import]: Sass @import rules are deprecated and will be removed in Dart Sass 3.0.0.

More info and automated migrator: https://sass-lang.com/d/import

  ╷
3 │         "code",
  │         ^^^^^^
  ╵
    _-sections-dir.scss 3:9                                                                       @import
    /Users/michellestar/Documents/GitHub/hello-michelle-star.github.io/assets/css/main.scss 27:9  root stylesheet
DEPRECATION WARNING [import]: Sass @import rules are deprecated and will be removed in Dart Sass 3.0.0.

More info and automated migrator: https://sass-lang.com/d/import

  ╷
4 │         "default",
  │         ^^^^^^^^^
  ╵
    _-sections-dir.scss 4:9                                                                       @import
    /Users/michellestar/Documents/GitHub/hello-michelle-star.github.io/assets/css/main.scss 27:9  root stylesheet
WARNING: 7 repetitive deprecation warnings omitted.
Run in verbose mode to see all warnings.
                    ...done in 0.04654 seconds.
                    
      Regenerating: 1 file(s) changed at 2026-04-28 00:03:41
                    jekyll.log
       Jekyll Feed: Generating feed for posts
DEPRECATION WARNING [import]: Sass @import rules are deprecated and will be removed in Dart Sass 3.0.0.

More info and automated migrator: https://sass-lang.com/d/import

   ╷
27 │ @import "-sections-dir";
   │         ^^^^^^^^^^^^^^^
   ╵
    /Users/michellestar/Documents/GitHub/hello-michelle-star.github.io/assets/css/main.scss 27:9  root stylesheet
DEPRECATION WARNING [import]: Sass @import rules are deprecated and will be removed in Dart Sass 3.0.0.

More info and automated migrator: https://sass-lang.com/d/import

   ╷
28 │ @import 'about';
   │         ^^^^^^^
   ╵
    /Users/michellestar/Documents/GitHub/hello-michelle-star.github.io/assets/css/main.scss 28:9  root stylesheet
DEPRECATION WARNING [import]: Sass @import rules are deprecated and will be removed in Dart Sass 3.0.0.

More info and automated migrator: https://sass-lang.com/d/import

  ╷
2 │ @import "base",
  │         ^^^^^^
  ╵
    _-sections-dir.scss 2:9                                                                       @import
    /Users/michellestar/Documents/GitHub/hello-michelle-star.github.io/assets/css/main.scss 27:9  root stylesheet
DEPRECATION WARNING [import]: Sass @import rules are deprecated and will be removed in Dart Sass 3.0.0.

More info and automated migrator: https://sass-lang.com/d/import

  ╷
3 │         "code",
  │         ^^^^^^
  ╵
    _-sections-dir.scss 3:9                                                                       @import
    /Users/michellestar/Documents/GitHub/hello-michelle-star.github.io/assets/css/main.scss 27:9  root stylesheet
DEPRECATION WARNING [import]: Sass @import rules are deprecated and will be removed in Dart Sass 3.0.0.

More info and automated migrator: https://sass-lang.com/d/import

  ╷
4 │         "default",
  │         ^^^^^^^^^
  ╵
    _-sections-dir.scss 4:9                                                                       @import
    /Users/michellestar/Documents/GitHub/hello-michelle-star.github.io/assets/css/main.scss 27:9  root stylesheet
WARNING: 7 repetitive deprecation warnings omitted.
Run in verbose mode to see all warnings.
                    ...done in 0.04575 seconds.
                    
      Regenerating: 1 file(s) changed at 2026-04-28 00:03:43
                    pages/research.md
       Jekyll Feed: Generating feed for posts
DEPRECATION WARNING [import]: Sass @import rules are deprecated and will be removed in Dart Sass 3.0.0.

More info and automated migrator: https://sass-lang.com/d/import

   ╷
27 │ @import "-sections-dir";
   │         ^^^^^^^^^^^^^^^
   ╵
    /Users/michellestar/Documents/GitHub/hello-michelle-star.github.io/assets/css/main.scss 27:9  root stylesheet
DEPRECATION WARNING [import]: Sass @import rules are deprecated and will be removed in Dart Sass 3.0.0.

More info and automated migrator: https://sass-lang.com/d/import

   ╷
28 │ @import 'about';
   │         ^^^^^^^
   ╵
    /Users/michellestar/Documents/GitHub/hello-michelle-star.github.io/assets/css/main.scss 28:9  root stylesheet
DEPRECATION WARNING [import]: Sass @import rules are deprecated and will be removed in Dart Sass 3.0.0.

More info and automated migrator: https://sass-lang.com/d/import

  ╷
2 │ @import "base",
  │         ^^^^^^
  ╵
    _-sections-dir.scss 2:9                                                                       @import
    /Users/michellestar/Documents/GitHub/hello-michelle-star.github.io/assets/css/main.scss 27:9  root stylesheet
DEPRECATION WARNING [import]: Sass @import rules are deprecated and will be removed in Dart Sass 3.0.0.

More info and automated migrator: https://sass-lang.com/d/import

  ╷
3 │         "code",
  │         ^^^^^^
  ╵
    _-sections-dir.scss 3:9                                                                       @import
    /Users/michellestar/Documents/GitHub/hello-michelle-star.github.io/assets/css/main.scss 27:9  root stylesheet
DEPRECATION WARNING [import]: Sass @import rules are deprecated and will be removed in Dart Sass 3.0.0.

More info and automated migrator: https://sass-lang.com/d/import

  ╷
4 │         "default",
  │         ^^^^^^^^^
  ╵
    _-sections-dir.scss 4:9                                                                       @import
    /Users/michellestar/Documents/GitHub/hello-michelle-star.github.io/assets/css/main.scss 27:9  root stylesheet
WARNING: 7 repetitive deprecation warnings omitted.
Run in verbose mode to see all warnings.
                    ...done in 0.063451 seconds.
                    
[2026-04-28 00:03:44] ERROR Errno::ECONNRESET: Connection reset by peer @ io_fillbuf - fd:19 
	/Users/michellestar/Documents/GitHub/hello-michelle-star.github.io/vendor/bundle/ruby/3.4.0/gems/webrick-1.9.1/lib/webrick/httpserver.rb:82:in 'IO#eof?'
	/Users/michellestar/Documents/GitHub/hello-michelle-star.github.io/vendor/bundle/ruby/3.4.0/gems/webrick-1.9.1/lib/webrick/httpserver.rb:82:in 'WEBrick::HTTPServer#run'
	/Users/michellestar/Documents/GitHub/hello-michelle-star.github.io/vendor/bundle/ruby/3.4.0/gems/webrick-1.9.1/lib/webrick/server.rb:310:in 'block in WEBrick::GenericServer#start_thread'
      Regenerating: 1 file(s) changed at 2026-04-28 00:03:48
                    jekyll.log
       Jekyll Feed: Generating feed for posts
DEPRECATION WARNING [import]: Sass @import rules are deprecated and will be removed in Dart Sass 3.0.0.

More info and automated migrator: https://sass-lang.com/d/import

   ╷
27 │ @import "-sections-dir";
   │         ^^^^^^^^^^^^^^^
   ╵
    /Users/michellestar/Documents/GitHub/hello-michelle-star.github.io/assets/css/main.scss 27:9  root stylesheet
DEPRECATION WARNING [import]: Sass @import rules are deprecated and will be removed in Dart Sass 3.0.0.

More info and automated migrator: https://sass-lang.com/d/import

   ╷
28 │ @import 'about';
   │         ^^^^^^^
   ╵
    /Users/michellestar/Documents/GitHub/hello-michelle-star.github.io/assets/css/main.scss 28:9  root stylesheet
DEPRECATION WARNING [import]: Sass @import rules are deprecated and will be removed in Dart Sass 3.0.0.

More info and automated migrator: https://sass-lang.com/d/import

  ╷
2 │ @import "base",
  │         ^^^^^^
  ╵
    _-sections-dir.scss 2:9                                                                       @import
    /Users/michellestar/Documents/GitHub/hello-michelle-star.github.io/assets/css/main.scss 27:9  root stylesheet
DEPRECATION WARNING [import]: Sass @import rules are deprecated and will be removed in Dart Sass 3.0.0.

More info and automated migrator: https://sass-lang.com/d/import

  ╷
3 │         "code",
  │         ^^^^^^
  ╵
    _-sections-dir.scss 3:9                                                                       @import
    /Users/michellestar/Documents/GitHub/hello-michelle-star.github.io/assets/css/main.scss 27:9  root stylesheet
DEPRECATION WARNING [import]: Sass @import rules are deprecated and will be removed in Dart Sass 3.0.0.

More info and automated migrator: https://sass-lang.com/d/import

  ╷
4 │         "default",
  │         ^^^^^^^^^
  ╵
    _-sections-dir.scss 4:9                                                                       @import
    /Users/michellestar/Documents/GitHub/hello-michelle-star.github.io/assets/css/main.scss 27:9  root stylesheet
WARNING: 7 repetitive deprecation warnings omitted.
Run in verbose mode to see all warnings.
                    ...done in 0.059592 seconds.
                    
      Regenerating: 1 file(s) changed at 2026-04-28 00:03:50
                    jekyll.log
       Jekyll Feed: Generating feed for posts
DEPRECATION WARNING [import]: Sass @import rules are deprecated and will be removed in Dart Sass 3.0.0.

More info and automated migrator: https://sass-lang.com/d/import

   ╷
27 │ @import "-sections-dir";
   │         ^^^^^^^^^^^^^^^
   ╵
    /Users/michellestar/Documents/GitHub/hello-michelle-star.github.io/assets/css/main.scss 27:9  root stylesheet
DEPRECATION WARNING [import]: Sass @import rules are deprecated and will be removed in Dart Sass 3.0.0.

More info and automated migrator: https://sass-lang.com/d/import

   ╷
28 │ @import 'about';
   │         ^^^^^^^
   ╵
    /Users/michellestar/Documents/GitHub/hello-michelle-star.github.io/assets/css/main.scss 28:9  root stylesheet
DEPRECATION WARNING [import]: Sass @import rules are deprecated and will be removed in Dart Sass 3.0.0.

More info and automated migrator: https://sass-lang.com/d/import

  ╷
2 │ @import "base",
  │         ^^^^^^
  ╵
    _-sections-dir.scss 2:9                                                                       @import
    /Users/michellestar/Documents/GitHub/hello-michelle-star.github.io/assets/css/main.scss 27:9  root stylesheet
DEPRECATION WARNING [import]: Sass @import rules are deprecated and will be removed in Dart Sass 3.0.0.

More info and automated migrator: https://sass-lang.com/d/import

  ╷
3 │         "code",
  │         ^^^^^^
  ╵
    _-sections-dir.scss 3:9                                                                       @import
    /Users/michellestar/Documents/GitHub/hello-michelle-star.github.io/assets/css/main.scss 27:9  root stylesheet
DEPRECATION WARNING [import]: Sass @import rules are deprecated and will be removed in Dart Sass 3.0.0.

More info and automated migrator: https://sass-lang.com/d/import

  ╷
4 │         "default",
  │         ^^^^^^^^^
  ╵
    _-sections-dir.scss 4:9                                                                       @import
    /Users/michellestar/Documents/GitHub/hello-michelle-star.github.io/assets/css/main.scss 27:9  root stylesheet
WARNING: 7 repetitive deprecation warnings omitted.
Run in verbose mode to see all warnings.
                    ...done in 0.042012 seconds.
                    
      Regenerating: 1 file(s) changed at 2026-04-28 00:03:58
                    jekyll.log
       Jekyll Feed: Generating feed for posts
DEPRECATION WARNING [import]: Sass @import rules are deprecated and will be removed in Dart Sass 3.0.0.

More info and automated migrator: https://sass-lang.com/d/import

   ╷
27 │ @import "-sections-dir";
   │         ^^^^^^^^^^^^^^^
   ╵
    /Users/michellestar/Documents/GitHub/hello-michelle-star.github.io/assets/css/main.scss 27:9  root stylesheet
DEPRECATION WARNING [import]: Sass @import rules are deprecated and will be removed in Dart Sass 3.0.0.

More info and automated migrator: https://sass-lang.com/d/import

   ╷
28 │ @import 'about';
   │         ^^^^^^^
   ╵
    /Users/michellestar/Documents/GitHub/hello-michelle-star.github.io/assets/css/main.scss 28:9  root stylesheet
DEPRECATION WARNING [import]: Sass @import rules are deprecated and will be removed in Dart Sass 3.0.0.

More info and automated migrator: https://sass-lang.com/d/import

  ╷
2 │ @import "base",
  │         ^^^^^^
  ╵
    _-sections-dir.scss 2:9                                                                       @import
    /Users/michellestar/Documents/GitHub/hello-michelle-star.github.io/assets/css/main.scss 27:9  root stylesheet
DEPRECATION WARNING [import]: Sass @import rules are deprecated and will be removed in Dart Sass 3.0.0.

More info and automated migrator: https://sass-lang.com/d/import

  ╷
3 │         "code",
  │         ^^^^^^
  ╵
    _-sections-dir.scss 3:9                                                                       @import
    /Users/michellestar/Documents/GitHub/hello-michelle-star.github.io/assets/css/main.scss 27:9  root stylesheet
DEPRECATION WARNING [import]: Sass @import rules are deprecated and will be removed in Dart Sass 3.0.0.

More info and automated migrator: https://sass-lang.com/d/import

  ╷
4 │         "default",
  │         ^^^^^^^^^
  ╵
    _-sections-dir.scss 4:9                                                                       @import
    /Users/michellestar/Documents/GitHub/hello-michelle-star.github.io/assets/css/main.scss 27:9  root stylesheet
WARNING: 7 repetitive deprecation warnings omitted.
Run in verbose mode to see all warnings.
                    ...done in 0.073043 seconds.
                    
      Regenerating: 1 file(s) changed at 2026-04-28 00:04:02
                    jekyll.log
       Jekyll Feed: Generating feed for posts
DEPRECATION WARNING [import]: Sass @import rules are deprecated and will be removed in Dart Sass 3.0.0.

More info and automated migrator: https://sass-lang.com/d/import

   ╷
27 │ @import "-sections-dir";
   │         ^^^^^^^^^^^^^^^
   ╵
    /Users/michellestar/Documents/GitHub/hello-michelle-star.github.io/assets/css/main.scss 27:9  root stylesheet
DEPRECATION WARNING [import]: Sass @import rules are deprecated and will be removed in Dart Sass 3.0.0.

More info and automated migrator: https://sass-lang.com/d/import

   ╷
28 │ @import 'about';
   │         ^^^^^^^
   ╵
    /Users/michellestar/Documents/GitHub/hello-michelle-star.github.io/assets/css/main.scss 28:9  root stylesheet
DEPRECATION WARNING [import]: Sass @import rules are deprecated and will be removed in Dart Sass 3.0.0.

More info and automated migrator: https://sass-lang.com/d/import

  ╷
2 │ @import "base",
  │         ^^^^^^
  ╵
    _-sections-dir.scss 2:9                                                                       @import
    /Users/michellestar/Documents/GitHub/hello-michelle-star.github.io/assets/css/main.scss 27:9  root stylesheet
DEPRECATION WARNING [import]: Sass @import rules are deprecated and will be removed in Dart Sass 3.0.0.

More info and automated migrator: https://sass-lang.com/d/import

  ╷
3 │         "code",
  │         ^^^^^^
  ╵
    _-sections-dir.scss 3:9                                                                       @import
    /Users/michellestar/Documents/GitHub/hello-michelle-star.github.io/assets/css/main.scss 27:9  root stylesheet
DEPRECATION WARNING [import]: Sass @import rules are deprecated and will be removed in Dart Sass 3.0.0.

More info and automated migrator: https://sass-lang.com/d/import

  ╷
4 │         "default",
  │         ^^^^^^^^^
  ╵
    _-sections-dir.scss 4:9                                                                       @import
    /Users/michellestar/Documents/GitHub/hello-michelle-star.github.io/assets/css/main.scss 27:9  root stylesheet
WARNING: 7 repetitive deprecation warnings omitted.
Run in verbose mode to see all warnings.
                    ...done in 0.052582 seconds.
                    
      Regenerating: 1 file(s) changed at 2026-04-28 00:08:31
                    jekyll.log
       Jekyll Feed: Generating feed for posts
DEPRECATION WARNING [import]: Sass @import rules are deprecated and will be removed in Dart Sass 3.0.0.

More info and automated migrator: https://sass-lang.com/d/import

   ╷
27 │ @import "-sections-dir";
   │         ^^^^^^^^^^^^^^^
   ╵
    /Users/michellestar/Documents/GitHub/hello-michelle-star.github.io/assets/css/main.scss 27:9  root stylesheet
DEPRECATION WARNING [import]: Sass @import rules are deprecated and will be removed in Dart Sass 3.0.0.

More info and automated migrator: https://sass-lang.com/d/import

   ╷
28 │ @import 'about';
   │         ^^^^^^^
   ╵
    /Users/michellestar/Documents/GitHub/hello-michelle-star.github.io/assets/css/main.scss 28:9  root stylesheet
DEPRECATION WARNING [import]: Sass @import rules are deprecated and will be removed in Dart Sass 3.0.0.

More info and automated migrator: https://sass-lang.com/d/import

  ╷
2 │ @import "base",
  │         ^^^^^^
  ╵
    _-sections-dir.scss 2:9                                                                       @import
    /Users/michellestar/Documents/GitHub/hello-michelle-star.github.io/assets/css/main.scss 27:9  root stylesheet
DEPRECATION WARNING [import]: Sass @import rules are deprecated and will be removed in Dart Sass 3.0.0.

More info and automated migrator: https://sass-lang.com/d/import

  ╷
3 │         "code",
  │         ^^^^^^
  ╵
    _-sections-dir.scss 3:9                                                                       @import
    /Users/michellestar/Documents/GitHub/hello-michelle-star.github.io/assets/css/main.scss 27:9  root stylesheet
DEPRECATION WARNING [import]: Sass @import rules are deprecated and will be removed in Dart Sass 3.0.0.

More info and automated migrator: https://sass-lang.com/d/import

  ╷
4 │         "default",
  │         ^^^^^^^^^
  ╵
    _-sections-dir.scss 4:9                                                                       @import
    /Users/michellestar/Documents/GitHub/hello-michelle-star.github.io/assets/css/main.scss 27:9  root stylesheet
WARNING: 7 repetitive deprecation warnings omitted.
Run in verbose mode to see all warnings.
                    ...done in 0.148387 seconds.
                    
      Regenerating: 1 file(s) changed at 2026-04-28 00:08:54
                    pages/research.md
       Jekyll Feed: Generating feed for posts
DEPRECATION WARNING [import]: Sass @import rules are deprecated and will be removed in Dart Sass 3.0.0.

More info and automated migrator: https://sass-lang.com/d/import

   ╷
27 │ @import "-sections-dir";
   │         ^^^^^^^^^^^^^^^
   ╵
    /Users/michellestar/Documents/GitHub/hello-michelle-star.github.io/assets/css/main.scss 27:9  root stylesheet
DEPRECATION WARNING [import]: Sass @import rules are deprecated and will be removed in Dart Sass 3.0.0.

More info and automated migrator: https://sass-lang.com/d/import

   ╷
28 │ @import 'about';
   │         ^^^^^^^
   ╵
    /Users/michellestar/Documents/GitHub/hello-michelle-star.github.io/assets/css/main.scss 28:9  root stylesheet
DEPRECATION WARNING [import]: Sass @import rules are deprecated and will be removed in Dart Sass 3.0.0.

More info and automated migrator: https://sass-lang.com/d/import

  ╷
2 │ @import "base",
  │         ^^^^^^
  ╵
    _-sections-dir.scss 2:9                                                                       @import
    /Users/michellestar/Documents/GitHub/hello-michelle-star.github.io/assets/css/main.scss 27:9  root stylesheet
DEPRECATION WARNING [import]: Sass @import rules are deprecated and will be removed in Dart Sass 3.0.0.

More info and automated migrator: https://sass-lang.com/d/import

  ╷
3 │         "code",
  │         ^^^^^^
  ╵
    _-sections-dir.scss 3:9                                                                       @import
    /Users/michellestar/Documents/GitHub/hello-michelle-star.github.io/assets/css/main.scss 27:9  root stylesheet
DEPRECATION WARNING [import]: Sass @import rules are deprecated and will be removed in Dart Sass 3.0.0.

More info and automated migrator: https://sass-lang.com/d/import

  ╷
4 │         "default",
  │         ^^^^^^^^^
  ╵
    _-sections-dir.scss 4:9                                                                       @import
    /Users/michellestar/Documents/GitHub/hello-michelle-star.github.io/assets/css/main.scss 27:9  root stylesheet
WARNING: 7 repetitive deprecation warnings omitted.
Run in verbose mode to see all warnings.
                    ...done in 0.096323 seconds.
                    
      Regenerating: 1 file(s) changed at 2026-04-28 00:11:11
                    pages/research.md
       Jekyll Feed: Generating feed for posts
DEPRECATION WARNING [import]: Sass @import rules are deprecated and will be removed in Dart Sass 3.0.0.

More info and automated migrator: https://sass-lang.com/d/import

   ╷
27 │ @import "-sections-dir";
   │         ^^^^^^^^^^^^^^^
   ╵
    /Users/michellestar/Documents/GitHub/hello-michelle-star.github.io/assets/css/main.scss 27:9  root stylesheet
DEPRECATION WARNING [import]: Sass @import rules are deprecated and will be removed in Dart Sass 3.0.0.

More info and automated migrator: https://sass-lang.com/d/import

   ╷
28 │ @import 'about';
   │         ^^^^^^^
   ╵
    /Users/michellestar/Documents/GitHub/hello-michelle-star.github.io/assets/css/main.scss 28:9  root stylesheet
DEPRECATION WARNING [import]: Sass @import rules are deprecated and will be removed in Dart Sass 3.0.0.

More info and automated migrator: https://sass-lang.com/d/import

  ╷
2 │ @import "base",
  │         ^^^^^^
  ╵
    _-sections-dir.scss 2:9                                                                       @import
    /Users/michellestar/Documents/GitHub/hello-michelle-star.github.io/assets/css/main.scss 27:9  root stylesheet
DEPRECATION WARNING [import]: Sass @import rules are deprecated and will be removed in Dart Sass 3.0.0.

More info and automated migrator: https://sass-lang.com/d/import

  ╷
3 │         "code",
  │         ^^^^^^
  ╵
    _-sections-dir.scss 3:9                                                                       @import
    /Users/michellestar/Documents/GitHub/hello-michelle-star.github.io/assets/css/main.scss 27:9  root stylesheet
DEPRECATION WARNING [import]: Sass @import rules are deprecated and will be removed in Dart Sass 3.0.0.

More info and automated migrator: https://sass-lang.com/d/import

  ╷
4 │         "default",
  │         ^^^^^^^^^
  ╵
    _-sections-dir.scss 4:9                                                                       @import
    /Users/michellestar/Documents/GitHub/hello-michelle-star.github.io/assets/css/main.scss 27:9  root stylesheet
WARNING: 7 repetitive deprecation warnings omitted.
Run in verbose mode to see all warnings.
                    ...done in 0.140117 seconds.
                    
      Regenerating: 1 file(s) changed at 2026-04-28 01:09:51
                    jekyll.log
       Jekyll Feed: Generating feed for posts
DEPRECATION WARNING [import]: Sass @import rules are deprecated and will be removed in Dart Sass 3.0.0.

More info and automated migrator: https://sass-lang.com/d/import

   ╷
27 │ @import "-sections-dir";
   │         ^^^^^^^^^^^^^^^
   ╵
    /Users/michellestar/Documents/GitHub/hello-michelle-star.github.io/assets/css/main.scss 27:9  root stylesheet
DEPRECATION WARNING [import]: Sass @import rules are deprecated and will be removed in Dart Sass 3.0.0.

More info and automated migrator: https://sass-lang.com/d/import

   ╷
28 │ @import 'about';
   │         ^^^^^^^
   ╵
    /Users/michellestar/Documents/GitHub/hello-michelle-star.github.io/assets/css/main.scss 28:9  root stylesheet
DEPRECATION WARNING [import]: Sass @import rules are deprecated and will be removed in Dart Sass 3.0.0.

More info and automated migrator: https://sass-lang.com/d/import

  ╷
2 │ @import "base",
  │         ^^^^^^
  ╵
    _-sections-dir.scss 2:9                                                                       @import
    /Users/michellestar/Documents/GitHub/hello-michelle-star.github.io/assets/css/main.scss 27:9  root stylesheet
DEPRECATION WARNING [import]: Sass @import rules are deprecated and will be removed in Dart Sass 3.0.0.

More info and automated migrator: https://sass-lang.com/d/import

  ╷
3 │         "code",
  │         ^^^^^^
  ╵
    _-sections-dir.scss 3:9                                                                       @import
    /Users/michellestar/Documents/GitHub/hello-michelle-star.github.io/assets/css/main.scss 27:9  root stylesheet
DEPRECATION WARNING [import]: Sass @import rules are deprecated and will be removed in Dart Sass 3.0.0.

More info and automated migrator: https://sass-lang.com/d/import

  ╷
4 │         "default",
  │         ^^^^^^^^^
  ╵
    _-sections-dir.scss 4:9                                                                       @import
    /Users/michellestar/Documents/GitHub/hello-michelle-star.github.io/assets/css/main.scss 27:9  root stylesheet
WARNING: 7 repetitive deprecation warnings omitted.
Run in verbose mode to see all warnings.
                    ...done in 0.102596 seconds.
                    
      Regenerating: 1 file(s) changed at 2026-04-28 02:41:07
                    jekyll.log
       Jekyll Feed: Generating feed for posts
DEPRECATION WARNING [import]: Sass @import rules are deprecated and will be removed in Dart Sass 3.0.0.

More info and automated migrator: https://sass-lang.com/d/import

   ╷
27 │ @import "-sections-dir";
   │         ^^^^^^^^^^^^^^^
   ╵
    /Users/michellestar/Documents/GitHub/hello-michelle-star.github.io/assets/css/main.scss 27:9  root stylesheet
DEPRECATION WARNING [import]: Sass @import rules are deprecated and will be removed in Dart Sass 3.0.0.

More info and automated migrator: https://sass-lang.com/d/import

   ╷
28 │ @import 'about';
   │         ^^^^^^^
   ╵
    /Users/michellestar/Documents/GitHub/hello-michelle-star.github.io/assets/css/main.scss 28:9  root stylesheet
DEPRECATION WARNING [import]: Sass @import rules are deprecated and will be removed in Dart Sass 3.0.0.

More info and automated migrator: https://sass-lang.com/d/import

  ╷
2 │ @import "base",
  │         ^^^^^^
  ╵
    _-sections-dir.scss 2:9                                                                       @import
    /Users/michellestar/Documents/GitHub/hello-michelle-star.github.io/assets/css/main.scss 27:9  root stylesheet
DEPRECATION WARNING [import]: Sass @import rules are deprecated and will be removed in Dart Sass 3.0.0.

More info and automated migrator: https://sass-lang.com/d/import

  ╷
3 │         "code",
  │         ^^^^^^
  ╵
    _-sections-dir.scss 3:9                                                                       @import
    /Users/michellestar/Documents/GitHub/hello-michelle-star.github.io/assets/css/main.scss 27:9  root stylesheet
DEPRECATION WARNING [import]: Sass @import rules are deprecated and will be removed in Dart Sass 3.0.0.

More info and automated migrator: https://sass-lang.com/d/import

  ╷
4 │         "default",
  │         ^^^^^^^^^
  ╵
    _-sections-dir.scss 4:9                                                                       @import
    /Users/michellestar/Documents/GitHub/hello-michelle-star.github.io/assets/css/main.scss 27:9  root stylesheet
WARNING: 7 repetitive deprecation warnings omitted.
Run in verbose mode to see all warnings.
                    ...done in 0.10773 seconds.
                    
      Regenerating: 1 file(s) changed at 2026-04-28 04:56:11
                    jekyll.log
       Jekyll Feed: Generating feed for posts
DEPRECATION WARNING [import]: Sass @import rules are deprecated and will be removed in Dart Sass 3.0.0.

More info and automated migrator: https://sass-lang.com/d/import

   ╷
27 │ @import "-sections-dir";
   │         ^^^^^^^^^^^^^^^
   ╵
    /Users/michellestar/Documents/GitHub/hello-michelle-star.github.io/assets/css/main.scss 27:9  root stylesheet
DEPRECATION WARNING [import]: Sass @import rules are deprecated and will be removed in Dart Sass 3.0.0.

More info and automated migrator: https://sass-lang.com/d/import

   ╷
28 │ @import 'about';
   │         ^^^^^^^
   ╵
    /Users/michellestar/Documents/GitHub/hello-michelle-star.github.io/assets/css/main.scss 28:9  root stylesheet
DEPRECATION WARNING [import]: Sass @import rules are deprecated and will be removed in Dart Sass 3.0.0.

More info and automated migrator: https://sass-lang.com/d/import

  ╷
2 │ @import "base",
  │         ^^^^^^
  ╵
    _-sections-dir.scss 2:9                                                                       @import
    /Users/michellestar/Documents/GitHub/hello-michelle-star.github.io/assets/css/main.scss 27:9  root stylesheet
DEPRECATION WARNING [import]: Sass @import rules are deprecated and will be removed in Dart Sass 3.0.0.

More info and automated migrator: https://sass-lang.com/d/import

  ╷
3 │         "code",
  │         ^^^^^^
  ╵
    _-sections-dir.scss 3:9                                                                       @import
    /Users/michellestar/Documents/GitHub/hello-michelle-star.github.io/assets/css/main.scss 27:9  root stylesheet
DEPRECATION WARNING [import]: Sass @import rules are deprecated and will be removed in Dart Sass 3.0.0.

More info and automated migrator: https://sass-lang.com/d/import

  ╷
4 │         "default",
  │         ^^^^^^^^^
  ╵
    _-sections-dir.scss 4:9                                                                       @import
    /Users/michellestar/Documents/GitHub/hello-michelle-star.github.io/assets/css/main.scss 27:9  root stylesheet
WARNING: 7 repetitive deprecation warnings omitted.
Run in verbose mode to see all warnings.
                    ...done in 0.09078 seconds.
                    
      Regenerating: 1 file(s) changed at 2026-04-28 06:54:31
                    jekyll.log
       Jekyll Feed: Generating feed for posts
DEPRECATION WARNING [import]: Sass @import rules are deprecated and will be removed in Dart Sass 3.0.0.

More info and automated migrator: https://sass-lang.com/d/import

   ╷
27 │ @import "-sections-dir";
   │         ^^^^^^^^^^^^^^^
   ╵
    /Users/michellestar/Documents/GitHub/hello-michelle-star.github.io/assets/css/main.scss 27:9  root stylesheet
DEPRECATION WARNING [import]: Sass @import rules are deprecated and will be removed in Dart Sass 3.0.0.

More info and automated migrator: https://sass-lang.com/d/import

   ╷
28 │ @import 'about';
   │         ^^^^^^^
   ╵
    /Users/michellestar/Documents/GitHub/hello-michelle-star.github.io/assets/css/main.scss 28:9  root stylesheet
DEPRECATION WARNING [import]: Sass @import rules are deprecated and will be removed in Dart Sass 3.0.0.

More info and automated migrator: https://sass-lang.com/d/import

  ╷
2 │ @import "base",
  │         ^^^^^^
  ╵
    _-sections-dir.scss 2:9                                                                       @import
    /Users/michellestar/Documents/GitHub/hello-michelle-star.github.io/assets/css/main.scss 27:9  root stylesheet
DEPRECATION WARNING [import]: Sass @import rules are deprecated and will be removed in Dart Sass 3.0.0.

More info and automated migrator: https://sass-lang.com/d/import

  ╷
3 │         "code",
  │         ^^^^^^
  ╵
    _-sections-dir.scss 3:9                                                                       @import
    /Users/michellestar/Documents/GitHub/hello-michelle-star.github.io/assets/css/main.scss 27:9  root stylesheet
DEPRECATION WARNING [import]: Sass @import rules are deprecated and will be removed in Dart Sass 3.0.0.

More info and automated migrator: https://sass-lang.com/d/import

  ╷
4 │         "default",
  │         ^^^^^^^^^
  ╵
    _-sections-dir.scss 4:9                                                                       @import
    /Users/michellestar/Documents/GitHub/hello-michelle-star.github.io/assets/css/main.scss 27:9  root stylesheet
WARNING: 7 repetitive deprecation warnings omitted.
Run in verbose mode to see all warnings.
                    ...done in 0.118285 seconds.
                    
      Regenerating: 1 file(s) changed at 2026-04-28 08:55:43
                    jekyll.log
       Jekyll Feed: Generating feed for posts
DEPRECATION WARNING [import]: Sass @import rules are deprecated and will be removed in Dart Sass 3.0.0.

More info and automated migrator: https://sass-lang.com/d/import

   ╷
27 │ @import "-sections-dir";
   │         ^^^^^^^^^^^^^^^
   ╵
    /Users/michellestar/Documents/GitHub/hello-michelle-star.github.io/assets/css/main.scss 27:9  root stylesheet
DEPRECATION WARNING [import]: Sass @import rules are deprecated and will be removed in Dart Sass 3.0.0.

More info and automated migrator: https://sass-lang.com/d/import

   ╷
28 │ @import 'about';
   │         ^^^^^^^
   ╵
    /Users/michellestar/Documents/GitHub/hello-michelle-star.github.io/assets/css/main.scss 28:9  root stylesheet
DEPRECATION WARNING [import]: Sass @import rules are deprecated and will be removed in Dart Sass 3.0.0.

More info and automated migrator: https://sass-lang.com/d/import

  ╷
2 │ @import "base",
  │         ^^^^^^
  ╵
    _-sections-dir.scss 2:9                                                                       @import
    /Users/michellestar/Documents/GitHub/hello-michelle-star.github.io/assets/css/main.scss 27:9  root stylesheet
DEPRECATION WARNING [import]: Sass @import rules are deprecated and will be removed in Dart Sass 3.0.0.

More info and automated migrator: https://sass-lang.com/d/import

  ╷
3 │         "code",
  │         ^^^^^^
  ╵
    _-sections-dir.scss 3:9                                                                       @import
    /Users/michellestar/Documents/GitHub/hello-michelle-star.github.io/assets/css/main.scss 27:9  root stylesheet
DEPRECATION WARNING [import]: Sass @import rules are deprecated and will be removed in Dart Sass 3.0.0.

More info and automated migrator: https://sass-lang.com/d/import

  ╷
4 │         "default",
  │         ^^^^^^^^^
  ╵
    _-sections-dir.scss 4:9                                                                       @import
    /Users/michellestar/Documents/GitHub/hello-michelle-star.github.io/assets/css/main.scss 27:9  root stylesheet
WARNING: 7 repetitive deprecation warnings omitted.
Run in verbose mode to see all warnings.
                    ...done in 0.112944 seconds.
                    
      Regenerating: 1 file(s) changed at 2026-04-28 09:31:48
                    jekyll.log
       Jekyll Feed: Generating feed for posts
DEPRECATION WARNING [import]: Sass @import rules are deprecated and will be removed in Dart Sass 3.0.0.

More info and automated migrator: https://sass-lang.com/d/import

   ╷
27 │ @import "-sections-dir";
   │         ^^^^^^^^^^^^^^^
   ╵
    /Users/michellestar/Documents/GitHub/hello-michelle-star.github.io/assets/css/main.scss 27:9  root stylesheet
DEPRECATION WARNING [import]: Sass @import rules are deprecated and will be removed in Dart Sass 3.0.0.

More info and automated migrator: https://sass-lang.com/d/import

   ╷
28 │ @import 'about';
   │         ^^^^^^^
   ╵
    /Users/michellestar/Documents/GitHub/hello-michelle-star.github.io/assets/css/main.scss 28:9  root stylesheet
DEPRECATION WARNING [import]: Sass @import rules are deprecated and will be removed in Dart Sass 3.0.0.

More info and automated migrator: https://sass-lang.com/d/import

  ╷
2 │ @import "base",
  │         ^^^^^^
  ╵
    _-sections-dir.scss 2:9                                                                       @import
    /Users/michellestar/Documents/GitHub/hello-michelle-star.github.io/assets/css/main.scss 27:9  root stylesheet
DEPRECATION WARNING [import]: Sass @import rules are deprecated and will be removed in Dart Sass 3.0.0.

More info and automated migrator: https://sass-lang.com/d/import

  ╷
3 │         "code",
  │         ^^^^^^
  ╵
    _-sections-dir.scss 3:9                                                                       @import
    /Users/michellestar/Documents/GitHub/hello-michelle-star.github.io/assets/css/main.scss 27:9  root stylesheet
DEPRECATION WARNING [import]: Sass @import rules are deprecated and will be removed in Dart Sass 3.0.0.

More info and automated migrator: https://sass-lang.com/d/import

  ╷
4 │         "default",
  │         ^^^^^^^^^
  ╵
    _-sections-dir.scss 4:9                                                                       @import
    /Users/michellestar/Documents/GitHub/hello-michelle-star.github.io/assets/css/main.scss 27:9  root stylesheet
WARNING: 7 repetitive deprecation warnings omitted.
Run in verbose mode to see all warnings.
                    ...done in 0.10335 seconds.
                    
      Regenerating: 1 file(s) changed at 2026-04-28 10:09:02
                    jekyll.log
       Jekyll Feed: Generating feed for posts
DEPRECATION WARNING [import]: Sass @import rules are deprecated and will be removed in Dart Sass 3.0.0.

More info and automated migrator: https://sass-lang.com/d/import

   ╷
27 │ @import "-sections-dir";
   │         ^^^^^^^^^^^^^^^
   ╵
    /Users/michellestar/Documents/GitHub/hello-michelle-star.github.io/assets/css/main.scss 27:9  root stylesheet
DEPRECATION WARNING [import]: Sass @import rules are deprecated and will be removed in Dart Sass 3.0.0.

More info and automated migrator: https://sass-lang.com/d/import

   ╷
28 │ @import 'about';
   │         ^^^^^^^
   ╵
    /Users/michellestar/Documents/GitHub/hello-michelle-star.github.io/assets/css/main.scss 28:9  root stylesheet
DEPRECATION WARNING [import]: Sass @import rules are deprecated and will be removed in Dart Sass 3.0.0.

More info and automated migrator: https://sass-lang.com/d/import

  ╷
2 │ @import "base",
  │         ^^^^^^
  ╵
    _-sections-dir.scss 2:9                                                                       @import
    /Users/michellestar/Documents/GitHub/hello-michelle-star.github.io/assets/css/main.scss 27:9  root stylesheet
DEPRECATION WARNING [import]: Sass @import rules are deprecated and will be removed in Dart Sass 3.0.0.

More info and automated migrator: https://sass-lang.com/d/import

  ╷
3 │         "code",
  │         ^^^^^^
  ╵
    _-sections-dir.scss 3:9                                                                       @import
    /Users/michellestar/Documents/GitHub/hello-michelle-star.github.io/assets/css/main.scss 27:9  root stylesheet
DEPRECATION WARNING [import]: Sass @import rules are deprecated and will be removed in Dart Sass 3.0.0.

More info and automated migrator: https://sass-lang.com/d/import

  ╷
4 │         "default",
  │         ^^^^^^^^^
  ╵
    _-sections-dir.scss 4:9                                                                       @import
    /Users/michellestar/Documents/GitHub/hello-michelle-star.github.io/assets/css/main.scss 27:9  root stylesheet
WARNING: 7 repetitive deprecation warnings omitted.
Run in verbose mode to see all warnings.
                    ...done in 0.108338 seconds.
                    
      Regenerating: 1 file(s) changed at 2026-04-28 10:09:07
                    jekyll.log
       Jekyll Feed: Generating feed for posts
DEPRECATION WARNING [import]: Sass @import rules are deprecated and will be removed in Dart Sass 3.0.0.

More info and automated migrator: https://sass-lang.com/d/import

   ╷
27 │ @import "-sections-dir";
   │         ^^^^^^^^^^^^^^^
   ╵
    /Users/michellestar/Documents/GitHub/hello-michelle-star.github.io/assets/css/main.scss 27:9  root stylesheet
DEPRECATION WARNING [import]: Sass @import rules are deprecated and will be removed in Dart Sass 3.0.0.

More info and automated migrator: https://sass-lang.com/d/import

   ╷
28 │ @import 'about';
   │         ^^^^^^^
   ╵
    /Users/michellestar/Documents/GitHub/hello-michelle-star.github.io/assets/css/main.scss 28:9  root stylesheet
DEPRECATION WARNING [import]: Sass @import rules are deprecated and will be removed in Dart Sass 3.0.0.

More info and automated migrator: https://sass-lang.com/d/import

  ╷
2 │ @import "base",
  │         ^^^^^^
  ╵
    _-sections-dir.scss 2:9                                                                       @import
    /Users/michellestar/Documents/GitHub/hello-michelle-star.github.io/assets/css/main.scss 27:9  root stylesheet
DEPRECATION WARNING [import]: Sass @import rules are deprecated and will be removed in Dart Sass 3.0.0.

More info and automated migrator: https://sass-lang.com/d/import

  ╷
3 │         "code",
  │         ^^^^^^
  ╵
    _-sections-dir.scss 3:9                                                                       @import
    /Users/michellestar/Documents/GitHub/hello-michelle-star.github.io/assets/css/main.scss 27:9  root stylesheet
DEPRECATION WARNING [import]: Sass @import rules are deprecated and will be removed in Dart Sass 3.0.0.

More info and automated migrator: https://sass-lang.com/d/import

  ╷
4 │         "default",
  │         ^^^^^^^^^
  ╵
    _-sections-dir.scss 4:9                                                                       @import
    /Users/michellestar/Documents/GitHub/hello-michelle-star.github.io/assets/css/main.scss 27:9  root stylesheet
WARNING: 7 repetitive deprecation warnings omitted.
Run in verbose mode to see all warnings.
                    ...done in 0.061273 seconds.
                    
      Regenerating: 1 file(s) changed at 2026-04-28 10:12:47
                    assets/img/art/girl.jpg
       Jekyll Feed: Generating feed for posts
DEPRECATION WARNING [import]: Sass @import rules are deprecated and will be removed in Dart Sass 3.0.0.

More info and automated migrator: https://sass-lang.com/d/import

   ╷
27 │ @import "-sections-dir";
   │         ^^^^^^^^^^^^^^^
   ╵
    /Users/michellestar/Documents/GitHub/hello-michelle-star.github.io/assets/css/main.scss 27:9  root stylesheet
DEPRECATION WARNING [import]: Sass @import rules are deprecated and will be removed in Dart Sass 3.0.0.

More info and automated migrator: https://sass-lang.com/d/import

   ╷
28 │ @import 'about';
   │         ^^^^^^^
   ╵
    /Users/michellestar/Documents/GitHub/hello-michelle-star.github.io/assets/css/main.scss 28:9  root stylesheet
DEPRECATION WARNING [import]: Sass @import rules are deprecated and will be removed in Dart Sass 3.0.0.

More info and automated migrator: https://sass-lang.com/d/import

  ╷
2 │ @import "base",
  │         ^^^^^^
  ╵
    _-sections-dir.scss 2:9                                                                       @import
    /Users/michellestar/Documents/GitHub/hello-michelle-star.github.io/assets/css/main.scss 27:9  root stylesheet
DEPRECATION WARNING [import]: Sass @import rules are deprecated and will be removed in Dart Sass 3.0.0.

More info and automated migrator: https://sass-lang.com/d/import

  ╷
3 │         "code",
  │         ^^^^^^
  ╵
    _-sections-dir.scss 3:9                                                                       @import
    /Users/michellestar/Documents/GitHub/hello-michelle-star.github.io/assets/css/main.scss 27:9  root stylesheet
DEPRECATION WARNING [import]: Sass @import rules are deprecated and will be removed in Dart Sass 3.0.0.

More info and automated migrator: https://sass-lang.com/d/import

  ╷
4 │         "default",
  │         ^^^^^^^^^
  ╵
    _-sections-dir.scss 4:9                                                                       @import
    /Users/michellestar/Documents/GitHub/hello-michelle-star.github.io/assets/css/main.scss 27:9  root stylesheet
WARNING: 7 repetitive deprecation warnings omitted.
Run in verbose mode to see all warnings.
                    ...done in 0.127379 seconds.
                    
      Regenerating: 1 file(s) changed at 2026-04-28 10:17:18
                    pages/art.md
       Jekyll Feed: Generating feed for posts
DEPRECATION WARNING [import]: Sass @import rules are deprecated and will be removed in Dart Sass 3.0.0.

More info and automated migrator: https://sass-lang.com/d/import

   ╷
27 │ @import "-sections-dir";
   │         ^^^^^^^^^^^^^^^
   ╵
    /Users/michellestar/Documents/GitHub/hello-michelle-star.github.io/assets/css/main.scss 27:9  root stylesheet
DEPRECATION WARNING [import]: Sass @import rules are deprecated and will be removed in Dart Sass 3.0.0.

More info and automated migrator: https://sass-lang.com/d/import

   ╷
28 │ @import 'about';
   │         ^^^^^^^
   ╵
    /Users/michellestar/Documents/GitHub/hello-michelle-star.github.io/assets/css/main.scss 28:9  root stylesheet
DEPRECATION WARNING [import]: Sass @import rules are deprecated and will be removed in Dart Sass 3.0.0.

More info and automated migrator: https://sass-lang.com/d/import

  ╷
2 │ @import "base",
  │         ^^^^^^
  ╵
    _-sections-dir.scss 2:9                                                                       @import
    /Users/michellestar/Documents/GitHub/hello-michelle-star.github.io/assets/css/main.scss 27:9  root stylesheet
DEPRECATION WARNING [import]: Sass @import rules are deprecated and will be removed in Dart Sass 3.0.0.

More info and automated migrator: https://sass-lang.com/d/import

  ╷
3 │         "code",
  │         ^^^^^^
  ╵
    _-sections-dir.scss 3:9                                                                       @import
    /Users/michellestar/Documents/GitHub/hello-michelle-star.github.io/assets/css/main.scss 27:9  root stylesheet
DEPRECATION WARNING [import]: Sass @import rules are deprecated and will be removed in Dart Sass 3.0.0.

More info and automated migrator: https://sass-lang.com/d/import

  ╷
4 │         "default",
  │         ^^^^^^^^^
  ╵
    _-sections-dir.scss 4:9                                                                       @import
    /Users/michellestar/Documents/GitHub/hello-michelle-star.github.io/assets/css/main.scss 27:9  root stylesheet
WARNING: 7 repetitive deprecation warnings omitted.
Run in verbose mode to see all warnings.
                    ...done in 0.122456 seconds.
                    
      Regenerating: 1 file(s) changed at 2026-04-28 10:40:38
                    _posts/2026-04-18
       Jekyll Feed: Generating feed for posts
DEPRECATION WARNING [import]: Sass @import rules are deprecated and will be removed in Dart Sass 3.0.0.

More info and automated migrator: https://sass-lang.com/d/import

   ╷
27 │ @import "-sections-dir";
   │         ^^^^^^^^^^^^^^^
   ╵
    /Users/michellestar/Documents/GitHub/hello-michelle-star.github.io/assets/css/main.scss 27:9  root stylesheet
DEPRECATION WARNING [import]: Sass @import rules are deprecated and will be removed in Dart Sass 3.0.0.

More info and automated migrator: https://sass-lang.com/d/import

   ╷
28 │ @import 'about';
   │         ^^^^^^^
   ╵
    /Users/michellestar/Documents/GitHub/hello-michelle-star.github.io/assets/css/main.scss 28:9  root stylesheet
DEPRECATION WARNING [import]: Sass @import rules are deprecated and will be removed in Dart Sass 3.0.0.

More info and automated migrator: https://sass-lang.com/d/import

  ╷
2 │ @import "base",
  │         ^^^^^^
  ╵
    _-sections-dir.scss 2:9                                                                       @import
    /Users/michellestar/Documents/GitHub/hello-michelle-star.github.io/assets/css/main.scss 27:9  root stylesheet
DEPRECATION WARNING [import]: Sass @import rules are deprecated and will be removed in Dart Sass 3.0.0.

More info and automated migrator: https://sass-lang.com/d/import

  ╷
3 │         "code",
  │         ^^^^^^
  ╵
    _-sections-dir.scss 3:9                                                                       @import
    /Users/michellestar/Documents/GitHub/hello-michelle-star.github.io/assets/css/main.scss 27:9  root stylesheet
DEPRECATION WARNING [import]: Sass @import rules are deprecated and will be removed in Dart Sass 3.0.0.

More info and automated migrator: https://sass-lang.com/d/import

  ╷
4 │         "default",
  │         ^^^^^^^^^
  ╵
    _-sections-dir.scss 4:9                                                                       @import
    /Users/michellestar/Documents/GitHub/hello-michelle-star.github.io/assets/css/main.scss 27:9  root stylesheet
WARNING: 7 repetitive deprecation warnings omitted.
Run in verbose mode to see all warnings.
                    ...done in 0.114267 seconds.
                    
      Regenerating: 1 file(s) changed at 2026-04-28 10:40:40
                    jekyll.log
       Jekyll Feed: Generating feed for posts
DEPRECATION WARNING [import]: Sass @import rules are deprecated and will be removed in Dart Sass 3.0.0.

More info and automated migrator: https://sass-lang.com/d/import

   ╷
27 │ @import "-sections-dir";
   │         ^^^^^^^^^^^^^^^
   ╵
    /Users/michellestar/Documents/GitHub/hello-michelle-star.github.io/assets/css/main.scss 27:9  root stylesheet
DEPRECATION WARNING [import]: Sass @import rules are deprecated and will be removed in Dart Sass 3.0.0.

More info and automated migrator: https://sass-lang.com/d/import

   ╷
28 │ @import 'about';
   │         ^^^^^^^
   ╵
    /Users/michellestar/Documents/GitHub/hello-michelle-star.github.io/assets/css/main.scss 28:9  root stylesheet
DEPRECATION WARNING [import]: Sass @import rules are deprecated and will be removed in Dart Sass 3.0.0.

More info and automated migrator: https://sass-lang.com/d/import

  ╷
2 │ @import "base",
  │         ^^^^^^
  ╵
    _-sections-dir.scss 2:9                                                                       @import
    /Users/michellestar/Documents/GitHub/hello-michelle-star.github.io/assets/css/main.scss 27:9  root stylesheet
DEPRECATION WARNING [import]: Sass @import rules are deprecated and will be removed in Dart Sass 3.0.0.

More info and automated migrator: https://sass-lang.com/d/import

  ╷
3 │         "code",
  │         ^^^^^^
  ╵
    _-sections-dir.scss 3:9                                                                       @import
    /Users/michellestar/Documents/GitHub/hello-michelle-star.github.io/assets/css/main.scss 27:9  root stylesheet
DEPRECATION WARNING [import]: Sass @import rules are deprecated and will be removed in Dart Sass 3.0.0.

More info and automated migrator: https://sass-lang.com/d/import

  ╷
4 │         "default",
  │         ^^^^^^^^^
  ╵
    _-sections-dir.scss 4:9                                                                       @import
    /Users/michellestar/Documents/GitHub/hello-michelle-star.github.io/assets/css/main.scss 27:9  root stylesheet
WARNING: 7 repetitive deprecation warnings omitted.
Run in verbose mode to see all warnings.
                    ...done in 0.054584 seconds.
                    
      Regenerating: 2 file(s) changed at 2026-04-28 10:41:05
                    _posts/2026-04-18-chi.md
                    _posts/2026-04-18
       Jekyll Feed: Generating feed for posts
DEPRECATION WARNING [import]: Sass @import rules are deprecated and will be removed in Dart Sass 3.0.0.

More info and automated migrator: https://sass-lang.com/d/import

   ╷
27 │ @import "-sections-dir";
   │         ^^^^^^^^^^^^^^^
   ╵
    /Users/michellestar/Documents/GitHub/hello-michelle-star.github.io/assets/css/main.scss 27:9  root stylesheet
DEPRECATION WARNING [import]: Sass @import rules are deprecated and will be removed in Dart Sass 3.0.0.

More info and automated migrator: https://sass-lang.com/d/import

   ╷
28 │ @import 'about';
   │         ^^^^^^^
   ╵
    /Users/michellestar/Documents/GitHub/hello-michelle-star.github.io/assets/css/main.scss 28:9  root stylesheet
DEPRECATION WARNING [import]: Sass @import rules are deprecated and will be removed in Dart Sass 3.0.0.

More info and automated migrator: https://sass-lang.com/d/import

  ╷
2 │ @import "base",
  │         ^^^^^^
  ╵
    _-sections-dir.scss 2:9                                                                       @import
    /Users/michellestar/Documents/GitHub/hello-michelle-star.github.io/assets/css/main.scss 27:9  root stylesheet
DEPRECATION WARNING [import]: Sass @import rules are deprecated and will be removed in Dart Sass 3.0.0.

More info and automated migrator: https://sass-lang.com/d/import

  ╷
3 │         "code",
  │         ^^^^^^
  ╵
    _-sections-dir.scss 3:9                                                                       @import
    /Users/michellestar/Documents/GitHub/hello-michelle-star.github.io/assets/css/main.scss 27:9  root stylesheet
DEPRECATION WARNING [import]: Sass @import rules are deprecated and will be removed in Dart Sass 3.0.0.

More info and automated migrator: https://sass-lang.com/d/import

  ╷
4 │         "default",
  │         ^^^^^^^^^
  ╵
    _-sections-dir.scss 4:9                                                                       @import
    /Users/michellestar/Documents/GitHub/hello-michelle-star.github.io/assets/css/main.scss 27:9  root stylesheet
WARNING: 7 repetitive deprecation warnings omitted.
Run in verbose mode to see all warnings.
                    ...done in 0.069712 seconds.
                    
      Regenerating: 1 file(s) changed at 2026-04-28 10:41:07
                    jekyll.log
       Jekyll Feed: Generating feed for posts
DEPRECATION WARNING [import]: Sass @import rules are deprecated and will be removed in Dart Sass 3.0.0.

More info and automated migrator: https://sass-lang.com/d/import

   ╷
27 │ @import "-sections-dir";
   │         ^^^^^^^^^^^^^^^
   ╵
    /Users/michellestar/Documents/GitHub/hello-michelle-star.github.io/assets/css/main.scss 27:9  root stylesheet
DEPRECATION WARNING [import]: Sass @import rules are deprecated and will be removed in Dart Sass 3.0.0.

More info and automated migrator: https://sass-lang.com/d/import

   ╷
28 │ @import 'about';
   │         ^^^^^^^
   ╵
    /Users/michellestar/Documents/GitHub/hello-michelle-star.github.io/assets/css/main.scss 28:9  root stylesheet
DEPRECATION WARNING [import]: Sass @import rules are deprecated and will be removed in Dart Sass 3.0.0.

More info and automated migrator: https://sass-lang.com/d/import

  ╷
2 │ @import "base",
  │         ^^^^^^
  ╵
    _-sections-dir.scss 2:9                                                                       @import
    /Users/michellestar/Documents/GitHub/hello-michelle-star.github.io/assets/css/main.scss 27:9  root stylesheet
DEPRECATION WARNING [import]: Sass @import rules are deprecated and will be removed in Dart Sass 3.0.0.

More info and automated migrator: https://sass-lang.com/d/import

  ╷
3 │         "code",
  │         ^^^^^^
  ╵
    _-sections-dir.scss 3:9                                                                       @import
    /Users/michellestar/Documents/GitHub/hello-michelle-star.github.io/assets/css/main.scss 27:9  root stylesheet
DEPRECATION WARNING [import]: Sass @import rules are deprecated and will be removed in Dart Sass 3.0.0.

More info and automated migrator: https://sass-lang.com/d/import

  ╷
4 │         "default",
  │         ^^^^^^^^^
  ╵
    _-sections-dir.scss 4:9                                                                       @import
    /Users/michellestar/Documents/GitHub/hello-michelle-star.github.io/assets/css/main.scss 27:9  root stylesheet
WARNING: 7 repetitive deprecation warnings omitted.
Run in verbose mode to see all warnings.
                    ...done in 0.068827 seconds.
                    
      Regenerating: 1 file(s) changed at 2026-04-28 10:41:16
                    _posts/2026-04-18-chi.md
       Jekyll Feed: Generating feed for posts
DEPRECATION WARNING [import]: Sass @import rules are deprecated and will be removed in Dart Sass 3.0.0.

More info and automated migrator: https://sass-lang.com/d/import

   ╷
27 │ @import "-sections-dir";
   │         ^^^^^^^^^^^^^^^
   ╵
    /Users/michellestar/Documents/GitHub/hello-michelle-star.github.io/assets/css/main.scss 27:9  root stylesheet
DEPRECATION WARNING [import]: Sass @import rules are deprecated and will be removed in Dart Sass 3.0.0.

More info and automated migrator: https://sass-lang.com/d/import

   ╷
28 │ @import 'about';
   │         ^^^^^^^
   ╵
    /Users/michellestar/Documents/GitHub/hello-michelle-star.github.io/assets/css/main.scss 28:9  root stylesheet
DEPRECATION WARNING [import]: Sass @import rules are deprecated and will be removed in Dart Sass 3.0.0.

More info and automated migrator: https://sass-lang.com/d/import

  ╷
2 │ @import "base",
  │         ^^^^^^
  ╵
    _-sections-dir.scss 2:9                                                                       @import
    /Users/michellestar/Documents/GitHub/hello-michelle-star.github.io/assets/css/main.scss 27:9  root stylesheet
DEPRECATION WARNING [import]: Sass @import rules are deprecated and will be removed in Dart Sass 3.0.0.

More info and automated migrator: https://sass-lang.com/d/import

  ╷
3 │         "code",
  │         ^^^^^^
  ╵
    _-sections-dir.scss 3:9                                                                       @import
    /Users/michellestar/Documents/GitHub/hello-michelle-star.github.io/assets/css/main.scss 27:9  root stylesheet
DEPRECATION WARNING [import]: Sass @import rules are deprecated and will be removed in Dart Sass 3.0.0.

More info and automated migrator: https://sass-lang.com/d/import

  ╷
4 │         "default",
  │         ^^^^^^^^^
  ╵
    _-sections-dir.scss 4:9                                                                       @import
    /Users/michellestar/Documents/GitHub/hello-michelle-star.github.io/assets/css/main.scss 27:9  root stylesheet
WARNING: 7 repetitive deprecation warnings omitted.
Run in verbose mode to see all warnings.
                    ...done in 0.046013 seconds.
                    
      Regenerating: 1 file(s) changed at 2026-04-28 10:42:51
                    _posts/2026-04-18-chi.md
       Jekyll Feed: Generating feed for posts
DEPRECATION WARNING [import]: Sass @import rules are deprecated and will be removed in Dart Sass 3.0.0.

More info and automated migrator: https://sass-lang.com/d/import

   ╷
27 │ @import "-sections-dir";
   │         ^^^^^^^^^^^^^^^
   ╵
    /Users/michellestar/Documents/GitHub/hello-michelle-star.github.io/assets/css/main.scss 27:9  root stylesheet
DEPRECATION WARNING [import]: Sass @import rules are deprecated and will be removed in Dart Sass 3.0.0.

More info and automated migrator: https://sass-lang.com/d/import

   ╷
28 │ @import 'about';
   │         ^^^^^^^
   ╵
    /Users/michellestar/Documents/GitHub/hello-michelle-star.github.io/assets/css/main.scss 28:9  root stylesheet
DEPRECATION WARNING [import]: Sass @import rules are deprecated and will be removed in Dart Sass 3.0.0.

More info and automated migrator: https://sass-lang.com/d/import

  ╷
2 │ @import "base",
  │         ^^^^^^
  ╵
    _-sections-dir.scss 2:9                                                                       @import
    /Users/michellestar/Documents/GitHub/hello-michelle-star.github.io/assets/css/main.scss 27:9  root stylesheet
DEPRECATION WARNING [import]: Sass @import rules are deprecated and will be removed in Dart Sass 3.0.0.

More info and automated migrator: https://sass-lang.com/d/import

  ╷
3 │         "code",
  │         ^^^^^^
  ╵
    _-sections-dir.scss 3:9                                                                       @import
    /Users/michellestar/Documents/GitHub/hello-michelle-star.github.io/assets/css/main.scss 27:9  root stylesheet
DEPRECATION WARNING [import]: Sass @import rules are deprecated and will be removed in Dart Sass 3.0.0.

More info and automated migrator: https://sass-lang.com/d/import

  ╷
4 │         "default",
  │         ^^^^^^^^^
  ╵
    _-sections-dir.scss 4:9                                                                       @import
    /Users/michellestar/Documents/GitHub/hello-michelle-star.github.io/assets/css/main.scss 27:9  root stylesheet
WARNING: 7 repetitive deprecation warnings omitted.
Run in verbose mode to see all warnings.
                    ...done in 0.119947 seconds.
                    
      Regenerating: 1 file(s) changed at 2026-04-28 10:42:52
                    _posts/2026-04-18-chi.md
       Jekyll Feed: Generating feed for posts
DEPRECATION WARNING [import]: Sass @import rules are deprecated and will be removed in Dart Sass 3.0.0.

More info and automated migrator: https://sass-lang.com/d/import

   ╷
27 │ @import "-sections-dir";
   │         ^^^^^^^^^^^^^^^
   ╵
    /Users/michellestar/Documents/GitHub/hello-michelle-star.github.io/assets/css/main.scss 27:9  root stylesheet
DEPRECATION WARNING [import]: Sass @import rules are deprecated and will be removed in Dart Sass 3.0.0.

More info and automated migrator: https://sass-lang.com/d/import

   ╷
28 │ @import 'about';
   │         ^^^^^^^
   ╵
    /Users/michellestar/Documents/GitHub/hello-michelle-star.github.io/assets/css/main.scss 28:9  root stylesheet
DEPRECATION WARNING [import]: Sass @import rules are deprecated and will be removed in Dart Sass 3.0.0.

More info and automated migrator: https://sass-lang.com/d/import

  ╷
2 │ @import "base",
  │         ^^^^^^
  ╵
    _-sections-dir.scss 2:9                                                                       @import
    /Users/michellestar/Documents/GitHub/hello-michelle-star.github.io/assets/css/main.scss 27:9  root stylesheet
DEPRECATION WARNING [import]: Sass @import rules are deprecated and will be removed in Dart Sass 3.0.0.

More info and automated migrator: https://sass-lang.com/d/import

  ╷
3 │         "code",
  │         ^^^^^^
  ╵
    _-sections-dir.scss 3:9                                                                       @import
    /Users/michellestar/Documents/GitHub/hello-michelle-star.github.io/assets/css/main.scss 27:9  root stylesheet
DEPRECATION WARNING [import]: Sass @import rules are deprecated and will be removed in Dart Sass 3.0.0.

More info and automated migrator: https://sass-lang.com/d/import

  ╷
4 │         "default",
  │         ^^^^^^^^^
  ╵
    _-sections-dir.scss 4:9                                                                       @import
    /Users/michellestar/Documents/GitHub/hello-michelle-star.github.io/assets/css/main.scss 27:9  root stylesheet
WARNING: 7 repetitive deprecation warnings omitted.
Run in verbose mode to see all warnings.
[33m          Conflict: The following destination is shared by multiple files.[0m
[33m                    The written file may end up with unexpected contents.[0m
[33m                    [36m/Users/michellestar/Documents/GitHub/hello-michelle-star.github.io/_site/projects/accessiride/index.html[0m[0m
[33m                     - /Users/michellestar/Documents/GitHub/hello-michelle-star.github.io/_posts/2025-10-11-hackathon.md[0m
[33m                     - /Users/michellestar/Documents/GitHub/hello-michelle-star.github.io/_posts/2026-04-18-chi.md[0m
[33m                    [0m
                    ...done in 0.072447 seconds.
                    
      Regenerating: 1 file(s) changed at 2026-04-28 10:43:04
                    _posts/2026-04-18-chi.md
       Jekyll Feed: Generating feed for posts
DEPRECATION WARNING [import]: Sass @import rules are deprecated and will be removed in Dart Sass 3.0.0.

More info and automated migrator: https://sass-lang.com/d/import

   ╷
27 │ @import "-sections-dir";
   │         ^^^^^^^^^^^^^^^
   ╵
    /Users/michellestar/Documents/GitHub/hello-michelle-star.github.io/assets/css/main.scss 27:9  root stylesheet
DEPRECATION WARNING [import]: Sass @import rules are deprecated and will be removed in Dart Sass 3.0.0.

More info and automated migrator: https://sass-lang.com/d/import

   ╷
28 │ @import 'about';
   │         ^^^^^^^
   ╵
    /Users/michellestar/Documents/GitHub/hello-michelle-star.github.io/assets/css/main.scss 28:9  root stylesheet
DEPRECATION WARNING [import]: Sass @import rules are deprecated and will be removed in Dart Sass 3.0.0.

More info and automated migrator: https://sass-lang.com/d/import

  ╷
2 │ @import "base",
  │         ^^^^^^
  ╵
    _-sections-dir.scss 2:9                                                                       @import
    /Users/michellestar/Documents/GitHub/hello-michelle-star.github.io/assets/css/main.scss 27:9  root stylesheet
DEPRECATION WARNING [import]: Sass @import rules are deprecated and will be removed in Dart Sass 3.0.0.

More info and automated migrator: https://sass-lang.com/d/import

  ╷
3 │         "code",
  │         ^^^^^^
  ╵
    _-sections-dir.scss 3:9                                                                       @import
    /Users/michellestar/Documents/GitHub/hello-michelle-star.github.io/assets/css/main.scss 27:9  root stylesheet
DEPRECATION WARNING [import]: Sass @import rules are deprecated and will be removed in Dart Sass 3.0.0.

More info and automated migrator: https://sass-lang.com/d/import

  ╷
4 │         "default",
  │         ^^^^^^^^^
  ╵
    _-sections-dir.scss 4:9                                                                       @import
    /Users/michellestar/Documents/GitHub/hello-michelle-star.github.io/assets/css/main.scss 27:9  root stylesheet
WARNING: 7 repetitive deprecation warnings omitted.
Run in verbose mode to see all warnings.
[33m          Conflict: The following destination is shared by multiple files.[0m
[33m                    The written file may end up with unexpected contents.[0m
[33m                    [36m/Users/michellestar/Documents/GitHub/hello-michelle-star.github.io/_site/projects/accessiride/index.html[0m[0m
[33m                     - /Users/michellestar/Documents/GitHub/hello-michelle-star.github.io/_posts/2025-10-11-hackathon.md[0m
[33m                     - /Users/michellestar/Documents/GitHub/hello-michelle-star.github.io/_posts/2026-04-18-chi.md[0m
[33m                    [0m
                    ...done in 0.094228 seconds.
                    
      Regenerating: 1 file(s) changed at 2026-04-28 10:43:10
                    _posts/2026-04-18-chi.md
       Jekyll Feed: Generating feed for posts
DEPRECATION WARNING [import]: Sass @import rules are deprecated and will be removed in Dart Sass 3.0.0.

More info and automated migrator: https://sass-lang.com/d/import

   ╷
27 │ @import "-sections-dir";
   │         ^^^^^^^^^^^^^^^
   ╵
    /Users/michellestar/Documents/GitHub/hello-michelle-star.github.io/assets/css/main.scss 27:9  root stylesheet
DEPRECATION WARNING [import]: Sass @import rules are deprecated and will be removed in Dart Sass 3.0.0.

More info and automated migrator: https://sass-lang.com/d/import

   ╷
28 │ @import 'about';
   │         ^^^^^^^
   ╵
    /Users/michellestar/Documents/GitHub/hello-michelle-star.github.io/assets/css/main.scss 28:9  root stylesheet
DEPRECATION WARNING [import]: Sass @import rules are deprecated and will be removed in Dart Sass 3.0.0.

More info and automated migrator: https://sass-lang.com/d/import

  ╷
2 │ @import "base",
  │         ^^^^^^
  ╵
    _-sections-dir.scss 2:9                                                                       @import
    /Users/michellestar/Documents/GitHub/hello-michelle-star.github.io/assets/css/main.scss 27:9  root stylesheet
DEPRECATION WARNING [import]: Sass @import rules are deprecated and will be removed in Dart Sass 3.0.0.

More info and automated migrator: https://sass-lang.com/d/import

  ╷
3 │         "code",
  │         ^^^^^^
  ╵
    _-sections-dir.scss 3:9                                                                       @import
    /Users/michellestar/Documents/GitHub/hello-michelle-star.github.io/assets/css/main.scss 27:9  root stylesheet
DEPRECATION WARNING [import]: Sass @import rules are deprecated and will be removed in Dart Sass 3.0.0.

More info and automated migrator: https://sass-lang.com/d/import

  ╷
4 │         "default",
  │         ^^^^^^^^^
  ╵
    _-sections-dir.scss 4:9                                                                       @import
    /Users/michellestar/Documents/GitHub/hello-michelle-star.github.io/assets/css/main.scss 27:9  root stylesheet
WARNING: 7 repetitive deprecation warnings omitted.
Run in verbose mode to see all warnings.
[33m          Conflict: The following destination is shared by multiple files.[0m
[33m                    The written file may end up with unexpected contents.[0m
[33m                    [36m/Users/michellestar/Documents/GitHub/hello-michelle-star.github.io/_site/projects/accessiride/index.html[0m[0m
[33m                     - /Users/michellestar/Documents/GitHub/hello-michelle-star.github.io/_posts/2025-10-11-hackathon.md[0m
[33m                     - /Users/michellestar/Documents/GitHub/hello-michelle-star.github.io/_posts/2026-04-18-chi.md[0m
[33m                    [0m
                    ...done in 0.056402 seconds.
                    
[2026-04-28 10:43:10] ERROR Errno::ECONNRESET: Connection reset by peer @ io_fillbuf - fd:19 
	/Users/michellestar/Documents/GitHub/hello-michelle-star.github.io/vendor/bundle/ruby/3.4.0/gems/webrick-1.9.1/lib/webrick/httpserver.rb:82:in 'IO#eof?'
	/Users/michellestar/Documents/GitHub/hello-michelle-star.github.io/vendor/bundle/ruby/3.4.0/gems/webrick-1.9.1/lib/webrick/httpserver.rb:82:in 'WEBrick::HTTPServer#run'
	/Users/michellestar/Documents/GitHub/hello-michelle-star.github.io/vendor/bundle/ruby/3.4.0/gems/webrick-1.9.1/lib/webrick/server.rb:310:in 'block in WEBrick::GenericServer#start_thread'
      Regenerating: 1 file(s) changed at 2026-04-28 10:43:12
                    _posts/2026-04-18-chi.md
       Jekyll Feed: Generating feed for posts
DEPRECATION WARNING [import]: Sass @import rules are deprecated and will be removed in Dart Sass 3.0.0.

More info and automated migrator: https://sass-lang.com/d/import

   ╷
27 │ @import "-sections-dir";
   │         ^^^^^^^^^^^^^^^
   ╵
    /Users/michellestar/Documents/GitHub/hello-michelle-star.github.io/assets/css/main.scss 27:9  root stylesheet
DEPRECATION WARNING [import]: Sass @import rules are deprecated and will be removed in Dart Sass 3.0.0.

More info and automated migrator: https://sass-lang.com/d/import

   ╷
28 │ @import 'about';
   │         ^^^^^^^
   ╵
    /Users/michellestar/Documents/GitHub/hello-michelle-star.github.io/assets/css/main.scss 28:9  root stylesheet
DEPRECATION WARNING [import]: Sass @import rules are deprecated and will be removed in Dart Sass 3.0.0.

More info and automated migrator: https://sass-lang.com/d/import

  ╷
2 │ @import "base",
  │         ^^^^^^
  ╵
    _-sections-dir.scss 2:9                                                                       @import
    /Users/michellestar/Documents/GitHub/hello-michelle-star.github.io/assets/css/main.scss 27:9  root stylesheet
DEPRECATION WARNING [import]: Sass @import rules are deprecated and will be removed in Dart Sass 3.0.0.

More info and automated migrator: https://sass-lang.com/d/import

  ╷
3 │         "code",
  │         ^^^^^^
  ╵
    _-sections-dir.scss 3:9                                                                       @import
    /Users/michellestar/Documents/GitHub/hello-michelle-star.github.io/assets/css/main.scss 27:9  root stylesheet
DEPRECATION WARNING [import]: Sass @import rules are deprecated and will be removed in Dart Sass 3.0.0.

More info and automated migrator: https://sass-lang.com/d/import

  ╷
4 │         "default",
  │         ^^^^^^^^^
  ╵
    _-sections-dir.scss 4:9                                                                       @import
    /Users/michellestar/Documents/GitHub/hello-michelle-star.github.io/assets/css/main.scss 27:9  root stylesheet
WARNING: 7 repetitive deprecation warnings omitted.
Run in verbose mode to see all warnings.
[33m          Conflict: The following destination is shared by multiple files.[0m
[33m                    The written file may end up with unexpected contents.[0m
[33m                    [36m/Users/michellestar/Documents/GitHub/hello-michelle-star.github.io/_site/projects/accessiride/index.html[0m[0m
[33m                     - /Users/michellestar/Documents/GitHub/hello-michelle-star.github.io/_posts/2025-10-11-hackathon.md[0m
[33m                     - /Users/michellestar/Documents/GitHub/hello-michelle-star.github.io/_posts/2026-04-18-chi.md[0m
[33m                    [0m
                    ...done in 0.065721 seconds.
                    
      Regenerating: 1 file(s) changed at 2026-04-28 10:43:13
                    _posts/2026-04-18-chi.md
       Jekyll Feed: Generating feed for posts
DEPRECATION WARNING [import]: Sass @import rules are deprecated and will be removed in Dart Sass 3.0.0.

More info and automated migrator: https://sass-lang.com/d/import

   ╷
27 │ @import "-sections-dir";
   │         ^^^^^^^^^^^^^^^
   ╵
    /Users/michellestar/Documents/GitHub/hello-michelle-star.github.io/assets/css/main.scss 27:9  root stylesheet
DEPRECATION WARNING [import]: Sass @import rules are deprecated and will be removed in Dart Sass 3.0.0.

More info and automated migrator: https://sass-lang.com/d/import

   ╷
28 │ @import 'about';
   │         ^^^^^^^
   ╵
    /Users/michellestar/Documents/GitHub/hello-michelle-star.github.io/assets/css/main.scss 28:9  root stylesheet
DEPRECATION WARNING [import]: Sass @import rules are deprecated and will be removed in Dart Sass 3.0.0.

More info and automated migrator: https://sass-lang.com/d/import

  ╷
2 │ @import "base",
  │         ^^^^^^
  ╵
    _-sections-dir.scss 2:9                                                                       @import
    /Users/michellestar/Documents/GitHub/hello-michelle-star.github.io/assets/css/main.scss 27:9  root stylesheet
DEPRECATION WARNING [import]: Sass @import rules are deprecated and will be removed in Dart Sass 3.0.0.

More info and automated migrator: https://sass-lang.com/d/import

  ╷
3 │         "code",
  │         ^^^^^^
  ╵
    _-sections-dir.scss 3:9                                                                       @import
    /Users/michellestar/Documents/GitHub/hello-michelle-star.github.io/assets/css/main.scss 27:9  root stylesheet
DEPRECATION WARNING [import]: Sass @import rules are deprecated and will be removed in Dart Sass 3.0.0.

More info and automated migrator: https://sass-lang.com/d/import

  ╷
4 │         "default",
  │         ^^^^^^^^^
  ╵
    _-sections-dir.scss 4:9                                                                       @import
    /Users/michellestar/Documents/GitHub/hello-michelle-star.github.io/assets/css/main.scss 27:9  root stylesheet
WARNING: 7 repetitive deprecation warnings omitted.
Run in verbose mode to see all warnings.
[33m          Conflict: The following destination is shared by multiple files.[0m
[33m                    The written file may end up with unexpected contents.[0m
[33m                    [36m/Users/michellestar/Documents/GitHub/hello-michelle-star.github.io/_site/projects/accessiride/index.html[0m[0m
[33m                     - /Users/michellestar/Documents/GitHub/hello-michelle-star.github.io/_posts/2025-10-11-hackathon.md[0m
[33m                     - /Users/michellestar/Documents/GitHub/hello-michelle-star.github.io/_posts/2026-04-18-chi.md[0m
[33m                    [0m
                    ...done in 0.067991 seconds.
                    
      Regenerating: 1 file(s) changed at 2026-04-28 10:43:18
                    _posts/2026-04-18-chi.md
       Jekyll Feed: Generating feed for posts
DEPRECATION WARNING [import]: Sass @import rules are deprecated and will be removed in Dart Sass 3.0.0.

More info and automated migrator: https://sass-lang.com/d/import

   ╷
27 │ @import "-sections-dir";
   │         ^^^^^^^^^^^^^^^
   ╵
    /Users/michellestar/Documents/GitHub/hello-michelle-star.github.io/assets/css/main.scss 27:9  root stylesheet
DEPRECATION WARNING [import]: Sass @import rules are deprecated and will be removed in Dart Sass 3.0.0.

More info and automated migrator: https://sass-lang.com/d/import

   ╷
28 │ @import 'about';
   │         ^^^^^^^
   ╵
    /Users/michellestar/Documents/GitHub/hello-michelle-star.github.io/assets/css/main.scss 28:9  root stylesheet
DEPRECATION WARNING [import]: Sass @import rules are deprecated and will be removed in Dart Sass 3.0.0.

More info and automated migrator: https://sass-lang.com/d/import

  ╷
2 │ @import "base",
  │         ^^^^^^
  ╵
    _-sections-dir.scss 2:9                                                                       @import
    /Users/michellestar/Documents/GitHub/hello-michelle-star.github.io/assets/css/main.scss 27:9  root stylesheet
DEPRECATION WARNING [import]: Sass @import rules are deprecated and will be removed in Dart Sass 3.0.0.

More info and automated migrator: https://sass-lang.com/d/import

  ╷
3 │         "code",
  │         ^^^^^^
  ╵
    _-sections-dir.scss 3:9                                                                       @import
    /Users/michellestar/Documents/GitHub/hello-michelle-star.github.io/assets/css/main.scss 27:9  root stylesheet
DEPRECATION WARNING [import]: Sass @import rules are deprecated and will be removed in Dart Sass 3.0.0.

More info and automated migrator: https://sass-lang.com/d/import

  ╷
4 │         "default",
  │         ^^^^^^^^^
  ╵
    _-sections-dir.scss 4:9                                                                       @import
    /Users/michellestar/Documents/GitHub/hello-michelle-star.github.io/assets/css/main.scss 27:9  root stylesheet
WARNING: 7 repetitive deprecation warnings omitted.
Run in verbose mode to see all warnings.
                    ...done in 0.068843 seconds.
                    
      Regenerating: 1 file(s) changed at 2026-04-28 10:43:23
                    _posts/2026-04-18-chi.md
       Jekyll Feed: Generating feed for posts
DEPRECATION WARNING [import]: Sass @import rules are deprecated and will be removed in Dart Sass 3.0.0.

More info and automated migrator: https://sass-lang.com/d/import

   ╷
27 │ @import "-sections-dir";
   │         ^^^^^^^^^^^^^^^
   ╵
    /Users/michellestar/Documents/GitHub/hello-michelle-star.github.io/assets/css/main.scss 27:9  root stylesheet
DEPRECATION WARNING [import]: Sass @import rules are deprecated and will be removed in Dart Sass 3.0.0.

More info and automated migrator: https://sass-lang.com/d/import

   ╷
28 │ @import 'about';
   │         ^^^^^^^
   ╵
    /Users/michellestar/Documents/GitHub/hello-michelle-star.github.io/assets/css/main.scss 28:9  root stylesheet
DEPRECATION WARNING [import]: Sass @import rules are deprecated and will be removed in Dart Sass 3.0.0.

More info and automated migrator: https://sass-lang.com/d/import

  ╷
2 │ @import "base",
  │         ^^^^^^
  ╵
    _-sections-dir.scss 2:9                                                                       @import
    /Users/michellestar/Documents/GitHub/hello-michelle-star.github.io/assets/css/main.scss 27:9  root stylesheet
DEPRECATION WARNING [import]: Sass @import rules are deprecated and will be removed in Dart Sass 3.0.0.

More info and automated migrator: https://sass-lang.com/d/import

  ╷
3 │         "code",
  │         ^^^^^^
  ╵
    _-sections-dir.scss 3:9                                                                       @import
    /Users/michellestar/Documents/GitHub/hello-michelle-star.github.io/assets/css/main.scss 27:9  root stylesheet
DEPRECATION WARNING [import]: Sass @import rules are deprecated and will be removed in Dart Sass 3.0.0.

More info and automated migrator: https://sass-lang.com/d/import

  ╷
4 │         "default",
  │         ^^^^^^^^^
  ╵
    _-sections-dir.scss 4:9                                                                       @import
    /Users/michellestar/Documents/GitHub/hello-michelle-star.github.io/assets/css/main.scss 27:9  root stylesheet
WARNING: 7 repetitive deprecation warnings omitted.
Run in verbose mode to see all warnings.
                    ...done in 0.056654 seconds.
                    
      Regenerating: 1 file(s) changed at 2026-04-28 10:43:25
                    _posts/2026-04-18-chi.md
       Jekyll Feed: Generating feed for posts
DEPRECATION WARNING [import]: Sass @import rules are deprecated and will be removed in Dart Sass 3.0.0.

More info and automated migrator: https://sass-lang.com/d/import

   ╷
27 │ @import "-sections-dir";
   │         ^^^^^^^^^^^^^^^
   ╵
    /Users/michellestar/Documents/GitHub/hello-michelle-star.github.io/assets/css/main.scss 27:9  root stylesheet
DEPRECATION WARNING [import]: Sass @import rules are deprecated and will be removed in Dart Sass 3.0.0.

More info and automated migrator: https://sass-lang.com/d/import

   ╷
28 │ @import 'about';
   │         ^^^^^^^
   ╵
    /Users/michellestar/Documents/GitHub/hello-michelle-star.github.io/assets/css/main.scss 28:9  root stylesheet
DEPRECATION WARNING [import]: Sass @import rules are deprecated and will be removed in Dart Sass 3.0.0.

More info and automated migrator: https://sass-lang.com/d/import

  ╷
2 │ @import "base",
  │         ^^^^^^
  ╵
    _-sections-dir.scss 2:9                                                                       @import
    /Users/michellestar/Documents/GitHub/hello-michelle-star.github.io/assets/css/main.scss 27:9  root stylesheet
DEPRECATION WARNING [import]: Sass @import rules are deprecated and will be removed in Dart Sass 3.0.0.

More info and automated migrator: https://sass-lang.com/d/import

  ╷
3 │         "code",
  │         ^^^^^^
  ╵
    _-sections-dir.scss 3:9                                                                       @import
    /Users/michellestar/Documents/GitHub/hello-michelle-star.github.io/assets/css/main.scss 27:9  root stylesheet
DEPRECATION WARNING [import]: Sass @import rules are deprecated and will be removed in Dart Sass 3.0.0.

More info and automated migrator: https://sass-lang.com/d/import

  ╷
4 │         "default",
  │         ^^^^^^^^^
  ╵
    _-sections-dir.scss 4:9                                                                       @import
    /Users/michellestar/Documents/GitHub/hello-michelle-star.github.io/assets/css/main.scss 27:9  root stylesheet
WARNING: 7 repetitive deprecation warnings omitted.
Run in verbose mode to see all warnings.
                    ...done in 0.068351 seconds.
                    
      Regenerating: 1 file(s) changed at 2026-04-28 10:43:38
                    _posts/2026-04-18-chi.md
       Jekyll Feed: Generating feed for posts
DEPRECATION WARNING [import]: Sass @import rules are deprecated and will be removed in Dart Sass 3.0.0.

More info and automated migrator: https://sass-lang.com/d/import

   ╷
27 │ @import "-sections-dir";
   │         ^^^^^^^^^^^^^^^
   ╵
    /Users/michellestar/Documents/GitHub/hello-michelle-star.github.io/assets/css/main.scss 27:9  root stylesheet
DEPRECATION WARNING [import]: Sass @import rules are deprecated and will be removed in Dart Sass 3.0.0.

More info and automated migrator: https://sass-lang.com/d/import

   ╷
28 │ @import 'about';
   │         ^^^^^^^
   ╵
    /Users/michellestar/Documents/GitHub/hello-michelle-star.github.io/assets/css/main.scss 28:9  root stylesheet
DEPRECATION WARNING [import]: Sass @import rules are deprecated and will be removed in Dart Sass 3.0.0.

More info and automated migrator: https://sass-lang.com/d/import

  ╷
2 │ @import "base",
  │         ^^^^^^
  ╵
    _-sections-dir.scss 2:9                                                                       @import
    /Users/michellestar/Documents/GitHub/hello-michelle-star.github.io/assets/css/main.scss 27:9  root stylesheet
DEPRECATION WARNING [import]: Sass @import rules are deprecated and will be removed in Dart Sass 3.0.0.

More info and automated migrator: https://sass-lang.com/d/import

  ╷
3 │         "code",
  │         ^^^^^^
  ╵
    _-sections-dir.scss 3:9                                                                       @import
    /Users/michellestar/Documents/GitHub/hello-michelle-star.github.io/assets/css/main.scss 27:9  root stylesheet
DEPRECATION WARNING [import]: Sass @import rules are deprecated and will be removed in Dart Sass 3.0.0.

More info and automated migrator: https://sass-lang.com/d/import

  ╷
4 │         "default",
  │         ^^^^^^^^^
  ╵
    _-sections-dir.scss 4:9                                                                       @import
    /Users/michellestar/Documents/GitHub/hello-michelle-star.github.io/assets/css/main.scss 27:9  root stylesheet
WARNING: 7 repetitive deprecation warnings omitted.
Run in verbose mode to see all warnings.
                    ...done in 0.084314 seconds.
                    
      Regenerating: 1 file(s) changed at 2026-04-28 10:43:46
                    _posts/2026-04-18-chi.md
       Jekyll Feed: Generating feed for posts
DEPRECATION WARNING [import]: Sass @import rules are deprecated and will be removed in Dart Sass 3.0.0.

More info and automated migrator: https://sass-lang.com/d/import

   ╷
27 │ @import "-sections-dir";
   │         ^^^^^^^^^^^^^^^
   ╵
    /Users/michellestar/Documents/GitHub/hello-michelle-star.github.io/assets/css/main.scss 27:9  root stylesheet
DEPRECATION WARNING [import]: Sass @import rules are deprecated and will be removed in Dart Sass 3.0.0.

More info and automated migrator: https://sass-lang.com/d/import

   ╷
28 │ @import 'about';
   │         ^^^^^^^
   ╵
    /Users/michellestar/Documents/GitHub/hello-michelle-star.github.io/assets/css/main.scss 28:9  root stylesheet
DEPRECATION WARNING [import]: Sass @import rules are deprecated and will be removed in Dart Sass 3.0.0.

More info and automated migrator: https://sass-lang.com/d/import

  ╷
2 │ @import "base",
  │         ^^^^^^
  ╵
    _-sections-dir.scss 2:9                                                                       @import
    /Users/michellestar/Documents/GitHub/hello-michelle-star.github.io/assets/css/main.scss 27:9  root stylesheet
DEPRECATION WARNING [import]: Sass @import rules are deprecated and will be removed in Dart Sass 3.0.0.

More info and automated migrator: https://sass-lang.com/d/import

  ╷
3 │         "code",
  │         ^^^^^^
  ╵
    _-sections-dir.scss 3:9                                                                       @import
    /Users/michellestar/Documents/GitHub/hello-michelle-star.github.io/assets/css/main.scss 27:9  root stylesheet
DEPRECATION WARNING [import]: Sass @import rules are deprecated and will be removed in Dart Sass 3.0.0.

More info and automated migrator: https://sass-lang.com/d/import

  ╷
4 │         "default",
  │         ^^^^^^^^^
  ╵
    _-sections-dir.scss 4:9                                                                       @import
    /Users/michellestar/Documents/GitHub/hello-michelle-star.github.io/assets/css/main.scss 27:9  root stylesheet
WARNING: 7 repetitive deprecation warnings omitted.
Run in verbose mode to see all warnings.
                    ...done in 0.061143 seconds.
                    
      Regenerating: 1 file(s) changed at 2026-04-28 10:43:47
                    _posts/2026-04-18-chi.md
       Jekyll Feed: Generating feed for posts
DEPRECATION WARNING [import]: Sass @import rules are deprecated and will be removed in Dart Sass 3.0.0.

More info and automated migrator: https://sass-lang.com/d/import

   ╷
27 │ @import "-sections-dir";
   │         ^^^^^^^^^^^^^^^
   ╵
    /Users/michellestar/Documents/GitHub/hello-michelle-star.github.io/assets/css/main.scss 27:9  root stylesheet
DEPRECATION WARNING [import]: Sass @import rules are deprecated and will be removed in Dart Sass 3.0.0.

More info and automated migrator: https://sass-lang.com/d/import

   ╷
28 │ @import 'about';
   │         ^^^^^^^
   ╵
    /Users/michellestar/Documents/GitHub/hello-michelle-star.github.io/assets/css/main.scss 28:9  root stylesheet
DEPRECATION WARNING [import]: Sass @import rules are deprecated and will be removed in Dart Sass 3.0.0.

More info and automated migrator: https://sass-lang.com/d/import

  ╷
2 │ @import "base",
  │         ^^^^^^
  ╵
    _-sections-dir.scss 2:9                                                                       @import
    /Users/michellestar/Documents/GitHub/hello-michelle-star.github.io/assets/css/main.scss 27:9  root stylesheet
DEPRECATION WARNING [import]: Sass @import rules are deprecated and will be removed in Dart Sass 3.0.0.

More info and automated migrator: https://sass-lang.com/d/import

  ╷
3 │         "code",
  │         ^^^^^^
  ╵
    _-sections-dir.scss 3:9                                                                       @import
    /Users/michellestar/Documents/GitHub/hello-michelle-star.github.io/assets/css/main.scss 27:9  root stylesheet
DEPRECATION WARNING [import]: Sass @import rules are deprecated and will be removed in Dart Sass 3.0.0.

More info and automated migrator: https://sass-lang.com/d/import

  ╷
4 │         "default",
  │         ^^^^^^^^^
  ╵
    _-sections-dir.scss 4:9                                                                       @import
    /Users/michellestar/Documents/GitHub/hello-michelle-star.github.io/assets/css/main.scss 27:9  root stylesheet
WARNING: 7 repetitive deprecation warnings omitted.
Run in verbose mode to see all warnings.
                    ...done in 0.065214 seconds.
                    
      Regenerating: 1 file(s) changed at 2026-04-28 10:43:56
                    _posts/2026-04-18-chi.md
       Jekyll Feed: Generating feed for posts
DEPRECATION WARNING [import]: Sass @import rules are deprecated and will be removed in Dart Sass 3.0.0.

More info and automated migrator: https://sass-lang.com/d/import

   ╷
27 │ @import "-sections-dir";
   │         ^^^^^^^^^^^^^^^
   ╵
    /Users/michellestar/Documents/GitHub/hello-michelle-star.github.io/assets/css/main.scss 27:9  root stylesheet
DEPRECATION WARNING [import]: Sass @import rules are deprecated and will be removed in Dart Sass 3.0.0.

More info and automated migrator: https://sass-lang.com/d/import

   ╷
28 │ @import 'about';
   │         ^^^^^^^
   ╵
    /Users/michellestar/Documents/GitHub/hello-michelle-star.github.io/assets/css/main.scss 28:9  root stylesheet
DEPRECATION WARNING [import]: Sass @import rules are deprecated and will be removed in Dart Sass 3.0.0.

More info and automated migrator: https://sass-lang.com/d/import

  ╷
2 │ @import "base",
  │         ^^^^^^
  ╵
    _-sections-dir.scss 2:9                                                                       @import
    /Users/michellestar/Documents/GitHub/hello-michelle-star.github.io/assets/css/main.scss 27:9  root stylesheet
DEPRECATION WARNING [import]: Sass @import rules are deprecated and will be removed in Dart Sass 3.0.0.

More info and automated migrator: https://sass-lang.com/d/import

  ╷
3 │         "code",
  │         ^^^^^^
  ╵
    _-sections-dir.scss 3:9                                                                       @import
    /Users/michellestar/Documents/GitHub/hello-michelle-star.github.io/assets/css/main.scss 27:9  root stylesheet
DEPRECATION WARNING [import]: Sass @import rules are deprecated and will be removed in Dart Sass 3.0.0.

More info and automated migrator: https://sass-lang.com/d/import

  ╷
4 │         "default",
  │         ^^^^^^^^^
  ╵
    _-sections-dir.scss 4:9                                                                       @import
    /Users/michellestar/Documents/GitHub/hello-michelle-star.github.io/assets/css/main.scss 27:9  root stylesheet
WARNING: 7 repetitive deprecation warnings omitted.
Run in verbose mode to see all warnings.
                    ...done in 0.067684 seconds.
                    
      Regenerating: 1 file(s) changed at 2026-04-28 10:44:28
                    _posts/2026-04-18-chi.md
       Jekyll Feed: Generating feed for posts
DEPRECATION WARNING [import]: Sass @import rules are deprecated and will be removed in Dart Sass 3.0.0.

More info and automated migrator: https://sass-lang.com/d/import

   ╷
27 │ @import "-sections-dir";
   │         ^^^^^^^^^^^^^^^
   ╵
    /Users/michellestar/Documents/GitHub/hello-michelle-star.github.io/assets/css/main.scss 27:9  root stylesheet
DEPRECATION WARNING [import]: Sass @import rules are deprecated and will be removed in Dart Sass 3.0.0.

More info and automated migrator: https://sass-lang.com/d/import

   ╷
28 │ @import 'about';
   │         ^^^^^^^
   ╵
    /Users/michellestar/Documents/GitHub/hello-michelle-star.github.io/assets/css/main.scss 28:9  root stylesheet
DEPRECATION WARNING [import]: Sass @import rules are deprecated and will be removed in Dart Sass 3.0.0.

More info and automated migrator: https://sass-lang.com/d/import

  ╷
2 │ @import "base",
  │         ^^^^^^
  ╵
    _-sections-dir.scss 2:9                                                                       @import
    /Users/michellestar/Documents/GitHub/hello-michelle-star.github.io/assets/css/main.scss 27:9  root stylesheet
DEPRECATION WARNING [import]: Sass @import rules are deprecated and will be removed in Dart Sass 3.0.0.

More info and automated migrator: https://sass-lang.com/d/import

  ╷
3 │         "code",
  │         ^^^^^^
  ╵
    _-sections-dir.scss 3:9                                                                       @import
    /Users/michellestar/Documents/GitHub/hello-michelle-star.github.io/assets/css/main.scss 27:9  root stylesheet
DEPRECATION WARNING [import]: Sass @import rules are deprecated and will be removed in Dart Sass 3.0.0.

More info and automated migrator: https://sass-lang.com/d/import

  ╷
4 │         "default",
  │         ^^^^^^^^^
  ╵
    _-sections-dir.scss 4:9                                                                       @import
    /Users/michellestar/Documents/GitHub/hello-michelle-star.github.io/assets/css/main.scss 27:9  root stylesheet
WARNING: 7 repetitive deprecation warnings omitted.
Run in verbose mode to see all warnings.
                    ...done in 0.09014 seconds.
                    
      Regenerating: 1 file(s) changed at 2026-04-28 10:58:47
                    assets/img/chisrc.png
       Jekyll Feed: Generating feed for posts
DEPRECATION WARNING [import]: Sass @import rules are deprecated and will be removed in Dart Sass 3.0.0.

More info and automated migrator: https://sass-lang.com/d/import

   ╷
27 │ @import "-sections-dir";
   │         ^^^^^^^^^^^^^^^
   ╵
    /Users/michellestar/Documents/GitHub/hello-michelle-star.github.io/assets/css/main.scss 27:9  root stylesheet
DEPRECATION WARNING [import]: Sass @import rules are deprecated and will be removed in Dart Sass 3.0.0.

More info and automated migrator: https://sass-lang.com/d/import

   ╷
28 │ @import 'about';
   │         ^^^^^^^
   ╵
    /Users/michellestar/Documents/GitHub/hello-michelle-star.github.io/assets/css/main.scss 28:9  root stylesheet
DEPRECATION WARNING [import]: Sass @import rules are deprecated and will be removed in Dart Sass 3.0.0.

More info and automated migrator: https://sass-lang.com/d/import

  ╷
2 │ @import "base",
  │         ^^^^^^
  ╵
    _-sections-dir.scss 2:9                                                                       @import
    /Users/michellestar/Documents/GitHub/hello-michelle-star.github.io/assets/css/main.scss 27:9  root stylesheet
DEPRECATION WARNING [import]: Sass @import rules are deprecated and will be removed in Dart Sass 3.0.0.

More info and automated migrator: https://sass-lang.com/d/import

  ╷
3 │         "code",
  │         ^^^^^^
  ╵
    _-sections-dir.scss 3:9                                                                       @import
    /Users/michellestar/Documents/GitHub/hello-michelle-star.github.io/assets/css/main.scss 27:9  root stylesheet
DEPRECATION WARNING [import]: Sass @import rules are deprecated and will be removed in Dart Sass 3.0.0.

More info and automated migrator: https://sass-lang.com/d/import

  ╷
4 │         "default",
  │         ^^^^^^^^^
  ╵
    _-sections-dir.scss 4:9                                                                       @import
    /Users/michellestar/Documents/GitHub/hello-michelle-star.github.io/assets/css/main.scss 27:9  root stylesheet
WARNING: 7 repetitive deprecation warnings omitted.
Run in verbose mode to see all warnings.
                    ...done in 0.120344 seconds.
                    
      Regenerating: 1 file(s) changed at 2026-04-28 10:58:52
                    jekyll.log
       Jekyll Feed: Generating feed for posts
DEPRECATION WARNING [import]: Sass @import rules are deprecated and will be removed in Dart Sass 3.0.0.

More info and automated migrator: https://sass-lang.com/d/import

   ╷
27 │ @import "-sections-dir";
   │         ^^^^^^^^^^^^^^^
   ╵
    /Users/michellestar/Documents/GitHub/hello-michelle-star.github.io/assets/css/main.scss 27:9  root stylesheet
DEPRECATION WARNING [import]: Sass @import rules are deprecated and will be removed in Dart Sass 3.0.0.

More info and automated migrator: https://sass-lang.com/d/import

   ╷
28 │ @import 'about';
   │         ^^^^^^^
   ╵
    /Users/michellestar/Documents/GitHub/hello-michelle-star.github.io/assets/css/main.scss 28:9  root stylesheet
DEPRECATION WARNING [import]: Sass @import rules are deprecated and will be removed in Dart Sass 3.0.0.

More info and automated migrator: https://sass-lang.com/d/import

  ╷
2 │ @import "base",
  │         ^^^^^^
  ╵
    _-sections-dir.scss 2:9                                                                       @import
    /Users/michellestar/Documents/GitHub/hello-michelle-star.github.io/assets/css/main.scss 27:9  root stylesheet
DEPRECATION WARNING [import]: Sass @import rules are deprecated and will be removed in Dart Sass 3.0.0.

More info and automated migrator: https://sass-lang.com/d/import

  ╷
3 │         "code",
  │         ^^^^^^
  ╵
    _-sections-dir.scss 3:9                                                                       @import
    /Users/michellestar/Documents/GitHub/hello-michelle-star.github.io/assets/css/main.scss 27:9  root stylesheet
DEPRECATION WARNING [import]: Sass @import rules are deprecated and will be removed in Dart Sass 3.0.0.

More info and automated migrator: https://sass-lang.com/d/import

  ╷
4 │         "default",
  │         ^^^^^^^^^
  ╵
    _-sections-dir.scss 4:9                                                                       @import
    /Users/michellestar/Documents/GitHub/hello-michelle-star.github.io/assets/css/main.scss 27:9  root stylesheet
WARNING: 7 repetitive deprecation warnings omitted.
Run in verbose mode to see all warnings.
                    ...done in 0.059853 seconds.
                    
      Regenerating: 1 file(s) changed at 2026-04-28 10:59:07
                    _posts/2026-04-18-chi.md
       Jekyll Feed: Generating feed for posts
DEPRECATION WARNING [import]: Sass @import rules are deprecated and will be removed in Dart Sass 3.0.0.

More info and automated migrator: https://sass-lang.com/d/import

   ╷
27 │ @import "-sections-dir";
   │         ^^^^^^^^^^^^^^^
   ╵
    /Users/michellestar/Documents/GitHub/hello-michelle-star.github.io/assets/css/main.scss 27:9  root stylesheet
DEPRECATION WARNING [import]: Sass @import rules are deprecated and will be removed in Dart Sass 3.0.0.

More info and automated migrator: https://sass-lang.com/d/import

   ╷
28 │ @import 'about';
   │         ^^^^^^^
   ╵
    /Users/michellestar/Documents/GitHub/hello-michelle-star.github.io/assets/css/main.scss 28:9  root stylesheet
DEPRECATION WARNING [import]: Sass @import rules are deprecated and will be removed in Dart Sass 3.0.0.

More info and automated migrator: https://sass-lang.com/d/import

  ╷
2 │ @import "base",
  │         ^^^^^^
  ╵
    _-sections-dir.scss 2:9                                                                       @import
    /Users/michellestar/Documents/GitHub/hello-michelle-star.github.io/assets/css/main.scss 27:9  root stylesheet
DEPRECATION WARNING [import]: Sass @import rules are deprecated and will be removed in Dart Sass 3.0.0.

More info and automated migrator: https://sass-lang.com/d/import

  ╷
3 │         "code",
  │         ^^^^^^
  ╵
    _-sections-dir.scss 3:9                                                                       @import
    /Users/michellestar/Documents/GitHub/hello-michelle-star.github.io/assets/css/main.scss 27:9  root stylesheet
DEPRECATION WARNING [import]: Sass @import rules are deprecated and will be removed in Dart Sass 3.0.0.

More info and automated migrator: https://sass-lang.com/d/import

  ╷
4 │         "default",
  │         ^^^^^^^^^
  ╵
    _-sections-dir.scss 4:9                                                                       @import
    /Users/michellestar/Documents/GitHub/hello-michelle-star.github.io/assets/css/main.scss 27:9  root stylesheet
WARNING: 7 repetitive deprecation warnings omitted.
Run in verbose mode to see all warnings.
                    ...done in 0.107297 seconds.
                    
      Regenerating: 1 file(s) changed at 2026-04-28 10:59:09
                    _posts/2026-04-18-chi.md
       Jekyll Feed: Generating feed for posts
DEPRECATION WARNING [import]: Sass @import rules are deprecated and will be removed in Dart Sass 3.0.0.

More info and automated migrator: https://sass-lang.com/d/import

   ╷
27 │ @import "-sections-dir";
   │         ^^^^^^^^^^^^^^^
   ╵
    /Users/michellestar/Documents/GitHub/hello-michelle-star.github.io/assets/css/main.scss 27:9  root stylesheet
DEPRECATION WARNING [import]: Sass @import rules are deprecated and will be removed in Dart Sass 3.0.0.

More info and automated migrator: https://sass-lang.com/d/import

   ╷
28 │ @import 'about';
   │         ^^^^^^^
   ╵
    /Users/michellestar/Documents/GitHub/hello-michelle-star.github.io/assets/css/main.scss 28:9  root stylesheet
DEPRECATION WARNING [import]: Sass @import rules are deprecated and will be removed in Dart Sass 3.0.0.

More info and automated migrator: https://sass-lang.com/d/import

  ╷
2 │ @import "base",
  │         ^^^^^^
  ╵
    _-sections-dir.scss 2:9                                                                       @import
    /Users/michellestar/Documents/GitHub/hello-michelle-star.github.io/assets/css/main.scss 27:9  root stylesheet
DEPRECATION WARNING [import]: Sass @import rules are deprecated and will be removed in Dart Sass 3.0.0.

More info and automated migrator: https://sass-lang.com/d/import

  ╷
3 │         "code",
  │         ^^^^^^
  ╵
    _-sections-dir.scss 3:9                                                                       @import
    /Users/michellestar/Documents/GitHub/hello-michelle-star.github.io/assets/css/main.scss 27:9  root stylesheet
DEPRECATION WARNING [import]: Sass @import rules are deprecated and will be removed in Dart Sass 3.0.0.

More info and automated migrator: https://sass-lang.com/d/import

  ╷
4 │         "default",
  │         ^^^^^^^^^
  ╵
    _-sections-dir.scss 4:9                                                                       @import
    /Users/michellestar/Documents/GitHub/hello-michelle-star.github.io/assets/css/main.scss 27:9  root stylesheet
WARNING: 7 repetitive deprecation warnings omitted.
Run in verbose mode to see all warnings.
                    ...done in 0.068794 seconds.
                    
[2026-04-28 10:59:10] ERROR Errno::ECONNRESET: Connection reset by peer @ io_fillbuf - fd:8 
	/Users/michellestar/Documents/GitHub/hello-michelle-star.github.io/vendor/bundle/ruby/3.4.0/gems/webrick-1.9.1/lib/webrick/httpserver.rb:82:in 'IO#eof?'
	/Users/michellestar/Documents/GitHub/hello-michelle-star.github.io/vendor/bundle/ruby/3.4.0/gems/webrick-1.9.1/lib/webrick/httpserver.rb:82:in 'WEBrick::HTTPServer#run'
	/Users/michellestar/Documents/GitHub/hello-michelle-star.github.io/vendor/bundle/ruby/3.4.0/gems/webrick-1.9.1/lib/webrick/server.rb:310:in 'block in WEBrick::GenericServer#start_thread'
      Regenerating: 1 file(s) changed at 2026-04-28 11:04:56
                    jekyll.log
       Jekyll Feed: Generating feed for posts
DEPRECATION WARNING [import]: Sass @import rules are deprecated and will be removed in Dart Sass 3.0.0.

More info and automated migrator: https://sass-lang.com/d/import

   ╷
27 │ @import "-sections-dir";
   │         ^^^^^^^^^^^^^^^
   ╵
    /Users/michellestar/Documents/GitHub/hello-michelle-star.github.io/assets/css/main.scss 27:9  root stylesheet
DEPRECATION WARNING [import]: Sass @import rules are deprecated and will be removed in Dart Sass 3.0.0.

More info and automated migrator: https://sass-lang.com/d/import

   ╷
28 │ @import 'about';
   │         ^^^^^^^
   ╵
    /Users/michellestar/Documents/GitHub/hello-michelle-star.github.io/assets/css/main.scss 28:9  root stylesheet
DEPRECATION WARNING [import]: Sass @import rules are deprecated and will be removed in Dart Sass 3.0.0.

More info and automated migrator: https://sass-lang.com/d/import

  ╷
2 │ @import "base",
  │         ^^^^^^
  ╵
    _-sections-dir.scss 2:9                                                                       @import
    /Users/michellestar/Documents/GitHub/hello-michelle-star.github.io/assets/css/main.scss 27:9  root stylesheet
DEPRECATION WARNING [import]: Sass @import rules are deprecated and will be removed in Dart Sass 3.0.0.

More info and automated migrator: https://sass-lang.com/d/import

  ╷
3 │         "code",
  │         ^^^^^^
  ╵
    _-sections-dir.scss 3:9                                                                       @import
    /Users/michellestar/Documents/GitHub/hello-michelle-star.github.io/assets/css/main.scss 27:9  root stylesheet
DEPRECATION WARNING [import]: Sass @import rules are deprecated and will be removed in Dart Sass 3.0.0.

More info and automated migrator: https://sass-lang.com/d/import

  ╷
4 │         "default",
  │         ^^^^^^^^^
  ╵
    _-sections-dir.scss 4:9                                                                       @import
    /Users/michellestar/Documents/GitHub/hello-michelle-star.github.io/assets/css/main.scss 27:9  root stylesheet
WARNING: 7 repetitive deprecation warnings omitted.
Run in verbose mode to see all warnings.
                    ...done in 0.117098 seconds.
                    
[2026-04-28 11:04:56] ERROR Errno::ECONNRESET: Connection reset by peer @ io_fillbuf - fd:21 
	/Users/michellestar/Documents/GitHub/hello-michelle-star.github.io/vendor/bundle/ruby/3.4.0/gems/webrick-1.9.1/lib/webrick/httpserver.rb:82:in 'IO#eof?'
	/Users/michellestar/Documents/GitHub/hello-michelle-star.github.io/vendor/bundle/ruby/3.4.0/gems/webrick-1.9.1/lib/webrick/httpserver.rb:82:in 'WEBrick::HTTPServer#run'
	/Users/michellestar/Documents/GitHub/hello-michelle-star.github.io/vendor/bundle/ruby/3.4.0/gems/webrick-1.9.1/lib/webrick/server.rb:310:in 'block in WEBrick::GenericServer#start_thread'
      Regenerating: 1 file(s) changed at 2026-04-28 11:32:29
                    jekyll.log
       Jekyll Feed: Generating feed for posts
DEPRECATION WARNING [import]: Sass @import rules are deprecated and will be removed in Dart Sass 3.0.0.

More info and automated migrator: https://sass-lang.com/d/import

   ╷
27 │ @import "-sections-dir";
   │         ^^^^^^^^^^^^^^^
   ╵
    /Users/michellestar/Documents/GitHub/hello-michelle-star.github.io/assets/css/main.scss 27:9  root stylesheet
DEPRECATION WARNING [import]: Sass @import rules are deprecated and will be removed in Dart Sass 3.0.0.

More info and automated migrator: https://sass-lang.com/d/import

   ╷
28 │ @import 'about';
   │         ^^^^^^^
   ╵
    /Users/michellestar/Documents/GitHub/hello-michelle-star.github.io/assets/css/main.scss 28:9  root stylesheet
DEPRECATION WARNING [import]: Sass @import rules are deprecated and will be removed in Dart Sass 3.0.0.

More info and automated migrator: https://sass-lang.com/d/import

  ╷
2 │ @import "base",
  │         ^^^^^^
  ╵
    _-sections-dir.scss 2:9                                                                       @import
    /Users/michellestar/Documents/GitHub/hello-michelle-star.github.io/assets/css/main.scss 27:9  root stylesheet
DEPRECATION WARNING [import]: Sass @import rules are deprecated and will be removed in Dart Sass 3.0.0.

More info and automated migrator: https://sass-lang.com/d/import

  ╷
3 │         "code",
  │         ^^^^^^
  ╵
    _-sections-dir.scss 3:9                                                                       @import
    /Users/michellestar/Documents/GitHub/hello-michelle-star.github.io/assets/css/main.scss 27:9  root stylesheet
DEPRECATION WARNING [import]: Sass @import rules are deprecated and will be removed in Dart Sass 3.0.0.

More info and automated migrator: https://sass-lang.com/d/import

  ╷
4 │         "default",
  │         ^^^^^^^^^
  ╵
    _-sections-dir.scss 4:9                                                                       @import
    /Users/michellestar/Documents/GitHub/hello-michelle-star.github.io/assets/css/main.scss 27:9  root stylesheet
WARNING: 7 repetitive deprecation warnings omitted.
Run in verbose mode to see all warnings.
                    ...done in 0.113946 seconds.
                    
      Regenerating: 1 file(s) changed at 2026-04-28 11:32:33
                    jekyll.log
       Jekyll Feed: Generating feed for posts
DEPRECATION WARNING [import]: Sass @import rules are deprecated and will be removed in Dart Sass 3.0.0.

More info and automated migrator: https://sass-lang.com/d/import

   ╷
27 │ @import "-sections-dir";
   │         ^^^^^^^^^^^^^^^
   ╵
    /Users/michellestar/Documents/GitHub/hello-michelle-star.github.io/assets/css/main.scss 27:9  root stylesheet
DEPRECATION WARNING [import]: Sass @import rules are deprecated and will be removed in Dart Sass 3.0.0.

More info and automated migrator: https://sass-lang.com/d/import

   ╷
28 │ @import 'about';
   │         ^^^^^^^
   ╵
    /Users/michellestar/Documents/GitHub/hello-michelle-star.github.io/assets/css/main.scss 28:9  root stylesheet
DEPRECATION WARNING [import]: Sass @import rules are deprecated and will be removed in Dart Sass 3.0.0.

More info and automated migrator: https://sass-lang.com/d/import

  ╷
2 │ @import "base",
  │         ^^^^^^
  ╵
    _-sections-dir.scss 2:9                                                                       @import
    /Users/michellestar/Documents/GitHub/hello-michelle-star.github.io/assets/css/main.scss 27:9  root stylesheet
DEPRECATION WARNING [import]: Sass @import rules are deprecated and will be removed in Dart Sass 3.0.0.

More info and automated migrator: https://sass-lang.com/d/import

  ╷
3 │         "code",
  │         ^^^^^^
  ╵
    _-sections-dir.scss 3:9                                                                       @import
    /Users/michellestar/Documents/GitHub/hello-michelle-star.github.io/assets/css/main.scss 27:9  root stylesheet
DEPRECATION WARNING [import]: Sass @import rules are deprecated and will be removed in Dart Sass 3.0.0.

More info and automated migrator: https://sass-lang.com/d/import

  ╷
4 │         "default",
  │         ^^^^^^^^^
  ╵
    _-sections-dir.scss 4:9                                                                       @import
    /Users/michellestar/Documents/GitHub/hello-michelle-star.github.io/assets/css/main.scss 27:9  root stylesheet
WARNING: 7 repetitive deprecation warnings omitted.
Run in verbose mode to see all warnings.
                    ...done in 0.062921 seconds.
                    
      Regenerating: 1 file(s) changed at 2026-04-28 11:40:33
                    assets/img/chisrc.png
       Jekyll Feed: Generating feed for posts
DEPRECATION WARNING [import]: Sass @import rules are deprecated and will be removed in Dart Sass 3.0.0.

More info and automated migrator: https://sass-lang.com/d/import

   ╷
27 │ @import "-sections-dir";
   │         ^^^^^^^^^^^^^^^
   ╵
    /Users/michellestar/Documents/GitHub/hello-michelle-star.github.io/assets/css/main.scss 27:9  root stylesheet
DEPRECATION WARNING [import]: Sass @import rules are deprecated and will be removed in Dart Sass 3.0.0.

More info and automated migrator: https://sass-lang.com/d/import

   ╷
28 │ @import 'about';
   │         ^^^^^^^
   ╵
    /Users/michellestar/Documents/GitHub/hello-michelle-star.github.io/assets/css/main.scss 28:9  root stylesheet
DEPRECATION WARNING [import]: Sass @import rules are deprecated and will be removed in Dart Sass 3.0.0.

More info and automated migrator: https://sass-lang.com/d/import

  ╷
2 │ @import "base",
  │         ^^^^^^
  ╵
    _-sections-dir.scss 2:9                                                                       @import
    /Users/michellestar/Documents/GitHub/hello-michelle-star.github.io/assets/css/main.scss 27:9  root stylesheet
DEPRECATION WARNING [import]: Sass @import rules are deprecated and will be removed in Dart Sass 3.0.0.

More info and automated migrator: https://sass-lang.com/d/import

  ╷
3 │         "code",
  │         ^^^^^^
  ╵
    _-sections-dir.scss 3:9                                                                       @import
    /Users/michellestar/Documents/GitHub/hello-michelle-star.github.io/assets/css/main.scss 27:9  root stylesheet
DEPRECATION WARNING [import]: Sass @import rules are deprecated and will be removed in Dart Sass 3.0.0.

More info and automated migrator: https://sass-lang.com/d/import

  ╷
4 │         "default",
  │         ^^^^^^^^^
  ╵
    _-sections-dir.scss 4:9                                                                       @import
    /Users/michellestar/Documents/GitHub/hello-michelle-star.github.io/assets/css/main.scss 27:9  root stylesheet
WARNING: 7 repetitive deprecation warnings omitted.
Run in verbose mode to see all warnings.
                    ...done in 0.138762 seconds.
                    
[2026-04-28 11:40:34] ERROR Errno::ECONNRESET: Connection reset by peer @ io_fillbuf - fd:8 
	/Users/michellestar/Documents/GitHub/hello-michelle-star.github.io/vendor/bundle/ruby/3.4.0/gems/webrick-1.9.1/lib/webrick/httpserver.rb:82:in 'IO#eof?'
	/Users/michellestar/Documents/GitHub/hello-michelle-star.github.io/vendor/bundle/ruby/3.4.0/gems/webrick-1.9.1/lib/webrick/httpserver.rb:82:in 'WEBrick::HTTPServer#run'
	/Users/michellestar/Documents/GitHub/hello-michelle-star.github.io/vendor/bundle/ruby/3.4.0/gems/webrick-1.9.1/lib/webrick/server.rb:310:in 'block in WEBrick::GenericServer#start_thread'
      Regenerating: 1 file(s) changed at 2026-04-28 11:40:48
                    assets/img/chisrc.png
       Jekyll Feed: Generating feed for posts
DEPRECATION WARNING [import]: Sass @import rules are deprecated and will be removed in Dart Sass 3.0.0.

More info and automated migrator: https://sass-lang.com/d/import

   ╷
27 │ @import "-sections-dir";
   │         ^^^^^^^^^^^^^^^
   ╵
    /Users/michellestar/Documents/GitHub/hello-michelle-star.github.io/assets/css/main.scss 27:9  root stylesheet
DEPRECATION WARNING [import]: Sass @import rules are deprecated and will be removed in Dart Sass 3.0.0.

More info and automated migrator: https://sass-lang.com/d/import

   ╷
28 │ @import 'about';
   │         ^^^^^^^
   ╵
    /Users/michellestar/Documents/GitHub/hello-michelle-star.github.io/assets/css/main.scss 28:9  root stylesheet
DEPRECATION WARNING [import]: Sass @import rules are deprecated and will be removed in Dart Sass 3.0.0.

More info and automated migrator: https://sass-lang.com/d/import

  ╷
2 │ @import "base",
  │         ^^^^^^
  ╵
    _-sections-dir.scss 2:9                                                                       @import
    /Users/michellestar/Documents/GitHub/hello-michelle-star.github.io/assets/css/main.scss 27:9  root stylesheet
DEPRECATION WARNING [import]: Sass @import rules are deprecated and will be removed in Dart Sass 3.0.0.

More info and automated migrator: https://sass-lang.com/d/import

  ╷
3 │         "code",
  │         ^^^^^^
  ╵
    _-sections-dir.scss 3:9                                                                       @import
    /Users/michellestar/Documents/GitHub/hello-michelle-star.github.io/assets/css/main.scss 27:9  root stylesheet
DEPRECATION WARNING [import]: Sass @import rules are deprecated and will be removed in Dart Sass 3.0.0.

More info and automated migrator: https://sass-lang.com/d/import

  ╷
4 │         "default",
  │         ^^^^^^^^^
  ╵
    _-sections-dir.scss 4:9                                                                       @import
    /Users/michellestar/Documents/GitHub/hello-michelle-star.github.io/assets/css/main.scss 27:9  root stylesheet
WARNING: 7 repetitive deprecation warnings omitted.
Run in verbose mode to see all warnings.
                    ...done in 0.078747 seconds.
                    
[2026-04-28 11:40:48] ERROR '/assets/img/chisrc.png' not found.
      Regenerating: 1 file(s) changed at 2026-04-28 11:44:19
                    assets/img/chisrc.jpg
       Jekyll Feed: Generating feed for posts
DEPRECATION WARNING [import]: Sass @import rules are deprecated and will be removed in Dart Sass 3.0.0.

More info and automated migrator: https://sass-lang.com/d/import

   ╷
27 │ @import "-sections-dir";
   │         ^^^^^^^^^^^^^^^
   ╵
    /Users/michellestar/Documents/GitHub/hello-michelle-star.github.io/assets/css/main.scss 27:9  root stylesheet
DEPRECATION WARNING [import]: Sass @import rules are deprecated and will be removed in Dart Sass 3.0.0.

More info and automated migrator: https://sass-lang.com/d/import

   ╷
28 │ @import 'about';
   │         ^^^^^^^
   ╵
    /Users/michellestar/Documents/GitHub/hello-michelle-star.github.io/assets/css/main.scss 28:9  root stylesheet
DEPRECATION WARNING [import]: Sass @import rules are deprecated and will be removed in Dart Sass 3.0.0.

More info and automated migrator: https://sass-lang.com/d/import

  ╷
2 │ @import "base",
  │         ^^^^^^
  ╵
    _-sections-dir.scss 2:9                                                                       @import
    /Users/michellestar/Documents/GitHub/hello-michelle-star.github.io/assets/css/main.scss 27:9  root stylesheet
DEPRECATION WARNING [import]: Sass @import rules are deprecated and will be removed in Dart Sass 3.0.0.

More info and automated migrator: https://sass-lang.com/d/import

  ╷
3 │         "code",
  │         ^^^^^^
  ╵
    _-sections-dir.scss 3:9                                                                       @import
    /Users/michellestar/Documents/GitHub/hello-michelle-star.github.io/assets/css/main.scss 27:9  root stylesheet
DEPRECATION WARNING [import]: Sass @import rules are deprecated and will be removed in Dart Sass 3.0.0.

More info and automated migrator: https://sass-lang.com/d/import

  ╷
4 │         "default",
  │         ^^^^^^^^^
  ╵
    _-sections-dir.scss 4:9                                                                       @import
    /Users/michellestar/Documents/GitHub/hello-michelle-star.github.io/assets/css/main.scss 27:9  root stylesheet
WARNING: 7 repetitive deprecation warnings omitted.
Run in verbose mode to see all warnings.
                    ...done in 0.123426 seconds.
                    
[2026-04-28 11:44:20] ERROR Errno::ECONNRESET: Connection reset by peer @ io_fillbuf - fd:21 
	/Users/michellestar/Documents/GitHub/hello-michelle-star.github.io/vendor/bundle/ruby/3.4.0/gems/webrick-1.9.1/lib/webrick/httpserver.rb:82:in 'IO#eof?'
	/Users/michellestar/Documents/GitHub/hello-michelle-star.github.io/vendor/bundle/ruby/3.4.0/gems/webrick-1.9.1/lib/webrick/httpserver.rb:82:in 'WEBrick::HTTPServer#run'
	/Users/michellestar/Documents/GitHub/hello-michelle-star.github.io/vendor/bundle/ruby/3.4.0/gems/webrick-1.9.1/lib/webrick/server.rb:310:in 'block in WEBrick::GenericServer#start_thread'
[2026-04-28 11:44:20] ERROR '/assets/img/chisrc.png' not found.
      Regenerating: 1 file(s) changed at 2026-04-28 11:44:30
                    _posts/2026-04-18-chi.md
       Jekyll Feed: Generating feed for posts
DEPRECATION WARNING [import]: Sass @import rules are deprecated and will be removed in Dart Sass 3.0.0.

More info and automated migrator: https://sass-lang.com/d/import

   ╷
27 │ @import "-sections-dir";
   │         ^^^^^^^^^^^^^^^
   ╵
    /Users/michellestar/Documents/GitHub/hello-michelle-star.github.io/assets/css/main.scss 27:9  root stylesheet
DEPRECATION WARNING [import]: Sass @import rules are deprecated and will be removed in Dart Sass 3.0.0.

More info and automated migrator: https://sass-lang.com/d/import

   ╷
28 │ @import 'about';
   │         ^^^^^^^
   ╵
    /Users/michellestar/Documents/GitHub/hello-michelle-star.github.io/assets/css/main.scss 28:9  root stylesheet
DEPRECATION WARNING [import]: Sass @import rules are deprecated and will be removed in Dart Sass 3.0.0.

More info and automated migrator: https://sass-lang.com/d/import

  ╷
2 │ @import "base",
  │         ^^^^^^
  ╵
    _-sections-dir.scss 2:9                                                                       @import
    /Users/michellestar/Documents/GitHub/hello-michelle-star.github.io/assets/css/main.scss 27:9  root stylesheet
DEPRECATION WARNING [import]: Sass @import rules are deprecated and will be removed in Dart Sass 3.0.0.

More info and automated migrator: https://sass-lang.com/d/import

  ╷
3 │         "code",
  │         ^^^^^^
  ╵
    _-sections-dir.scss 3:9                                                                       @import
    /Users/michellestar/Documents/GitHub/hello-michelle-star.github.io/assets/css/main.scss 27:9  root stylesheet
DEPRECATION WARNING [import]: Sass @import rules are deprecated and will be removed in Dart Sass 3.0.0.

More info and automated migrator: https://sass-lang.com/d/import

  ╷
4 │         "default",
  │         ^^^^^^^^^
  ╵
    _-sections-dir.scss 4:9                                                                       @import
    /Users/michellestar/Documents/GitHub/hello-michelle-star.github.io/assets/css/main.scss 27:9  root stylesheet
WARNING: 7 repetitive deprecation warnings omitted.
Run in verbose mode to see all warnings.
                    ...done in 0.081267 seconds.
                    
      Regenerating: 1 file(s) changed at 2026-04-28 11:45:56
                    _posts/2026-04-18-chi.md
       Jekyll Feed: Generating feed for posts
DEPRECATION WARNING [import]: Sass @import rules are deprecated and will be removed in Dart Sass 3.0.0.

More info and automated migrator: https://sass-lang.com/d/import

   ╷
27 │ @import "-sections-dir";
   │         ^^^^^^^^^^^^^^^
   ╵
    /Users/michellestar/Documents/GitHub/hello-michelle-star.github.io/assets/css/main.scss 27:9  root stylesheet
DEPRECATION WARNING [import]: Sass @import rules are deprecated and will be removed in Dart Sass 3.0.0.

More info and automated migrator: https://sass-lang.com/d/import

   ╷
28 │ @import 'about';
   │         ^^^^^^^
   ╵
    /Users/michellestar/Documents/GitHub/hello-michelle-star.github.io/assets/css/main.scss 28:9  root stylesheet
DEPRECATION WARNING [import]: Sass @import rules are deprecated and will be removed in Dart Sass 3.0.0.

More info and automated migrator: https://sass-lang.com/d/import

  ╷
2 │ @import "base",
  │         ^^^^^^
  ╵
    _-sections-dir.scss 2:9                                                                       @import
    /Users/michellestar/Documents/GitHub/hello-michelle-star.github.io/assets/css/main.scss 27:9  root stylesheet
DEPRECATION WARNING [import]: Sass @import rules are deprecated and will be removed in Dart Sass 3.0.0.

More info and automated migrator: https://sass-lang.com/d/import

  ╷
3 │         "code",
  │         ^^^^^^
  ╵
    _-sections-dir.scss 3:9                                                                       @import
    /Users/michellestar/Documents/GitHub/hello-michelle-star.github.io/assets/css/main.scss 27:9  root stylesheet
DEPRECATION WARNING [import]: Sass @import rules are deprecated and will be removed in Dart Sass 3.0.0.

More info and automated migrator: https://sass-lang.com/d/import

  ╷
4 │         "default",
  │         ^^^^^^^^^
  ╵
    _-sections-dir.scss 4:9                                                                       @import
    /Users/michellestar/Documents/GitHub/hello-michelle-star.github.io/assets/css/main.scss 27:9  root stylesheet
WARNING: 7 repetitive deprecation warnings omitted.
Run in verbose mode to see all warnings.
                    ...done in 0.119708 seconds.
                    
      Regenerating: 1 file(s) changed at 2026-04-28 11:47:11
                    assets/img/chi/letters.png
       Jekyll Feed: Generating feed for posts
DEPRECATION WARNING [import]: Sass @import rules are deprecated and will be removed in Dart Sass 3.0.0.

More info and automated migrator: https://sass-lang.com/d/import

   ╷
27 │ @import "-sections-dir";
   │         ^^^^^^^^^^^^^^^
   ╵
    /Users/michellestar/Documents/GitHub/hello-michelle-star.github.io/assets/css/main.scss 27:9  root stylesheet
DEPRECATION WARNING [import]: Sass @import rules are deprecated and will be removed in Dart Sass 3.0.0.

More info and automated migrator: https://sass-lang.com/d/import

   ╷
28 │ @import 'about';
   │         ^^^^^^^
   ╵
    /Users/michellestar/Documents/GitHub/hello-michelle-star.github.io/assets/css/main.scss 28:9  root stylesheet
DEPRECATION WARNING [import]: Sass @import rules are deprecated and will be removed in Dart Sass 3.0.0.

More info and automated migrator: https://sass-lang.com/d/import

  ╷
2 │ @import "base",
  │         ^^^^^^
  ╵
    _-sections-dir.scss 2:9                                                                       @import
    /Users/michellestar/Documents/GitHub/hello-michelle-star.github.io/assets/css/main.scss 27:9  root stylesheet
DEPRECATION WARNING [import]: Sass @import rules are deprecated and will be removed in Dart Sass 3.0.0.

More info and automated migrator: https://sass-lang.com/d/import

  ╷
3 │         "code",
  │         ^^^^^^
  ╵
    _-sections-dir.scss 3:9                                                                       @import
    /Users/michellestar/Documents/GitHub/hello-michelle-star.github.io/assets/css/main.scss 27:9  root stylesheet
DEPRECATION WARNING [import]: Sass @import rules are deprecated and will be removed in Dart Sass 3.0.0.

More info and automated migrator: https://sass-lang.com/d/import

  ╷
4 │         "default",
  │         ^^^^^^^^^
  ╵
    _-sections-dir.scss 4:9                                                                       @import
    /Users/michellestar/Documents/GitHub/hello-michelle-star.github.io/assets/css/main.scss 27:9  root stylesheet
WARNING: 7 repetitive deprecation warnings omitted.
Run in verbose mode to see all warnings.
                    ...done in 0.261641 seconds.
                    
[2026-04-28 11:47:11] ERROR Errno::ECONNRESET: Connection reset by peer @ io_fillbuf - fd:7 
	/Users/michellestar/Documents/GitHub/hello-michelle-star.github.io/vendor/bundle/ruby/3.4.0/gems/webrick-1.9.1/lib/webrick/httpserver.rb:82:in 'IO#eof?'
	/Users/michellestar/Documents/GitHub/hello-michelle-star.github.io/vendor/bundle/ruby/3.4.0/gems/webrick-1.9.1/lib/webrick/httpserver.rb:82:in 'WEBrick::HTTPServer#run'
	/Users/michellestar/Documents/GitHub/hello-michelle-star.github.io/vendor/bundle/ruby/3.4.0/gems/webrick-1.9.1/lib/webrick/server.rb:310:in 'block in WEBrick::GenericServer#start_thread'
      Regenerating: 1 file(s) changed at 2026-04-28 11:47:45
                    assets/img/chi/srcroom.png
       Jekyll Feed: Generating feed for posts
DEPRECATION WARNING [import]: Sass @import rules are deprecated and will be removed in Dart Sass 3.0.0.

More info and automated migrator: https://sass-lang.com/d/import

   ╷
27 │ @import "-sections-dir";
   │         ^^^^^^^^^^^^^^^
   ╵
    /Users/michellestar/Documents/GitHub/hello-michelle-star.github.io/assets/css/main.scss 27:9  root stylesheet
DEPRECATION WARNING [import]: Sass @import rules are deprecated and will be removed in Dart Sass 3.0.0.

More info and automated migrator: https://sass-lang.com/d/import

   ╷
28 │ @import 'about';
   │         ^^^^^^^
   ╵
    /Users/michellestar/Documents/GitHub/hello-michelle-star.github.io/assets/css/main.scss 28:9  root stylesheet
DEPRECATION WARNING [import]: Sass @import rules are deprecated and will be removed in Dart Sass 3.0.0.

More info and automated migrator: https://sass-lang.com/d/import

  ╷
2 │ @import "base",
  │         ^^^^^^
  ╵
    _-sections-dir.scss 2:9                                                                       @import
    /Users/michellestar/Documents/GitHub/hello-michelle-star.github.io/assets/css/main.scss 27:9  root stylesheet
DEPRECATION WARNING [import]: Sass @import rules are deprecated and will be removed in Dart Sass 3.0.0.

More info and automated migrator: https://sass-lang.com/d/import

  ╷
3 │         "code",
  │         ^^^^^^
  ╵
    _-sections-dir.scss 3:9                                                                       @import
    /Users/michellestar/Documents/GitHub/hello-michelle-star.github.io/assets/css/main.scss 27:9  root stylesheet
DEPRECATION WARNING [import]: Sass @import rules are deprecated and will be removed in Dart Sass 3.0.0.

More info and automated migrator: https://sass-lang.com/d/import

  ╷
4 │         "default",
  │         ^^^^^^^^^
  ╵
    _-sections-dir.scss 4:9                                                                       @import
    /Users/michellestar/Documents/GitHub/hello-michelle-star.github.io/assets/css/main.scss 27:9  root stylesheet
WARNING: 7 repetitive deprecation warnings omitted.
Run in verbose mode to see all warnings.
                    ...done in 0.148878 seconds.
                    
      Regenerating: 1 file(s) changed at 2026-04-28 11:59:01
                    assets/img/chi/beach.png
       Jekyll Feed: Generating feed for posts
DEPRECATION WARNING [import]: Sass @import rules are deprecated and will be removed in Dart Sass 3.0.0.

More info and automated migrator: https://sass-lang.com/d/import

   ╷
27 │ @import "-sections-dir";
   │         ^^^^^^^^^^^^^^^
   ╵
    /Users/michellestar/Documents/GitHub/hello-michelle-star.github.io/assets/css/main.scss 27:9  root stylesheet
DEPRECATION WARNING [import]: Sass @import rules are deprecated and will be removed in Dart Sass 3.0.0.

More info and automated migrator: https://sass-lang.com/d/import

   ╷
28 │ @import 'about';
   │         ^^^^^^^
   ╵
    /Users/michellestar/Documents/GitHub/hello-michelle-star.github.io/assets/css/main.scss 28:9  root stylesheet
DEPRECATION WARNING [import]: Sass @import rules are deprecated and will be removed in Dart Sass 3.0.0.

More info and automated migrator: https://sass-lang.com/d/import

  ╷
2 │ @import "base",
  │         ^^^^^^
  ╵
    _-sections-dir.scss 2:9                                                                       @import
    /Users/michellestar/Documents/GitHub/hello-michelle-star.github.io/assets/css/main.scss 27:9  root stylesheet
DEPRECATION WARNING [import]: Sass @import rules are deprecated and will be removed in Dart Sass 3.0.0.

More info and automated migrator: https://sass-lang.com/d/import

  ╷
3 │         "code",
  │         ^^^^^^
  ╵
    _-sections-dir.scss 3:9                                                                       @import
    /Users/michellestar/Documents/GitHub/hello-michelle-star.github.io/assets/css/main.scss 27:9  root stylesheet
DEPRECATION WARNING [import]: Sass @import rules are deprecated and will be removed in Dart Sass 3.0.0.

More info and automated migrator: https://sass-lang.com/d/import

  ╷
4 │         "default",
  │         ^^^^^^^^^
  ╵
    _-sections-dir.scss 4:9                                                                       @import
    /Users/michellestar/Documents/GitHub/hello-michelle-star.github.io/assets/css/main.scss 27:9  root stylesheet
WARNING: 7 repetitive deprecation warnings omitted.
Run in verbose mode to see all warnings.
                    ...done in 0.152681 seconds.
                    
      Regenerating: 1 file(s) changed at 2026-04-28 11:59:37
                    assets/img/chi/opening.png
       Jekyll Feed: Generating feed for posts
DEPRECATION WARNING [import]: Sass @import rules are deprecated and will be removed in Dart Sass 3.0.0.

More info and automated migrator: https://sass-lang.com/d/import

   ╷
27 │ @import "-sections-dir";
   │         ^^^^^^^^^^^^^^^
   ╵
    /Users/michellestar/Documents/GitHub/hello-michelle-star.github.io/assets/css/main.scss 27:9  root stylesheet
DEPRECATION WARNING [import]: Sass @import rules are deprecated and will be removed in Dart Sass 3.0.0.

More info and automated migrator: https://sass-lang.com/d/import

   ╷
28 │ @import 'about';
   │         ^^^^^^^
   ╵
    /Users/michellestar/Documents/GitHub/hello-michelle-star.github.io/assets/css/main.scss 28:9  root stylesheet
DEPRECATION WARNING [import]: Sass @import rules are deprecated and will be removed in Dart Sass 3.0.0.

More info and automated migrator: https://sass-lang.com/d/import

  ╷
2 │ @import "base",
  │         ^^^^^^
  ╵
    _-sections-dir.scss 2:9                                                                       @import
    /Users/michellestar/Documents/GitHub/hello-michelle-star.github.io/assets/css/main.scss 27:9  root stylesheet
DEPRECATION WARNING [import]: Sass @import rules are deprecated and will be removed in Dart Sass 3.0.0.

More info and automated migrator: https://sass-lang.com/d/import

  ╷
3 │         "code",
  │         ^^^^^^
  ╵
    _-sections-dir.scss 3:9                                                                       @import
    /Users/michellestar/Documents/GitHub/hello-michelle-star.github.io/assets/css/main.scss 27:9  root stylesheet
DEPRECATION WARNING [import]: Sass @import rules are deprecated and will be removed in Dart Sass 3.0.0.

More info and automated migrator: https://sass-lang.com/d/import

  ╷
4 │         "default",
  │         ^^^^^^^^^
  ╵
    _-sections-dir.scss 4:9                                                                       @import
    /Users/michellestar/Documents/GitHub/hello-michelle-star.github.io/assets/css/main.scss 27:9  root stylesheet
WARNING: 7 repetitive deprecation warnings omitted.
Run in verbose mode to see all warnings.
                    ...done in 0.108087 seconds.
                    
      Regenerating: 1 file(s) changed at 2026-04-28 12:00:02
                    assets/img/chi/pitt.png
       Jekyll Feed: Generating feed for posts
DEPRECATION WARNING [import]: Sass @import rules are deprecated and will be removed in Dart Sass 3.0.0.

More info and automated migrator: https://sass-lang.com/d/import

   ╷
27 │ @import "-sections-dir";
   │         ^^^^^^^^^^^^^^^
   ╵
    /Users/michellestar/Documents/GitHub/hello-michelle-star.github.io/assets/css/main.scss 27:9  root stylesheet
DEPRECATION WARNING [import]: Sass @import rules are deprecated and will be removed in Dart Sass 3.0.0.

More info and automated migrator: https://sass-lang.com/d/import

   ╷
28 │ @import 'about';
   │         ^^^^^^^
   ╵
    /Users/michellestar/Documents/GitHub/hello-michelle-star.github.io/assets/css/main.scss 28:9  root stylesheet
DEPRECATION WARNING [import]: Sass @import rules are deprecated and will be removed in Dart Sass 3.0.0.

More info and automated migrator: https://sass-lang.com/d/import

  ╷
2 │ @import "base",
  │         ^^^^^^
  ╵
    _-sections-dir.scss 2:9                                                                       @import
    /Users/michellestar/Documents/GitHub/hello-michelle-star.github.io/assets/css/main.scss 27:9  root stylesheet
DEPRECATION WARNING [import]: Sass @import rules are deprecated and will be removed in Dart Sass 3.0.0.

More info and automated migrator: https://sass-lang.com/d/import

  ╷
3 │         "code",
  │         ^^^^^^
  ╵
    _-sections-dir.scss 3:9                                                                       @import
    /Users/michellestar/Documents/GitHub/hello-michelle-star.github.io/assets/css/main.scss 27:9  root stylesheet
DEPRECATION WARNING [import]: Sass @import rules are deprecated and will be removed in Dart Sass 3.0.0.

More info and automated migrator: https://sass-lang.com/d/import

  ╷
4 │         "default",
  │         ^^^^^^^^^
  ╵
    _-sections-dir.scss 4:9                                                                       @import
    /Users/michellestar/Documents/GitHub/hello-michelle-star.github.io/assets/css/main.scss 27:9  root stylesheet
WARNING: 7 repetitive deprecation warnings omitted.
Run in verbose mode to see all warnings.
                    ...done in 0.113087 seconds.
                    
      Regenerating: 1 file(s) changed at 2026-04-28 12:00:33
                    assets/img/chi/poster.png
       Jekyll Feed: Generating feed for posts
DEPRECATION WARNING [import]: Sass @import rules are deprecated and will be removed in Dart Sass 3.0.0.

More info and automated migrator: https://sass-lang.com/d/import

   ╷
27 │ @import "-sections-dir";
   │         ^^^^^^^^^^^^^^^
   ╵
    /Users/michellestar/Documents/GitHub/hello-michelle-star.github.io/assets/css/main.scss 27:9  root stylesheet
DEPRECATION WARNING [import]: Sass @import rules are deprecated and will be removed in Dart Sass 3.0.0.

More info and automated migrator: https://sass-lang.com/d/import

   ╷
28 │ @import 'about';
   │         ^^^^^^^
   ╵
    /Users/michellestar/Documents/GitHub/hello-michelle-star.github.io/assets/css/main.scss 28:9  root stylesheet
DEPRECATION WARNING [import]: Sass @import rules are deprecated and will be removed in Dart Sass 3.0.0.

More info and automated migrator: https://sass-lang.com/d/import

  ╷
2 │ @import "base",
  │         ^^^^^^
  ╵
    _-sections-dir.scss 2:9                                                                       @import
    /Users/michellestar/Documents/GitHub/hello-michelle-star.github.io/assets/css/main.scss 27:9  root stylesheet
DEPRECATION WARNING [import]: Sass @import rules are deprecated and will be removed in Dart Sass 3.0.0.

More info and automated migrator: https://sass-lang.com/d/import

  ╷
3 │         "code",
  │         ^^^^^^
  ╵
    _-sections-dir.scss 3:9                                                                       @import
    /Users/michellestar/Documents/GitHub/hello-michelle-star.github.io/assets/css/main.scss 27:9  root stylesheet
DEPRECATION WARNING [import]: Sass @import rules are deprecated and will be removed in Dart Sass 3.0.0.

More info and automated migrator: https://sass-lang.com/d/import

  ╷
4 │         "default",
  │         ^^^^^^^^^
  ╵
    _-sections-dir.scss 4:9                                                                       @import
    /Users/michellestar/Documents/GitHub/hello-michelle-star.github.io/assets/css/main.scss 27:9  root stylesheet
WARNING: 7 repetitive deprecation warnings omitted.
Run in verbose mode to see all warnings.
                    ...done in 0.102798 seconds.
                    
[2026-04-28 12:00:34] ERROR Errno::ECONNRESET: Connection reset by peer @ io_fillbuf - fd:17 
	/Users/michellestar/Documents/GitHub/hello-michelle-star.github.io/vendor/bundle/ruby/3.4.0/gems/webrick-1.9.1/lib/webrick/httpserver.rb:82:in 'IO#eof?'
	/Users/michellestar/Documents/GitHub/hello-michelle-star.github.io/vendor/bundle/ruby/3.4.0/gems/webrick-1.9.1/lib/webrick/httpserver.rb:82:in 'WEBrick::HTTPServer#run'
	/Users/michellestar/Documents/GitHub/hello-michelle-star.github.io/vendor/bundle/ruby/3.4.0/gems/webrick-1.9.1/lib/webrick/server.rb:310:in 'block in WEBrick::GenericServer#start_thread'
[2026-04-28 12:00:34] ERROR Errno::ECONNRESET: Connection reset by peer @ io_fillbuf - fd:19 
	/Users/michellestar/Documents/GitHub/hello-michelle-star.github.io/vendor/bundle/ruby/3.4.0/gems/webrick-1.9.1/lib/webrick/httpserver.rb:82:in 'IO#eof?'
	/Users/michellestar/Documents/GitHub/hello-michelle-star.github.io/vendor/bundle/ruby/3.4.0/gems/webrick-1.9.1/lib/webrick/httpserver.rb:82:in 'WEBrick::HTTPServer#run'
	/Users/michellestar/Documents/GitHub/hello-michelle-star.github.io/vendor/bundle/ruby/3.4.0/gems/webrick-1.9.1/lib/webrick/server.rb:310:in 'block in WEBrick::GenericServer#start_thread'
      Regenerating: 1 file(s) changed at 2026-04-28 12:01:52
                    _posts/2026-04-18-chi.md
       Jekyll Feed: Generating feed for posts
DEPRECATION WARNING [import]: Sass @import rules are deprecated and will be removed in Dart Sass 3.0.0.

More info and automated migrator: https://sass-lang.com/d/import

   ╷
27 │ @import "-sections-dir";
   │         ^^^^^^^^^^^^^^^
   ╵
    /Users/michellestar/Documents/GitHub/hello-michelle-star.github.io/assets/css/main.scss 27:9  root stylesheet
DEPRECATION WARNING [import]: Sass @import rules are deprecated and will be removed in Dart Sass 3.0.0.

More info and automated migrator: https://sass-lang.com/d/import

   ╷
28 │ @import 'about';
   │         ^^^^^^^
   ╵
    /Users/michellestar/Documents/GitHub/hello-michelle-star.github.io/assets/css/main.scss 28:9  root stylesheet
DEPRECATION WARNING [import]: Sass @import rules are deprecated and will be removed in Dart Sass 3.0.0.

More info and automated migrator: https://sass-lang.com/d/import

  ╷
2 │ @import "base",
  │         ^^^^^^
  ╵
    _-sections-dir.scss 2:9                                                                       @import
    /Users/michellestar/Documents/GitHub/hello-michelle-star.github.io/assets/css/main.scss 27:9  root stylesheet
DEPRECATION WARNING [import]: Sass @import rules are deprecated and will be removed in Dart Sass 3.0.0.

More info and automated migrator: https://sass-lang.com/d/import

  ╷
3 │         "code",
  │         ^^^^^^
  ╵
    _-sections-dir.scss 3:9                                                                       @import
    /Users/michellestar/Documents/GitHub/hello-michelle-star.github.io/assets/css/main.scss 27:9  root stylesheet
DEPRECATION WARNING [import]: Sass @import rules are deprecated and will be removed in Dart Sass 3.0.0.

More info and automated migrator: https://sass-lang.com/d/import

  ╷
4 │         "default",
  │         ^^^^^^^^^
  ╵
    _-sections-dir.scss 4:9                                                                       @import
    /Users/michellestar/Documents/GitHub/hello-michelle-star.github.io/assets/css/main.scss 27:9  root stylesheet
WARNING: 7 repetitive deprecation warnings omitted.
Run in verbose mode to see all warnings.
                    ...done in 0.106947 seconds.
                    
      Regenerating: 1 file(s) changed at 2026-04-28 12:02:28
                    _posts/2026-04-18-chi.md
       Jekyll Feed: Generating feed for posts
DEPRECATION WARNING [import]: Sass @import rules are deprecated and will be removed in Dart Sass 3.0.0.

More info and automated migrator: https://sass-lang.com/d/import

   ╷
27 │ @import "-sections-dir";
   │         ^^^^^^^^^^^^^^^
   ╵
    /Users/michellestar/Documents/GitHub/hello-michelle-star.github.io/assets/css/main.scss 27:9  root stylesheet
DEPRECATION WARNING [import]: Sass @import rules are deprecated and will be removed in Dart Sass 3.0.0.

More info and automated migrator: https://sass-lang.com/d/import

   ╷
28 │ @import 'about';
   │         ^^^^^^^
   ╵
    /Users/michellestar/Documents/GitHub/hello-michelle-star.github.io/assets/css/main.scss 28:9  root stylesheet
DEPRECATION WARNING [import]: Sass @import rules are deprecated and will be removed in Dart Sass 3.0.0.

More info and automated migrator: https://sass-lang.com/d/import

  ╷
2 │ @import "base",
  │         ^^^^^^
  ╵
    _-sections-dir.scss 2:9                                                                       @import
    /Users/michellestar/Documents/GitHub/hello-michelle-star.github.io/assets/css/main.scss 27:9  root stylesheet
DEPRECATION WARNING [import]: Sass @import rules are deprecated and will be removed in Dart Sass 3.0.0.

More info and automated migrator: https://sass-lang.com/d/import

  ╷
3 │         "code",
  │         ^^^^^^
  ╵
    _-sections-dir.scss 3:9                                                                       @import
    /Users/michellestar/Documents/GitHub/hello-michelle-star.github.io/assets/css/main.scss 27:9  root stylesheet
DEPRECATION WARNING [import]: Sass @import rules are deprecated and will be removed in Dart Sass 3.0.0.

More info and automated migrator: https://sass-lang.com/d/import

  ╷
4 │         "default",
  │         ^^^^^^^^^
  ╵
    _-sections-dir.scss 4:9                                                                       @import
    /Users/michellestar/Documents/GitHub/hello-michelle-star.github.io/assets/css/main.scss 27:9  root stylesheet
WARNING: 7 repetitive deprecation warnings omitted.
Run in verbose mode to see all warnings.
                    ...done in 0.106541 seconds.
                    
[2026-04-28 12:02:28] ERROR '/projects/chi20206/assets/img/chi/opening.png' not found.
      Regenerating: 1 file(s) changed at 2026-04-28 12:02:35
                    _posts/2026-04-18-chi.md
       Jekyll Feed: Generating feed for posts
DEPRECATION WARNING [import]: Sass @import rules are deprecated and will be removed in Dart Sass 3.0.0.

More info and automated migrator: https://sass-lang.com/d/import

   ╷
27 │ @import "-sections-dir";
   │         ^^^^^^^^^^^^^^^
   ╵
    /Users/michellestar/Documents/GitHub/hello-michelle-star.github.io/assets/css/main.scss 27:9  root stylesheet
DEPRECATION WARNING [import]: Sass @import rules are deprecated and will be removed in Dart Sass 3.0.0.

More info and automated migrator: https://sass-lang.com/d/import

   ╷
28 │ @import 'about';
   │         ^^^^^^^
   ╵
    /Users/michellestar/Documents/GitHub/hello-michelle-star.github.io/assets/css/main.scss 28:9  root stylesheet
DEPRECATION WARNING [import]: Sass @import rules are deprecated and will be removed in Dart Sass 3.0.0.

More info and automated migrator: https://sass-lang.com/d/import

  ╷
2 │ @import "base",
  │         ^^^^^^
  ╵
    _-sections-dir.scss 2:9                                                                       @import
    /Users/michellestar/Documents/GitHub/hello-michelle-star.github.io/assets/css/main.scss 27:9  root stylesheet
DEPRECATION WARNING [import]: Sass @import rules are deprecated and will be removed in Dart Sass 3.0.0.

More info and automated migrator: https://sass-lang.com/d/import

  ╷
3 │         "code",
  │         ^^^^^^
  ╵
    _-sections-dir.scss 3:9                                                                       @import
    /Users/michellestar/Documents/GitHub/hello-michelle-star.github.io/assets/css/main.scss 27:9  root stylesheet
DEPRECATION WARNING [import]: Sass @import rules are deprecated and will be removed in Dart Sass 3.0.0.

More info and automated migrator: https://sass-lang.com/d/import

  ╷
4 │         "default",
  │         ^^^^^^^^^
  ╵
    _-sections-dir.scss 4:9                                                                       @import
    /Users/michellestar/Documents/GitHub/hello-michelle-star.github.io/assets/css/main.scss 27:9  root stylesheet
WARNING: 7 repetitive deprecation warnings omitted.
Run in verbose mode to see all warnings.
                    ...done in 0.065602 seconds.
                    
[2026-04-28 12:02:36] ERROR '/projects/chi20206/assets/img/chi/opening.png' not found.
[2026-04-28 12:02:36] ERROR Errno::ECONNRESET: Connection reset by peer @ io_fillbuf - fd:8 
	/Users/michellestar/Documents/GitHub/hello-michelle-star.github.io/vendor/bundle/ruby/3.4.0/gems/webrick-1.9.1/lib/webrick/httpserver.rb:82:in 'IO#eof?'
	/Users/michellestar/Documents/GitHub/hello-michelle-star.github.io/vendor/bundle/ruby/3.4.0/gems/webrick-1.9.1/lib/webrick/httpserver.rb:82:in 'WEBrick::HTTPServer#run'
	/Users/michellestar/Documents/GitHub/hello-michelle-star.github.io/vendor/bundle/ruby/3.4.0/gems/webrick-1.9.1/lib/webrick/server.rb:310:in 'block in WEBrick::GenericServer#start_thread'
[2026-04-28 12:02:36] ERROR '/projects/chi20206/assets/img/chi/opening.png' not found.
      Regenerating: 1 file(s) changed at 2026-04-28 12:02:41
                    _posts/2026-04-18-chi.md
       Jekyll Feed: Generating feed for posts
DEPRECATION WARNING [import]: Sass @import rules are deprecated and will be removed in Dart Sass 3.0.0.

More info and automated migrator: https://sass-lang.com/d/import

   ╷
27 │ @import "-sections-dir";
   │         ^^^^^^^^^^^^^^^
   ╵
    /Users/michellestar/Documents/GitHub/hello-michelle-star.github.io/assets/css/main.scss 27:9  root stylesheet
DEPRECATION WARNING [import]: Sass @import rules are deprecated and will be removed in Dart Sass 3.0.0.

More info and automated migrator: https://sass-lang.com/d/import

   ╷
28 │ @import 'about';
   │         ^^^^^^^
   ╵
    /Users/michellestar/Documents/GitHub/hello-michelle-star.github.io/assets/css/main.scss 28:9  root stylesheet
DEPRECATION WARNING [import]: Sass @import rules are deprecated and will be removed in Dart Sass 3.0.0.

More info and automated migrator: https://sass-lang.com/d/import

  ╷
2 │ @import "base",
  │         ^^^^^^
  ╵
    _-sections-dir.scss 2:9                                                                       @import
    /Users/michellestar/Documents/GitHub/hello-michelle-star.github.io/assets/css/main.scss 27:9  root stylesheet
DEPRECATION WARNING [import]: Sass @import rules are deprecated and will be removed in Dart Sass 3.0.0.

More info and automated migrator: https://sass-lang.com/d/import

  ╷
3 │         "code",
  │         ^^^^^^
  ╵
    _-sections-dir.scss 3:9                                                                       @import
    /Users/michellestar/Documents/GitHub/hello-michelle-star.github.io/assets/css/main.scss 27:9  root stylesheet
DEPRECATION WARNING [import]: Sass @import rules are deprecated and will be removed in Dart Sass 3.0.0.

More info and automated migrator: https://sass-lang.com/d/import

  ╷
4 │         "default",
  │         ^^^^^^^^^
  ╵
    _-sections-dir.scss 4:9                                                                       @import
    /Users/michellestar/Documents/GitHub/hello-michelle-star.github.io/assets/css/main.scss 27:9  root stylesheet
WARNING: 7 repetitive deprecation warnings omitted.
Run in verbose mode to see all warnings.
                    ...done in 0.065579 seconds.
                    
[2026-04-28 12:02:41] ERROR '/projects/chi20206/assets/img/chi/opening.png' not found.
[2026-04-28 12:02:41] ERROR Errno::ECONNRESET: Connection reset by peer @ io_fillbuf - fd:17 
	/Users/michellestar/Documents/GitHub/hello-michelle-star.github.io/vendor/bundle/ruby/3.4.0/gems/webrick-1.9.1/lib/webrick/httpserver.rb:82:in 'IO#eof?'
	/Users/michellestar/Documents/GitHub/hello-michelle-star.github.io/vendor/bundle/ruby/3.4.0/gems/webrick-1.9.1/lib/webrick/httpserver.rb:82:in 'WEBrick::HTTPServer#run'
	/Users/michellestar/Documents/GitHub/hello-michelle-star.github.io/vendor/bundle/ruby/3.4.0/gems/webrick-1.9.1/lib/webrick/server.rb:310:in 'block in WEBrick::GenericServer#start_thread'
[2026-04-28 12:02:41] ERROR '/projects/chi20206/assets/img/chi/opening.png' not found.
      Regenerating: 1 file(s) changed at 2026-04-28 12:05:09
                    _posts/2026-04-18-chi.md
       Jekyll Feed: Generating feed for posts
DEPRECATION WARNING [import]: Sass @import rules are deprecated and will be removed in Dart Sass 3.0.0.

More info and automated migrator: https://sass-lang.com/d/import

   ╷
27 │ @import "-sections-dir";
   │         ^^^^^^^^^^^^^^^
   ╵
    /Users/michellestar/Documents/GitHub/hello-michelle-star.github.io/assets/css/main.scss 27:9  root stylesheet
DEPRECATION WARNING [import]: Sass @import rules are deprecated and will be removed in Dart Sass 3.0.0.

More info and automated migrator: https://sass-lang.com/d/import

   ╷
28 │ @import 'about';
   │         ^^^^^^^
   ╵
    /Users/michellestar/Documents/GitHub/hello-michelle-star.github.io/assets/css/main.scss 28:9  root stylesheet
DEPRECATION WARNING [import]: Sass @import rules are deprecated and will be removed in Dart Sass 3.0.0.

More info and automated migrator: https://sass-lang.com/d/import

  ╷
2 │ @import "base",
  │         ^^^^^^
  ╵
    _-sections-dir.scss 2:9                                                                       @import
    /Users/michellestar/Documents/GitHub/hello-michelle-star.github.io/assets/css/main.scss 27:9  root stylesheet
DEPRECATION WARNING [import]: Sass @import rules are deprecated and will be removed in Dart Sass 3.0.0.

More info and automated migrator: https://sass-lang.com/d/import

  ╷
3 │         "code",
  │         ^^^^^^
  ╵
    _-sections-dir.scss 3:9                                                                       @import
    /Users/michellestar/Documents/GitHub/hello-michelle-star.github.io/assets/css/main.scss 27:9  root stylesheet
DEPRECATION WARNING [import]: Sass @import rules are deprecated and will be removed in Dart Sass 3.0.0.

More info and automated migrator: https://sass-lang.com/d/import

  ╷
4 │         "default",
  │         ^^^^^^^^^
  ╵
    _-sections-dir.scss 4:9                                                                       @import
    /Users/michellestar/Documents/GitHub/hello-michelle-star.github.io/assets/css/main.scss 27:9  root stylesheet
WARNING: 7 repetitive deprecation warnings omitted.
Run in verbose mode to see all warnings.
                    ...done in 0.142221 seconds.
                    
[2026-04-28 12:05:09] ERROR '/projects/chi20206/assets/img/chi/opening.png' not found.
[2026-04-28 12:05:09] ERROR '/projects/chi20206/assets/img/chi/opening.png' not found.
      Regenerating: 1 file(s) changed at 2026-04-28 12:05:10
                    _posts/2026-04-18-chi.md
       Jekyll Feed: Generating feed for posts
DEPRECATION WARNING [import]: Sass @import rules are deprecated and will be removed in Dart Sass 3.0.0.

More info and automated migrator: https://sass-lang.com/d/import

   ╷
27 │ @import "-sections-dir";
   │         ^^^^^^^^^^^^^^^
   ╵
    /Users/michellestar/Documents/GitHub/hello-michelle-star.github.io/assets/css/main.scss 27:9  root stylesheet
DEPRECATION WARNING [import]: Sass @import rules are deprecated and will be removed in Dart Sass 3.0.0.

More info and automated migrator: https://sass-lang.com/d/import

   ╷
28 │ @import 'about';
   │         ^^^^^^^
   ╵
    /Users/michellestar/Documents/GitHub/hello-michelle-star.github.io/assets/css/main.scss 28:9  root stylesheet
DEPRECATION WARNING [import]: Sass @import rules are deprecated and will be removed in Dart Sass 3.0.0.

More info and automated migrator: https://sass-lang.com/d/import

  ╷
2 │ @import "base",
  │         ^^^^^^
  ╵
    _-sections-dir.scss 2:9                                                                       @import
    /Users/michellestar/Documents/GitHub/hello-michelle-star.github.io/assets/css/main.scss 27:9  root stylesheet
DEPRECATION WARNING [import]: Sass @import rules are deprecated and will be removed in Dart Sass 3.0.0.

More info and automated migrator: https://sass-lang.com/d/import

  ╷
3 │         "code",
  │         ^^^^^^
  ╵
    _-sections-dir.scss 3:9                                                                       @import
    /Users/michellestar/Documents/GitHub/hello-michelle-star.github.io/assets/css/main.scss 27:9  root stylesheet
DEPRECATION WARNING [import]: Sass @import rules are deprecated and will be removed in Dart Sass 3.0.0.

More info and automated migrator: https://sass-lang.com/d/import

  ╷
4 │         "default",
  │         ^^^^^^^^^
  ╵
    _-sections-dir.scss 4:9                                                                       @import
    /Users/michellestar/Documents/GitHub/hello-michelle-star.github.io/assets/css/main.scss 27:9  root stylesheet
WARNING: 7 repetitive deprecation warnings omitted.
Run in verbose mode to see all warnings.
                    ...done in 0.04931 seconds.
                    
[2026-04-28 12:05:10] ERROR '/projects/chi20206/assets/img/chi/opening.png' not found.
[2026-04-28 12:05:10] ERROR '/projects/chi20206/assets/img/chi/opening.png' not found.
      Regenerating: 1 file(s) changed at 2026-04-28 12:05:23
                    _posts/2026-04-18-chi.md
       Jekyll Feed: Generating feed for posts
DEPRECATION WARNING [import]: Sass @import rules are deprecated and will be removed in Dart Sass 3.0.0.

More info and automated migrator: https://sass-lang.com/d/import

   ╷
27 │ @import "-sections-dir";
   │         ^^^^^^^^^^^^^^^
   ╵
    /Users/michellestar/Documents/GitHub/hello-michelle-star.github.io/assets/css/main.scss 27:9  root stylesheet
DEPRECATION WARNING [import]: Sass @import rules are deprecated and will be removed in Dart Sass 3.0.0.

More info and automated migrator: https://sass-lang.com/d/import

   ╷
28 │ @import 'about';
   │         ^^^^^^^
   ╵
    /Users/michellestar/Documents/GitHub/hello-michelle-star.github.io/assets/css/main.scss 28:9  root stylesheet
DEPRECATION WARNING [import]: Sass @import rules are deprecated and will be removed in Dart Sass 3.0.0.

More info and automated migrator: https://sass-lang.com/d/import

  ╷
2 │ @import "base",
  │         ^^^^^^
  ╵
    _-sections-dir.scss 2:9                                                                       @import
    /Users/michellestar/Documents/GitHub/hello-michelle-star.github.io/assets/css/main.scss 27:9  root stylesheet
DEPRECATION WARNING [import]: Sass @import rules are deprecated and will be removed in Dart Sass 3.0.0.

More info and automated migrator: https://sass-lang.com/d/import

  ╷
3 │         "code",
  │         ^^^^^^
  ╵
    _-sections-dir.scss 3:9                                                                       @import
    /Users/michellestar/Documents/GitHub/hello-michelle-star.github.io/assets/css/main.scss 27:9  root stylesheet
DEPRECATION WARNING [import]: Sass @import rules are deprecated and will be removed in Dart Sass 3.0.0.

More info and automated migrator: https://sass-lang.com/d/import

  ╷
4 │         "default",
  │         ^^^^^^^^^
  ╵
    _-sections-dir.scss 4:9                                                                       @import
    /Users/michellestar/Documents/GitHub/hello-michelle-star.github.io/assets/css/main.scss 27:9  root stylesheet
WARNING: 7 repetitive deprecation warnings omitted.
Run in verbose mode to see all warnings.
                    ...done in 0.092644 seconds.
                    
[2026-04-28 12:05:23] ERROR '/projects/chi20206/assets/img/chi/opening.png' not found.
[2026-04-28 12:05:23] ERROR '/projects/chi20206/assets/img/chi/opening.png' not found.
[2026-04-28 12:05:23] ERROR '/projects/chi20206/assets/img/chi/opening.png' not found.
      Regenerating: 1 file(s) changed at 2026-04-28 12:05:24
                    _posts/2026-04-18-chi.md
       Jekyll Feed: Generating feed for posts
DEPRECATION WARNING [import]: Sass @import rules are deprecated and will be removed in Dart Sass 3.0.0.

More info and automated migrator: https://sass-lang.com/d/import

   ╷
27 │ @import "-sections-dir";
   │         ^^^^^^^^^^^^^^^
   ╵
    /Users/michellestar/Documents/GitHub/hello-michelle-star.github.io/assets/css/main.scss 27:9  root stylesheet
DEPRECATION WARNING [import]: Sass @import rules are deprecated and will be removed in Dart Sass 3.0.0.

More info and automated migrator: https://sass-lang.com/d/import

   ╷
28 │ @import 'about';
   │         ^^^^^^^
   ╵
    /Users/michellestar/Documents/GitHub/hello-michelle-star.github.io/assets/css/main.scss 28:9  root stylesheet
DEPRECATION WARNING [import]: Sass @import rules are deprecated and will be removed in Dart Sass 3.0.0.

More info and automated migrator: https://sass-lang.com/d/import

  ╷
2 │ @import "base",
  │         ^^^^^^
  ╵
    _-sections-dir.scss 2:9                                                                       @import
    /Users/michellestar/Documents/GitHub/hello-michelle-star.github.io/assets/css/main.scss 27:9  root stylesheet
DEPRECATION WARNING [import]: Sass @import rules are deprecated and will be removed in Dart Sass 3.0.0.

More info and automated migrator: https://sass-lang.com/d/import

  ╷
3 │         "code",
  │         ^^^^^^
  ╵
    _-sections-dir.scss 3:9                                                                       @import
    /Users/michellestar/Documents/GitHub/hello-michelle-star.github.io/assets/css/main.scss 27:9  root stylesheet
DEPRECATION WARNING [import]: Sass @import rules are deprecated and will be removed in Dart Sass 3.0.0.

More info and automated migrator: https://sass-lang.com/d/import

  ╷
4 │         "default",
  │         ^^^^^^^^^
  ╵
    _-sections-dir.scss 4:9                                                                       @import
    /Users/michellestar/Documents/GitHub/hello-michelle-star.github.io/assets/css/main.scss 27:9  root stylesheet
WARNING: 7 repetitive deprecation warnings omitted.
Run in verbose mode to see all warnings.
                    ...done in 0.049905 seconds.
                    
[2026-04-28 12:05:24] ERROR '/projects/chi20206/assets/img/chi/opening.png' not found.
[2026-04-28 12:05:24] ERROR '/projects/chi20206/assets/img/chi/opening.png' not found.
[2026-04-28 12:05:25] ERROR '/projects/chi20206/assets/img/chi/opening.png' not found.
      Regenerating: 1 file(s) changed at 2026-04-28 12:05:45
                    _posts/2026-04-18-chi.md
       Jekyll Feed: Generating feed for posts
DEPRECATION WARNING [import]: Sass @import rules are deprecated and will be removed in Dart Sass 3.0.0.

More info and automated migrator: https://sass-lang.com/d/import

   ╷
27 │ @import "-sections-dir";
   │         ^^^^^^^^^^^^^^^
   ╵
    /Users/michellestar/Documents/GitHub/hello-michelle-star.github.io/assets/css/main.scss 27:9  root stylesheet
DEPRECATION WARNING [import]: Sass @import rules are deprecated and will be removed in Dart Sass 3.0.0.

More info and automated migrator: https://sass-lang.com/d/import

   ╷
28 │ @import 'about';
   │         ^^^^^^^
   ╵
    /Users/michellestar/Documents/GitHub/hello-michelle-star.github.io/assets/css/main.scss 28:9  root stylesheet
DEPRECATION WARNING [import]: Sass @import rules are deprecated and will be removed in Dart Sass 3.0.0.

More info and automated migrator: https://sass-lang.com/d/import

  ╷
2 │ @import "base",
  │         ^^^^^^
  ╵
    _-sections-dir.scss 2:9                                                                       @import
    /Users/michellestar/Documents/GitHub/hello-michelle-star.github.io/assets/css/main.scss 27:9  root stylesheet
DEPRECATION WARNING [import]: Sass @import rules are deprecated and will be removed in Dart Sass 3.0.0.

More info and automated migrator: https://sass-lang.com/d/import

  ╷
3 │         "code",
  │         ^^^^^^
  ╵
    _-sections-dir.scss 3:9                                                                       @import
    /Users/michellestar/Documents/GitHub/hello-michelle-star.github.io/assets/css/main.scss 27:9  root stylesheet
DEPRECATION WARNING [import]: Sass @import rules are deprecated and will be removed in Dart Sass 3.0.0.

More info and automated migrator: https://sass-lang.com/d/import

  ╷
4 │         "default",
  │         ^^^^^^^^^
  ╵
    _-sections-dir.scss 4:9                                                                       @import
    /Users/michellestar/Documents/GitHub/hello-michelle-star.github.io/assets/css/main.scss 27:9  root stylesheet
WARNING: 7 repetitive deprecation warnings omitted.
Run in verbose mode to see all warnings.
                    ...done in 0.098533 seconds.
                    
[2026-04-28 12:05:45] ERROR '/projects/chi20206/assets/img/chi/opening.png' not found.
[2026-04-28 12:05:45] ERROR '/projects/chi20206/assets/img/chi/opening.png' not found.
[2026-04-28 12:05:45] ERROR '/projects/chi20206/assets/img/chi/srcroom.png' not found.
      Regenerating: 1 file(s) changed at 2026-04-28 12:05:55
                    _posts/2026-04-18-chi.md
       Jekyll Feed: Generating feed for posts
DEPRECATION WARNING [import]: Sass @import rules are deprecated and will be removed in Dart Sass 3.0.0.

More info and automated migrator: https://sass-lang.com/d/import

   ╷
27 │ @import "-sections-dir";
   │         ^^^^^^^^^^^^^^^
   ╵
    /Users/michellestar/Documents/GitHub/hello-michelle-star.github.io/assets/css/main.scss 27:9  root stylesheet
DEPRECATION WARNING [import]: Sass @import rules are deprecated and will be removed in Dart Sass 3.0.0.

More info and automated migrator: https://sass-lang.com/d/import

   ╷
28 │ @import 'about';
   │         ^^^^^^^
   ╵
    /Users/michellestar/Documents/GitHub/hello-michelle-star.github.io/assets/css/main.scss 28:9  root stylesheet
DEPRECATION WARNING [import]: Sass @import rules are deprecated and will be removed in Dart Sass 3.0.0.

More info and automated migrator: https://sass-lang.com/d/import

  ╷
2 │ @import "base",
  │         ^^^^^^
  ╵
    _-sections-dir.scss 2:9                                                                       @import
    /Users/michellestar/Documents/GitHub/hello-michelle-star.github.io/assets/css/main.scss 27:9  root stylesheet
DEPRECATION WARNING [import]: Sass @import rules are deprecated and will be removed in Dart Sass 3.0.0.

More info and automated migrator: https://sass-lang.com/d/import

  ╷
3 │         "code",
  │         ^^^^^^
  ╵
    _-sections-dir.scss 3:9                                                                       @import
    /Users/michellestar/Documents/GitHub/hello-michelle-star.github.io/assets/css/main.scss 27:9  root stylesheet
DEPRECATION WARNING [import]: Sass @import rules are deprecated and will be removed in Dart Sass 3.0.0.

More info and automated migrator: https://sass-lang.com/d/import

  ╷
4 │         "default",
  │         ^^^^^^^^^
  ╵
    _-sections-dir.scss 4:9                                                                       @import
    /Users/michellestar/Documents/GitHub/hello-michelle-star.github.io/assets/css/main.scss 27:9  root stylesheet
WARNING: 7 repetitive deprecation warnings omitted.
Run in verbose mode to see all warnings.
                    ...done in 0.06604 seconds.
                    
[2026-04-28 12:05:55] ERROR '/projects/chi20206/assets/img/chi/opening.png' not found.
[2026-04-28 12:05:55] ERROR '/projects/chi20206/assets/img/chi/srcroom.png' not found.
[2026-04-28 12:05:55] ERROR Errno::ECONNRESET: Connection reset by peer @ io_fillbuf - fd:8 
	/Users/michellestar/Documents/GitHub/hello-michelle-star.github.io/vendor/bundle/ruby/3.4.0/gems/webrick-1.9.1/lib/webrick/httpserver.rb:82:in 'IO#eof?'
	/Users/michellestar/Documents/GitHub/hello-michelle-star.github.io/vendor/bundle/ruby/3.4.0/gems/webrick-1.9.1/lib/webrick/httpserver.rb:82:in 'WEBrick::HTTPServer#run'
	/Users/michellestar/Documents/GitHub/hello-michelle-star.github.io/vendor/bundle/ruby/3.4.0/gems/webrick-1.9.1/lib/webrick/server.rb:310:in 'block in WEBrick::GenericServer#start_thread'
[2026-04-28 12:05:55] ERROR '/projects/chi20206/assets/img/chi/opening.png' not found.
[2026-04-28 12:05:55] ERROR '/projects/chi20206/assets/img/chi/srcroom.png' not found.
      Regenerating: 1 file(s) changed at 2026-04-28 12:06:17
                    _posts/2026-04-18-chi.md
       Jekyll Feed: Generating feed for posts
DEPRECATION WARNING [import]: Sass @import rules are deprecated and will be removed in Dart Sass 3.0.0.

More info and automated migrator: https://sass-lang.com/d/import

   ╷
27 │ @import "-sections-dir";
   │         ^^^^^^^^^^^^^^^
   ╵
    /Users/michellestar/Documents/GitHub/hello-michelle-star.github.io/assets/css/main.scss 27:9  root stylesheet
DEPRECATION WARNING [import]: Sass @import rules are deprecated and will be removed in Dart Sass 3.0.0.

More info and automated migrator: https://sass-lang.com/d/import

   ╷
28 │ @import 'about';
   │         ^^^^^^^
   ╵
    /Users/michellestar/Documents/GitHub/hello-michelle-star.github.io/assets/css/main.scss 28:9  root stylesheet
DEPRECATION WARNING [import]: Sass @import rules are deprecated and will be removed in Dart Sass 3.0.0.

More info and automated migrator: https://sass-lang.com/d/import

  ╷
2 │ @import "base",
  │         ^^^^^^
  ╵
    _-sections-dir.scss 2:9                                                                       @import
    /Users/michellestar/Documents/GitHub/hello-michelle-star.github.io/assets/css/main.scss 27:9  root stylesheet
DEPRECATION WARNING [import]: Sass @import rules are deprecated and will be removed in Dart Sass 3.0.0.

More info and automated migrator: https://sass-lang.com/d/import

  ╷
3 │         "code",
  │         ^^^^^^
  ╵
    _-sections-dir.scss 3:9                                                                       @import
    /Users/michellestar/Documents/GitHub/hello-michelle-star.github.io/assets/css/main.scss 27:9  root stylesheet
DEPRECATION WARNING [import]: Sass @import rules are deprecated and will be removed in Dart Sass 3.0.0.

More info and automated migrator: https://sass-lang.com/d/import

  ╷
4 │         "default",
  │         ^^^^^^^^^
  ╵
    _-sections-dir.scss 4:9                                                                       @import
    /Users/michellestar/Documents/GitHub/hello-michelle-star.github.io/assets/css/main.scss 27:9  root stylesheet
WARNING: 7 repetitive deprecation warnings omitted.
Run in verbose mode to see all warnings.
                    ...done in 0.083436 seconds.
                    
[2026-04-28 12:06:18] ERROR '/projects/chi20206/assets/img/chi/opening.png' not found.
[2026-04-28 12:06:18] ERROR '/projects/chi20206/assets/img/chi/opening.png' not found.
[2026-04-28 12:06:18] ERROR '/projects/chi20206/assets/img/chi/srcroom.png' not found.
      Regenerating: 1 file(s) changed at 2026-04-28 12:06:19
                    _posts/2026-04-18-chi.md
       Jekyll Feed: Generating feed for posts
DEPRECATION WARNING [import]: Sass @import rules are deprecated and will be removed in Dart Sass 3.0.0.

More info and automated migrator: https://sass-lang.com/d/import

   ╷
27 │ @import "-sections-dir";
   │         ^^^^^^^^^^^^^^^
   ╵
    /Users/michellestar/Documents/GitHub/hello-michelle-star.github.io/assets/css/main.scss 27:9  root stylesheet
DEPRECATION WARNING [import]: Sass @import rules are deprecated and will be removed in Dart Sass 3.0.0.

More info and automated migrator: https://sass-lang.com/d/import

   ╷
28 │ @import 'about';
   │         ^^^^^^^
   ╵
    /Users/michellestar/Documents/GitHub/hello-michelle-star.github.io/assets/css/main.scss 28:9  root stylesheet
DEPRECATION WARNING [import]: Sass @import rules are deprecated and will be removed in Dart Sass 3.0.0.

More info and automated migrator: https://sass-lang.com/d/import

  ╷
2 │ @import "base",
  │         ^^^^^^
  ╵
    _-sections-dir.scss 2:9                                                                       @import
    /Users/michellestar/Documents/GitHub/hello-michelle-star.github.io/assets/css/main.scss 27:9  root stylesheet
DEPRECATION WARNING [import]: Sass @import rules are deprecated and will be removed in Dart Sass 3.0.0.

More info and automated migrator: https://sass-lang.com/d/import

  ╷
3 │         "code",
  │         ^^^^^^
  ╵
    _-sections-dir.scss 3:9                                                                       @import
    /Users/michellestar/Documents/GitHub/hello-michelle-star.github.io/assets/css/main.scss 27:9  root stylesheet
DEPRECATION WARNING [import]: Sass @import rules are deprecated and will be removed in Dart Sass 3.0.0.

More info and automated migrator: https://sass-lang.com/d/import

  ╷
4 │         "default",
  │         ^^^^^^^^^
  ╵
    _-sections-dir.scss 4:9                                                                       @import
    /Users/michellestar/Documents/GitHub/hello-michelle-star.github.io/assets/css/main.scss 27:9  root stylesheet
WARNING: 7 repetitive deprecation warnings omitted.
Run in verbose mode to see all warnings.
                    ...done in 0.036756 seconds.
                    
[2026-04-28 12:06:19] ERROR '/projects/chi20206/assets/img/chi/opening.png' not found.
[2026-04-28 12:06:19] ERROR '/projects/chi20206/assets/img/chi/srcroom.png' not found.
[2026-04-28 12:06:19] ERROR '/projects/chi20206/assets/img/chi/opening.png' not found.
[2026-04-28 12:06:19] ERROR '/projects/chi20206/assets/img/chi/srcroom.png' not found.
      Regenerating: 1 file(s) changed at 2026-04-28 12:06:30
                    _posts/2026-04-18-chi.md
       Jekyll Feed: Generating feed for posts
DEPRECATION WARNING [import]: Sass @import rules are deprecated and will be removed in Dart Sass 3.0.0.

More info and automated migrator: https://sass-lang.com/d/import

   ╷
27 │ @import "-sections-dir";
   │         ^^^^^^^^^^^^^^^
   ╵
    /Users/michellestar/Documents/GitHub/hello-michelle-star.github.io/assets/css/main.scss 27:9  root stylesheet
DEPRECATION WARNING [import]: Sass @import rules are deprecated and will be removed in Dart Sass 3.0.0.

More info and automated migrator: https://sass-lang.com/d/import

   ╷
28 │ @import 'about';
   │         ^^^^^^^
   ╵
    /Users/michellestar/Documents/GitHub/hello-michelle-star.github.io/assets/css/main.scss 28:9  root stylesheet
DEPRECATION WARNING [import]: Sass @import rules are deprecated and will be removed in Dart Sass 3.0.0.

More info and automated migrator: https://sass-lang.com/d/import

  ╷
2 │ @import "base",
  │         ^^^^^^
  ╵
    _-sections-dir.scss 2:9                                                                       @import
    /Users/michellestar/Documents/GitHub/hello-michelle-star.github.io/assets/css/main.scss 27:9  root stylesheet
DEPRECATION WARNING [import]: Sass @import rules are deprecated and will be removed in Dart Sass 3.0.0.

More info and automated migrator: https://sass-lang.com/d/import

  ╷
3 │         "code",
  │         ^^^^^^
  ╵
    _-sections-dir.scss 3:9                                                                       @import
    /Users/michellestar/Documents/GitHub/hello-michelle-star.github.io/assets/css/main.scss 27:9  root stylesheet
DEPRECATION WARNING [import]: Sass @import rules are deprecated and will be removed in Dart Sass 3.0.0.

More info and automated migrator: https://sass-lang.com/d/import

  ╷
4 │         "default",
  │         ^^^^^^^^^
  ╵
    _-sections-dir.scss 4:9                                                                       @import
    /Users/michellestar/Documents/GitHub/hello-michelle-star.github.io/assets/css/main.scss 27:9  root stylesheet
WARNING: 7 repetitive deprecation warnings omitted.
Run in verbose mode to see all warnings.
                    ...done in 0.092557 seconds.
                    
[2026-04-28 12:06:31] ERROR '/projects/chi20206/assets/img/chi/opening.png' not found.
[2026-04-28 12:06:31] ERROR '/projects/chi20206/assets/img/chi/srcroom.png' not found.
[2026-04-28 12:06:31] ERROR '/projects/chi20206/assets/img/chi/opening.png' not found.
[2026-04-28 12:06:31] ERROR '/projects/chi20206/assets/img/chi/srcroom.png' not found.
      Regenerating: 1 file(s) changed at 2026-04-28 12:06:32
                    _posts/2026-04-18-chi.md
       Jekyll Feed: Generating feed for posts
DEPRECATION WARNING [import]: Sass @import rules are deprecated and will be removed in Dart Sass 3.0.0.

More info and automated migrator: https://sass-lang.com/d/import

   ╷
27 │ @import "-sections-dir";
   │         ^^^^^^^^^^^^^^^
   ╵
    /Users/michellestar/Documents/GitHub/hello-michelle-star.github.io/assets/css/main.scss 27:9  root stylesheet
DEPRECATION WARNING [import]: Sass @import rules are deprecated and will be removed in Dart Sass 3.0.0.

More info and automated migrator: https://sass-lang.com/d/import

   ╷
28 │ @import 'about';
   │         ^^^^^^^
   ╵
    /Users/michellestar/Documents/GitHub/hello-michelle-star.github.io/assets/css/main.scss 28:9  root stylesheet
DEPRECATION WARNING [import]: Sass @import rules are deprecated and will be removed in Dart Sass 3.0.0.

More info and automated migrator: https://sass-lang.com/d/import

  ╷
2 │ @import "base",
  │         ^^^^^^
  ╵
    _-sections-dir.scss 2:9                                                                       @import
    /Users/michellestar/Documents/GitHub/hello-michelle-star.github.io/assets/css/main.scss 27:9  root stylesheet
DEPRECATION WARNING [import]: Sass @import rules are deprecated and will be removed in Dart Sass 3.0.0.

More info and automated migrator: https://sass-lang.com/d/import

  ╷
3 │         "code",
  │         ^^^^^^
  ╵
    _-sections-dir.scss 3:9                                                                       @import
    /Users/michellestar/Documents/GitHub/hello-michelle-star.github.io/assets/css/main.scss 27:9  root stylesheet
DEPRECATION WARNING [import]: Sass @import rules are deprecated and will be removed in Dart Sass 3.0.0.

More info and automated migrator: https://sass-lang.com/d/import

  ╷
4 │         "default",
  │         ^^^^^^^^^
  ╵
    _-sections-dir.scss 4:9                                                                       @import
    /Users/michellestar/Documents/GitHub/hello-michelle-star.github.io/assets/css/main.scss 27:9  root stylesheet
WARNING: 7 repetitive deprecation warnings omitted.
Run in verbose mode to see all warnings.
                    ...done in 0.072004 seconds.
                    
[2026-04-28 12:06:32] ERROR '/projects/chi20206/assets/img/chi/opening.png' not found.
[2026-04-28 12:06:32] ERROR '/projects/chi20206/assets/img/chi/opening.png' not found.
[2026-04-28 12:06:32] ERROR '/projects/chi20206/assets/img/chi/srcroom.png' not found.
      Regenerating: 1 file(s) changed at 2026-04-28 12:06:34
                    _posts/2026-04-18-chi.md
       Jekyll Feed: Generating feed for posts
DEPRECATION WARNING [import]: Sass @import rules are deprecated and will be removed in Dart Sass 3.0.0.

More info and automated migrator: https://sass-lang.com/d/import

   ╷
27 │ @import "-sections-dir";
   │         ^^^^^^^^^^^^^^^
   ╵
    /Users/michellestar/Documents/GitHub/hello-michelle-star.github.io/assets/css/main.scss 27:9  root stylesheet
DEPRECATION WARNING [import]: Sass @import rules are deprecated and will be removed in Dart Sass 3.0.0.

More info and automated migrator: https://sass-lang.com/d/import

   ╷
28 │ @import 'about';
   │         ^^^^^^^
   ╵
    /Users/michellestar/Documents/GitHub/hello-michelle-star.github.io/assets/css/main.scss 28:9  root stylesheet
DEPRECATION WARNING [import]: Sass @import rules are deprecated and will be removed in Dart Sass 3.0.0.

More info and automated migrator: https://sass-lang.com/d/import

  ╷
2 │ @import "base",
  │         ^^^^^^
  ╵
    _-sections-dir.scss 2:9                                                                       @import
    /Users/michellestar/Documents/GitHub/hello-michelle-star.github.io/assets/css/main.scss 27:9  root stylesheet
DEPRECATION WARNING [import]: Sass @import rules are deprecated and will be removed in Dart Sass 3.0.0.

More info and automated migrator: https://sass-lang.com/d/import

  ╷
3 │         "code",
  │         ^^^^^^
  ╵
    _-sections-dir.scss 3:9                                                                       @import
    /Users/michellestar/Documents/GitHub/hello-michelle-star.github.io/assets/css/main.scss 27:9  root stylesheet
DEPRECATION WARNING [import]: Sass @import rules are deprecated and will be removed in Dart Sass 3.0.0.

More info and automated migrator: https://sass-lang.com/d/import

  ╷
4 │         "default",
  │         ^^^^^^^^^
  ╵
    _-sections-dir.scss 4:9                                                                       @import
    /Users/michellestar/Documents/GitHub/hello-michelle-star.github.io/assets/css/main.scss 27:9  root stylesheet
WARNING: 7 repetitive deprecation warnings omitted.
Run in verbose mode to see all warnings.
                    ...done in 0.058779 seconds.
                    
[2026-04-28 12:06:34] ERROR '/projects/chi20206/assets/img/chi/opening.png' not found.
[2026-04-28 12:06:34] ERROR '/projects/chi20206/assets/img/chi/opening.png' not found.
[2026-04-28 12:06:34] ERROR '/projects/chi20206/assets/img/chi/srcroom.png' not found.
      Regenerating: 1 file(s) changed at 2026-04-28 12:06:35
                    _posts/2026-04-18-chi.md
       Jekyll Feed: Generating feed for posts
DEPRECATION WARNING [import]: Sass @import rules are deprecated and will be removed in Dart Sass 3.0.0.

More info and automated migrator: https://sass-lang.com/d/import

   ╷
27 │ @import "-sections-dir";
   │         ^^^^^^^^^^^^^^^
   ╵
    /Users/michellestar/Documents/GitHub/hello-michelle-star.github.io/assets/css/main.scss 27:9  root stylesheet
DEPRECATION WARNING [import]: Sass @import rules are deprecated and will be removed in Dart Sass 3.0.0.

More info and automated migrator: https://sass-lang.com/d/import

   ╷
28 │ @import 'about';
   │         ^^^^^^^
   ╵
    /Users/michellestar/Documents/GitHub/hello-michelle-star.github.io/assets/css/main.scss 28:9  root stylesheet
DEPRECATION WARNING [import]: Sass @import rules are deprecated and will be removed in Dart Sass 3.0.0.

More info and automated migrator: https://sass-lang.com/d/import

  ╷
2 │ @import "base",
  │         ^^^^^^
  ╵
    _-sections-dir.scss 2:9                                                                       @import
    /Users/michellestar/Documents/GitHub/hello-michelle-star.github.io/assets/css/main.scss 27:9  root stylesheet
DEPRECATION WARNING [import]: Sass @import rules are deprecated and will be removed in Dart Sass 3.0.0.

More info and automated migrator: https://sass-lang.com/d/import

  ╷
3 │         "code",
  │         ^^^^^^
  ╵
    _-sections-dir.scss 3:9                                                                       @import
    /Users/michellestar/Documents/GitHub/hello-michelle-star.github.io/assets/css/main.scss 27:9  root stylesheet
DEPRECATION WARNING [import]: Sass @import rules are deprecated and will be removed in Dart Sass 3.0.0.

More info and automated migrator: https://sass-lang.com/d/import

  ╷
4 │         "default",
  │         ^^^^^^^^^
  ╵
    _-sections-dir.scss 4:9                                                                       @import
    /Users/michellestar/Documents/GitHub/hello-michelle-star.github.io/assets/css/main.scss 27:9  root stylesheet
WARNING: 7 repetitive deprecation warnings omitted.
Run in verbose mode to see all warnings.
                    ...done in 0.06376 seconds.
                    
[2026-04-28 12:06:35] ERROR '/projects/chi20206/assets/img/chi/opening.png' not found.
[2026-04-28 12:06:35] ERROR '/projects/chi20206/assets/img/chi/opening.png' not found.
[2026-04-28 12:06:35] ERROR '/projects/chi20206/assets/img/chi/srcroom.png' not found.
      Regenerating: 1 file(s) changed at 2026-04-28 12:06:36
                    _posts/2026-04-18-chi.md
       Jekyll Feed: Generating feed for posts
DEPRECATION WARNING [import]: Sass @import rules are deprecated and will be removed in Dart Sass 3.0.0.

More info and automated migrator: https://sass-lang.com/d/import

   ╷
27 │ @import "-sections-dir";
   │         ^^^^^^^^^^^^^^^
   ╵
    /Users/michellestar/Documents/GitHub/hello-michelle-star.github.io/assets/css/main.scss 27:9  root stylesheet
DEPRECATION WARNING [import]: Sass @import rules are deprecated and will be removed in Dart Sass 3.0.0.

More info and automated migrator: https://sass-lang.com/d/import

   ╷
28 │ @import 'about';
   │         ^^^^^^^
   ╵
    /Users/michellestar/Documents/GitHub/hello-michelle-star.github.io/assets/css/main.scss 28:9  root stylesheet
DEPRECATION WARNING [import]: Sass @import rules are deprecated and will be removed in Dart Sass 3.0.0.

More info and automated migrator: https://sass-lang.com/d/import

  ╷
2 │ @import "base",
  │         ^^^^^^
  ╵
    _-sections-dir.scss 2:9                                                                       @import
    /Users/michellestar/Documents/GitHub/hello-michelle-star.github.io/assets/css/main.scss 27:9  root stylesheet
DEPRECATION WARNING [import]: Sass @import rules are deprecated and will be removed in Dart Sass 3.0.0.

More info and automated migrator: https://sass-lang.com/d/import

  ╷
3 │         "code",
  │         ^^^^^^
  ╵
    _-sections-dir.scss 3:9                                                                       @import
    /Users/michellestar/Documents/GitHub/hello-michelle-star.github.io/assets/css/main.scss 27:9  root stylesheet
DEPRECATION WARNING [import]: Sass @import rules are deprecated and will be removed in Dart Sass 3.0.0.

More info and automated migrator: https://sass-lang.com/d/import

  ╷
4 │         "default",
  │         ^^^^^^^^^
  ╵
    _-sections-dir.scss 4:9                                                                       @import
    /Users/michellestar/Documents/GitHub/hello-michelle-star.github.io/assets/css/main.scss 27:9  root stylesheet
WARNING: 7 repetitive deprecation warnings omitted.
Run in verbose mode to see all warnings.
                    ...done in 0.074974 seconds.
                    
[2026-04-28 12:06:36] ERROR '/projects/chi20206/assets/img/chi/opening.png' not found.
[2026-04-28 12:06:36] ERROR '/projects/chi20206/assets/img/chi/opening.png' not found.
[2026-04-28 12:06:36] ERROR '/projects/chi20206/assets/img/chi/srcroom.png' not found.
      Regenerating: 1 file(s) changed at 2026-04-28 12:06:40
                    _posts/2026-04-18-chi.md
       Jekyll Feed: Generating feed for posts
DEPRECATION WARNING [import]: Sass @import rules are deprecated and will be removed in Dart Sass 3.0.0.

More info and automated migrator: https://sass-lang.com/d/import

   ╷
27 │ @import "-sections-dir";
   │         ^^^^^^^^^^^^^^^
   ╵
    /Users/michellestar/Documents/GitHub/hello-michelle-star.github.io/assets/css/main.scss 27:9  root stylesheet
DEPRECATION WARNING [import]: Sass @import rules are deprecated and will be removed in Dart Sass 3.0.0.

More info and automated migrator: https://sass-lang.com/d/import

   ╷
28 │ @import 'about';
   │         ^^^^^^^
   ╵
    /Users/michellestar/Documents/GitHub/hello-michelle-star.github.io/assets/css/main.scss 28:9  root stylesheet
DEPRECATION WARNING [import]: Sass @import rules are deprecated and will be removed in Dart Sass 3.0.0.

More info and automated migrator: https://sass-lang.com/d/import

  ╷
2 │ @import "base",
  │         ^^^^^^
  ╵
    _-sections-dir.scss 2:9                                                                       @import
    /Users/michellestar/Documents/GitHub/hello-michelle-star.github.io/assets/css/main.scss 27:9  root stylesheet
DEPRECATION WARNING [import]: Sass @import rules are deprecated and will be removed in Dart Sass 3.0.0.

More info and automated migrator: https://sass-lang.com/d/import

  ╷
3 │         "code",
  │         ^^^^^^
  ╵
    _-sections-dir.scss 3:9                                                                       @import
    /Users/michellestar/Documents/GitHub/hello-michelle-star.github.io/assets/css/main.scss 27:9  root stylesheet
DEPRECATION WARNING [import]: Sass @import rules are deprecated and will be removed in Dart Sass 3.0.0.

More info and automated migrator: https://sass-lang.com/d/import

  ╷
4 │         "default",
  │         ^^^^^^^^^
  ╵
    _-sections-dir.scss 4:9                                                                       @import
    /Users/michellestar/Documents/GitHub/hello-michelle-star.github.io/assets/css/main.scss 27:9  root stylesheet
WARNING: 7 repetitive deprecation warnings omitted.
Run in verbose mode to see all warnings.
                    ...done in 0.066796 seconds.
                    
[2026-04-28 12:06:40] ERROR '/projects/chi20206/assets/img/chi/opening.png' not found.
[2026-04-28 12:06:40] ERROR '/projects/chi20206/assets/img/chi/opening.png' not found.
[2026-04-28 12:06:40] ERROR '/projects/chi20206/assets/img/chi/srcroom.png' not found.
      Regenerating: 1 file(s) changed at 2026-04-28 12:06:52
                    _posts/2026-04-18-chi.md
       Jekyll Feed: Generating feed for posts
DEPRECATION WARNING [import]: Sass @import rules are deprecated and will be removed in Dart Sass 3.0.0.

More info and automated migrator: https://sass-lang.com/d/import

   ╷
27 │ @import "-sections-dir";
   │         ^^^^^^^^^^^^^^^
   ╵
    /Users/michellestar/Documents/GitHub/hello-michelle-star.github.io/assets/css/main.scss 27:9  root stylesheet
DEPRECATION WARNING [import]: Sass @import rules are deprecated and will be removed in Dart Sass 3.0.0.

More info and automated migrator: https://sass-lang.com/d/import

   ╷
28 │ @import 'about';
   │         ^^^^^^^
   ╵
    /Users/michellestar/Documents/GitHub/hello-michelle-star.github.io/assets/css/main.scss 28:9  root stylesheet
DEPRECATION WARNING [import]: Sass @import rules are deprecated and will be removed in Dart Sass 3.0.0.

More info and automated migrator: https://sass-lang.com/d/import

  ╷
2 │ @import "base",
  │         ^^^^^^
  ╵
    _-sections-dir.scss 2:9                                                                       @import
    /Users/michellestar/Documents/GitHub/hello-michelle-star.github.io/assets/css/main.scss 27:9  root stylesheet
DEPRECATION WARNING [import]: Sass @import rules are deprecated and will be removed in Dart Sass 3.0.0.

More info and automated migrator: https://sass-lang.com/d/import

  ╷
3 │         "code",
  │         ^^^^^^
  ╵
    _-sections-dir.scss 3:9                                                                       @import
    /Users/michellestar/Documents/GitHub/hello-michelle-star.github.io/assets/css/main.scss 27:9  root stylesheet
DEPRECATION WARNING [import]: Sass @import rules are deprecated and will be removed in Dart Sass 3.0.0.

More info and automated migrator: https://sass-lang.com/d/import

  ╷
4 │         "default",
  │         ^^^^^^^^^
  ╵
    _-sections-dir.scss 4:9                                                                       @import
    /Users/michellestar/Documents/GitHub/hello-michelle-star.github.io/assets/css/main.scss 27:9  root stylesheet
WARNING: 7 repetitive deprecation warnings omitted.
Run in verbose mode to see all warnings.
                    ...done in 0.09107 seconds.
                    
[2026-04-28 12:06:52] ERROR '/projects/chi20206/assets/img/chi/opening.png' not found.
[2026-04-28 12:06:52] ERROR '/projects/chi20206/assets/img/chi/srcroom.png' not found.
[2026-04-28 12:06:52] ERROR '/projects/chi20206/assets/img/chi/opening.png' not found.
[2026-04-28 12:06:52] ERROR '/projects/chi20206/assets/img/chi/srcroom.png' not found.
[2026-04-28 12:06:52] ERROR '/projects/chi20206/assets/img/chi/srcroom.png' not found.
      Regenerating: 1 file(s) changed at 2026-04-28 12:06:58
                    _posts/2026-04-18-chi.md
       Jekyll Feed: Generating feed for posts
DEPRECATION WARNING [import]: Sass @import rules are deprecated and will be removed in Dart Sass 3.0.0.

More info and automated migrator: https://sass-lang.com/d/import

   ╷
27 │ @import "-sections-dir";
   │         ^^^^^^^^^^^^^^^
   ╵
    /Users/michellestar/Documents/GitHub/hello-michelle-star.github.io/assets/css/main.scss 27:9  root stylesheet
DEPRECATION WARNING [import]: Sass @import rules are deprecated and will be removed in Dart Sass 3.0.0.

More info and automated migrator: https://sass-lang.com/d/import

   ╷
28 │ @import 'about';
   │         ^^^^^^^
   ╵
    /Users/michellestar/Documents/GitHub/hello-michelle-star.github.io/assets/css/main.scss 28:9  root stylesheet
DEPRECATION WARNING [import]: Sass @import rules are deprecated and will be removed in Dart Sass 3.0.0.

More info and automated migrator: https://sass-lang.com/d/import

  ╷
2 │ @import "base",
  │         ^^^^^^
  ╵
    _-sections-dir.scss 2:9                                                                       @import
    /Users/michellestar/Documents/GitHub/hello-michelle-star.github.io/assets/css/main.scss 27:9  root stylesheet
DEPRECATION WARNING [import]: Sass @import rules are deprecated and will be removed in Dart Sass 3.0.0.

More info and automated migrator: https://sass-lang.com/d/import

  ╷
3 │         "code",
  │         ^^^^^^
  ╵
    _-sections-dir.scss 3:9                                                                       @import
    /Users/michellestar/Documents/GitHub/hello-michelle-star.github.io/assets/css/main.scss 27:9  root stylesheet
DEPRECATION WARNING [import]: Sass @import rules are deprecated and will be removed in Dart Sass 3.0.0.

More info and automated migrator: https://sass-lang.com/d/import

  ╷
4 │         "default",
  │         ^^^^^^^^^
  ╵
    _-sections-dir.scss 4:9                                                                       @import
    /Users/michellestar/Documents/GitHub/hello-michelle-star.github.io/assets/css/main.scss 27:9  root stylesheet
WARNING: 7 repetitive deprecation warnings omitted.
Run in verbose mode to see all warnings.
                    ...done in 0.062995 seconds.
                    
[2026-04-28 12:06:58] ERROR '/projects/chi20206/assets/img/chi/opening.png' not found.
[2026-04-28 12:06:58] ERROR '/projects/chi20206/assets/img/chi/srcroom.png' not found.
[2026-04-28 12:06:58] ERROR '/projects/chi20206/assets/img/chi/opening.png' not found.
[2026-04-28 12:06:58] ERROR '/projects/chi20206/assets/img/chi/srcroom.png' not found.
[2026-04-28 12:06:59] ERROR '/projects/chi20206/assets/img/chi/pitt.png' not found.
      Regenerating: 1 file(s) changed at 2026-04-28 12:07:04
                    _posts/2026-04-18-chi.md
       Jekyll Feed: Generating feed for posts
DEPRECATION WARNING [import]: Sass @import rules are deprecated and will be removed in Dart Sass 3.0.0.

More info and automated migrator: https://sass-lang.com/d/import

   ╷
27 │ @import "-sections-dir";
   │         ^^^^^^^^^^^^^^^
   ╵
    /Users/michellestar/Documents/GitHub/hello-michelle-star.github.io/assets/css/main.scss 27:9  root stylesheet
DEPRECATION WARNING [import]: Sass @import rules are deprecated and will be removed in Dart Sass 3.0.0.

More info and automated migrator: https://sass-lang.com/d/import

   ╷
28 │ @import 'about';
   │         ^^^^^^^
   ╵
    /Users/michellestar/Documents/GitHub/hello-michelle-star.github.io/assets/css/main.scss 28:9  root stylesheet
DEPRECATION WARNING [import]: Sass @import rules are deprecated and will be removed in Dart Sass 3.0.0.

More info and automated migrator: https://sass-lang.com/d/import

  ╷
2 │ @import "base",
  │         ^^^^^^
  ╵
    _-sections-dir.scss 2:9                                                                       @import
    /Users/michellestar/Documents/GitHub/hello-michelle-star.github.io/assets/css/main.scss 27:9  root stylesheet
DEPRECATION WARNING [import]: Sass @import rules are deprecated and will be removed in Dart Sass 3.0.0.

More info and automated migrator: https://sass-lang.com/d/import

  ╷
3 │         "code",
  │         ^^^^^^
  ╵
    _-sections-dir.scss 3:9                                                                       @import
    /Users/michellestar/Documents/GitHub/hello-michelle-star.github.io/assets/css/main.scss 27:9  root stylesheet
DEPRECATION WARNING [import]: Sass @import rules are deprecated and will be removed in Dart Sass 3.0.0.

More info and automated migrator: https://sass-lang.com/d/import

  ╷
4 │         "default",
  │         ^^^^^^^^^
  ╵
    _-sections-dir.scss 4:9                                                                       @import
    /Users/michellestar/Documents/GitHub/hello-michelle-star.github.io/assets/css/main.scss 27:9  root stylesheet
WARNING: 7 repetitive deprecation warnings omitted.
Run in verbose mode to see all warnings.
                    ...done in 0.056965 seconds.
                    
[2026-04-28 12:07:04] ERROR '/projects/chi20206/assets/img/chi/opening.png' not found.
[2026-04-28 12:07:04] ERROR '/projects/chi20206/assets/img/chi/opening.png' not found.
[2026-04-28 12:07:04] ERROR '/projects/chi20206/assets/img/chi/srcroom.png' not found.
[2026-04-28 12:07:05] ERROR '/projects/chi20206/assets/img/chi/pitt.png' not found.
      Regenerating: 1 file(s) changed at 2026-04-28 12:07:07
                    _posts/2026-04-18-chi.md
       Jekyll Feed: Generating feed for posts
DEPRECATION WARNING [import]: Sass @import rules are deprecated and will be removed in Dart Sass 3.0.0.

More info and automated migrator: https://sass-lang.com/d/import

   ╷
27 │ @import "-sections-dir";
   │         ^^^^^^^^^^^^^^^
   ╵
    /Users/michellestar/Documents/GitHub/hello-michelle-star.github.io/assets/css/main.scss 27:9  root stylesheet
DEPRECATION WARNING [import]: Sass @import rules are deprecated and will be removed in Dart Sass 3.0.0.

More info and automated migrator: https://sass-lang.com/d/import

   ╷
28 │ @import 'about';
   │         ^^^^^^^
   ╵
    /Users/michellestar/Documents/GitHub/hello-michelle-star.github.io/assets/css/main.scss 28:9  root stylesheet
DEPRECATION WARNING [import]: Sass @import rules are deprecated and will be removed in Dart Sass 3.0.0.

More info and automated migrator: https://sass-lang.com/d/import

  ╷
2 │ @import "base",
  │         ^^^^^^
  ╵
    _-sections-dir.scss 2:9                                                                       @import
    /Users/michellestar/Documents/GitHub/hello-michelle-star.github.io/assets/css/main.scss 27:9  root stylesheet
DEPRECATION WARNING [import]: Sass @import rules are deprecated and will be removed in Dart Sass 3.0.0.

More info and automated migrator: https://sass-lang.com/d/import

  ╷
3 │         "code",
  │         ^^^^^^
  ╵
    _-sections-dir.scss 3:9                                                                       @import
    /Users/michellestar/Documents/GitHub/hello-michelle-star.github.io/assets/css/main.scss 27:9  root stylesheet
DEPRECATION WARNING [import]: Sass @import rules are deprecated and will be removed in Dart Sass 3.0.0.

More info and automated migrator: https://sass-lang.com/d/import

  ╷
4 │         "default",
  │         ^^^^^^^^^
  ╵
    _-sections-dir.scss 4:9                                                                       @import
    /Users/michellestar/Documents/GitHub/hello-michelle-star.github.io/assets/css/main.scss 27:9  root stylesheet
WARNING: 7 repetitive deprecation warnings omitted.
Run in verbose mode to see all warnings.
                    ...done in 0.067897 seconds.
                    
[2026-04-28 12:07:07] ERROR '/projects/chi20206/assets/img/chi/opening.png' not found.
[2026-04-28 12:07:07] ERROR '/projects/chi20206/assets/img/chi/opening.png' not found.
[2026-04-28 12:07:07] ERROR '/projects/chi20206/assets/img/chi/srcroom.png' not found.
[2026-04-28 12:07:07] ERROR '/projects/chi20206/assets/img/chi/pitt.png' not found.
      Regenerating: 1 file(s) changed at 2026-04-28 12:07:18
                    _posts/2026-04-18-chi.md
       Jekyll Feed: Generating feed for posts
DEPRECATION WARNING [import]: Sass @import rules are deprecated and will be removed in Dart Sass 3.0.0.

More info and automated migrator: https://sass-lang.com/d/import

   ╷
27 │ @import "-sections-dir";
   │         ^^^^^^^^^^^^^^^
   ╵
    /Users/michellestar/Documents/GitHub/hello-michelle-star.github.io/assets/css/main.scss 27:9  root stylesheet
DEPRECATION WARNING [import]: Sass @import rules are deprecated and will be removed in Dart Sass 3.0.0.

More info and automated migrator: https://sass-lang.com/d/import

   ╷
28 │ @import 'about';
   │         ^^^^^^^
   ╵
    /Users/michellestar/Documents/GitHub/hello-michelle-star.github.io/assets/css/main.scss 28:9  root stylesheet
DEPRECATION WARNING [import]: Sass @import rules are deprecated and will be removed in Dart Sass 3.0.0.

More info and automated migrator: https://sass-lang.com/d/import

  ╷
2 │ @import "base",
  │         ^^^^^^
  ╵
    _-sections-dir.scss 2:9                                                                       @import
    /Users/michellestar/Documents/GitHub/hello-michelle-star.github.io/assets/css/main.scss 27:9  root stylesheet
DEPRECATION WARNING [import]: Sass @import rules are deprecated and will be removed in Dart Sass 3.0.0.

More info and automated migrator: https://sass-lang.com/d/import

  ╷
3 │         "code",
  │         ^^^^^^
  ╵
    _-sections-dir.scss 3:9                                                                       @import
    /Users/michellestar/Documents/GitHub/hello-michelle-star.github.io/assets/css/main.scss 27:9  root stylesheet
DEPRECATION WARNING [import]: Sass @import rules are deprecated and will be removed in Dart Sass 3.0.0.

More info and automated migrator: https://sass-lang.com/d/import

  ╷
4 │         "default",
  │         ^^^^^^^^^
  ╵
    _-sections-dir.scss 4:9                                                                       @import
    /Users/michellestar/Documents/GitHub/hello-michelle-star.github.io/assets/css/main.scss 27:9  root stylesheet
WARNING: 7 repetitive deprecation warnings omitted.
Run in verbose mode to see all warnings.
                    ...done in 0.090188 seconds.
                    
[2026-04-28 12:07:18] ERROR '/projects/chi20206/assets/img/chi/opening.png' not found.
[2026-04-28 12:07:18] ERROR '/projects/chi20206/assets/img/chi/opening.png' not found.
[2026-04-28 12:07:18] ERROR '/projects/chi20206/assets/img/chi/srcroom.png' not found.
[2026-04-28 12:07:18] ERROR '/projects/chi20206/assets/img/chi/pitt.png' not found.
      Regenerating: 1 file(s) changed at 2026-04-28 12:08:28
                    _posts/2026-04-18-chi.md
       Jekyll Feed: Generating feed for posts
DEPRECATION WARNING [import]: Sass @import rules are deprecated and will be removed in Dart Sass 3.0.0.

More info and automated migrator: https://sass-lang.com/d/import

   ╷
27 │ @import "-sections-dir";
   │         ^^^^^^^^^^^^^^^
   ╵
    /Users/michellestar/Documents/GitHub/hello-michelle-star.github.io/assets/css/main.scss 27:9  root stylesheet
DEPRECATION WARNING [import]: Sass @import rules are deprecated and will be removed in Dart Sass 3.0.0.

More info and automated migrator: https://sass-lang.com/d/import

   ╷
28 │ @import 'about';
   │         ^^^^^^^
   ╵
    /Users/michellestar/Documents/GitHub/hello-michelle-star.github.io/assets/css/main.scss 28:9  root stylesheet
DEPRECATION WARNING [import]: Sass @import rules are deprecated and will be removed in Dart Sass 3.0.0.

More info and automated migrator: https://sass-lang.com/d/import

  ╷
2 │ @import "base",
  │         ^^^^^^
  ╵
    _-sections-dir.scss 2:9                                                                       @import
    /Users/michellestar/Documents/GitHub/hello-michelle-star.github.io/assets/css/main.scss 27:9  root stylesheet
DEPRECATION WARNING [import]: Sass @import rules are deprecated and will be removed in Dart Sass 3.0.0.

More info and automated migrator: https://sass-lang.com/d/import

  ╷
3 │         "code",
  │         ^^^^^^
  ╵
    _-sections-dir.scss 3:9                                                                       @import
    /Users/michellestar/Documents/GitHub/hello-michelle-star.github.io/assets/css/main.scss 27:9  root stylesheet
DEPRECATION WARNING [import]: Sass @import rules are deprecated and will be removed in Dart Sass 3.0.0.

More info and automated migrator: https://sass-lang.com/d/import

  ╷
4 │         "default",
  │         ^^^^^^^^^
  ╵
    _-sections-dir.scss 4:9                                                                       @import
    /Users/michellestar/Documents/GitHub/hello-michelle-star.github.io/assets/css/main.scss 27:9  root stylesheet
WARNING: 7 repetitive deprecation warnings omitted.
Run in verbose mode to see all warnings.
                    ...done in 0.115003 seconds.
                    
[2026-04-28 12:08:28] ERROR '/projects/chi20206/assets/img/chi/opening.png' not found.
[2026-04-28 12:08:28] ERROR '/projects/chi20206/assets/img/chi/pitt.png' not found.
[2026-04-28 12:08:28] ERROR '/projects/chi20206/assets/img/chi/srcroom.png' not found.
[2026-04-28 12:08:28] ERROR '/projects/chi20206/assets/img/chi/opening.png' not found.
[2026-04-28 12:08:28] ERROR '/projects/chi20206/assets/img/chi/srcroom.png' not found.
[2026-04-28 12:08:28] ERROR '/projects/chi20206/assets/img/chi/pitt.png' not found.
      Regenerating: 1 file(s) changed at 2026-04-28 12:08:40
                    _posts/2026-04-18-chi.md
       Jekyll Feed: Generating feed for posts
DEPRECATION WARNING [import]: Sass @import rules are deprecated and will be removed in Dart Sass 3.0.0.

More info and automated migrator: https://sass-lang.com/d/import

   ╷
27 │ @import "-sections-dir";
   │         ^^^^^^^^^^^^^^^
   ╵
    /Users/michellestar/Documents/GitHub/hello-michelle-star.github.io/assets/css/main.scss 27:9  root stylesheet
DEPRECATION WARNING [import]: Sass @import rules are deprecated and will be removed in Dart Sass 3.0.0.

More info and automated migrator: https://sass-lang.com/d/import

   ╷
28 │ @import 'about';
   │         ^^^^^^^
   ╵
    /Users/michellestar/Documents/GitHub/hello-michelle-star.github.io/assets/css/main.scss 28:9  root stylesheet
DEPRECATION WARNING [import]: Sass @import rules are deprecated and will be removed in Dart Sass 3.0.0.

More info and automated migrator: https://sass-lang.com/d/import

  ╷
2 │ @import "base",
  │         ^^^^^^
  ╵
    _-sections-dir.scss 2:9                                                                       @import
    /Users/michellestar/Documents/GitHub/hello-michelle-star.github.io/assets/css/main.scss 27:9  root stylesheet
DEPRECATION WARNING [import]: Sass @import rules are deprecated and will be removed in Dart Sass 3.0.0.

More info and automated migrator: https://sass-lang.com/d/import

  ╷
3 │         "code",
  │         ^^^^^^
  ╵
    _-sections-dir.scss 3:9                                                                       @import
    /Users/michellestar/Documents/GitHub/hello-michelle-star.github.io/assets/css/main.scss 27:9  root stylesheet
DEPRECATION WARNING [import]: Sass @import rules are deprecated and will be removed in Dart Sass 3.0.0.

More info and automated migrator: https://sass-lang.com/d/import

  ╷
4 │         "default",
  │         ^^^^^^^^^
  ╵
    _-sections-dir.scss 4:9                                                                       @import
    /Users/michellestar/Documents/GitHub/hello-michelle-star.github.io/assets/css/main.scss 27:9  root stylesheet
WARNING: 7 repetitive deprecation warnings omitted.
Run in verbose mode to see all warnings.
                    ...done in 0.080005 seconds.
                    
[2026-04-28 12:08:40] ERROR '/projects/chi20206/assets/img/chi/opening.png' not found.
[2026-04-28 12:08:40] ERROR '/projects/chi20206/assets/img/chi/pitt.png' not found.
[2026-04-28 12:08:40] ERROR '/projects/chi20206/assets/img/chi/opening.png' not found.
[2026-04-28 12:08:40] ERROR '/projects/chi20206/assets/img/chi/srcroom.png' not found.
[2026-04-28 12:08:40] ERROR '/projects/chi20206/assets/img/chi/pitt.png' not found.
      Regenerating: 1 file(s) changed at 2026-04-28 12:08:48
                    _posts/2026-04-18-chi.md
       Jekyll Feed: Generating feed for posts
DEPRECATION WARNING [import]: Sass @import rules are deprecated and will be removed in Dart Sass 3.0.0.

More info and automated migrator: https://sass-lang.com/d/import

   ╷
27 │ @import "-sections-dir";
   │         ^^^^^^^^^^^^^^^
   ╵
    /Users/michellestar/Documents/GitHub/hello-michelle-star.github.io/assets/css/main.scss 27:9  root stylesheet
DEPRECATION WARNING [import]: Sass @import rules are deprecated and will be removed in Dart Sass 3.0.0.

More info and automated migrator: https://sass-lang.com/d/import

   ╷
28 │ @import 'about';
   │         ^^^^^^^
   ╵
    /Users/michellestar/Documents/GitHub/hello-michelle-star.github.io/assets/css/main.scss 28:9  root stylesheet
DEPRECATION WARNING [import]: Sass @import rules are deprecated and will be removed in Dart Sass 3.0.0.

More info and automated migrator: https://sass-lang.com/d/import

  ╷
2 │ @import "base",
  │         ^^^^^^
  ╵
    _-sections-dir.scss 2:9                                                                       @import
    /Users/michellestar/Documents/GitHub/hello-michelle-star.github.io/assets/css/main.scss 27:9  root stylesheet
DEPRECATION WARNING [import]: Sass @import rules are deprecated and will be removed in Dart Sass 3.0.0.

More info and automated migrator: https://sass-lang.com/d/import

  ╷
3 │         "code",
  │         ^^^^^^
  ╵
    _-sections-dir.scss 3:9                                                                       @import
    /Users/michellestar/Documents/GitHub/hello-michelle-star.github.io/assets/css/main.scss 27:9  root stylesheet
DEPRECATION WARNING [import]: Sass @import rules are deprecated and will be removed in Dart Sass 3.0.0.

More info and automated migrator: https://sass-lang.com/d/import

  ╷
4 │         "default",
  │         ^^^^^^^^^
  ╵
    _-sections-dir.scss 4:9                                                                       @import
    /Users/michellestar/Documents/GitHub/hello-michelle-star.github.io/assets/css/main.scss 27:9  root stylesheet
WARNING: 7 repetitive deprecation warnings omitted.
Run in verbose mode to see all warnings.
                    ...done in 0.071722 seconds.
                    
[2026-04-28 12:08:48] ERROR '/projects/chi20206/assets/img/chi/opening.png' not found.
[2026-04-28 12:08:48] ERROR '/projects/chi20206/assets/img/chi/pitt.png' not found.
[2026-04-28 12:08:48] ERROR '/projects/chi20206/assets/img/chi/srcroom.png' not found.
[2026-04-28 12:08:48] ERROR '/projects/chi20206/assets/img/chi/opening.png' not found.
[2026-04-28 12:08:48] ERROR '/projects/chi20206/assets/img/chi/srcroom.png' not found.
[2026-04-28 12:08:48] ERROR '/projects/chi20206/assets/img/chi/letters.png' not found.
[2026-04-28 12:08:48] ERROR '/projects/chi20206/assets/img/chi/pitt.png' not found.
      Regenerating: 1 file(s) changed at 2026-04-28 12:09:11
                    _posts/2026-04-18-chi.md
       Jekyll Feed: Generating feed for posts
DEPRECATION WARNING [import]: Sass @import rules are deprecated and will be removed in Dart Sass 3.0.0.

More info and automated migrator: https://sass-lang.com/d/import

   ╷
27 │ @import "-sections-dir";
   │         ^^^^^^^^^^^^^^^
   ╵
    /Users/michellestar/Documents/GitHub/hello-michelle-star.github.io/assets/css/main.scss 27:9  root stylesheet
DEPRECATION WARNING [import]: Sass @import rules are deprecated and will be removed in Dart Sass 3.0.0.

More info and automated migrator: https://sass-lang.com/d/import

   ╷
28 │ @import 'about';
   │         ^^^^^^^
   ╵
    /Users/michellestar/Documents/GitHub/hello-michelle-star.github.io/assets/css/main.scss 28:9  root stylesheet
DEPRECATION WARNING [import]: Sass @import rules are deprecated and will be removed in Dart Sass 3.0.0.

More info and automated migrator: https://sass-lang.com/d/import

  ╷
2 │ @import "base",
  │         ^^^^^^
  ╵
    _-sections-dir.scss 2:9                                                                       @import
    /Users/michellestar/Documents/GitHub/hello-michelle-star.github.io/assets/css/main.scss 27:9  root stylesheet
DEPRECATION WARNING [import]: Sass @import rules are deprecated and will be removed in Dart Sass 3.0.0.

More info and automated migrator: https://sass-lang.com/d/import

  ╷
3 │         "code",
  │         ^^^^^^
  ╵
    _-sections-dir.scss 3:9                                                                       @import
    /Users/michellestar/Documents/GitHub/hello-michelle-star.github.io/assets/css/main.scss 27:9  root stylesheet
DEPRECATION WARNING [import]: Sass @import rules are deprecated and will be removed in Dart Sass 3.0.0.

More info and automated migrator: https://sass-lang.com/d/import

  ╷
4 │         "default",
  │         ^^^^^^^^^
  ╵
    _-sections-dir.scss 4:9                                                                       @import
    /Users/michellestar/Documents/GitHub/hello-michelle-star.github.io/assets/css/main.scss 27:9  root stylesheet
WARNING: 7 repetitive deprecation warnings omitted.
Run in verbose mode to see all warnings.
                    ...done in 0.115534 seconds.
                    
[2026-04-28 12:09:11] ERROR '/projects/chi20206/assets/img/chi/letters.png' not found.
[2026-04-28 12:09:12] ERROR '/projects/chi20206/assets/img/chi/opening.png' not found.
[2026-04-28 12:09:12] ERROR '/projects/chi20206/assets/img/chi/srcroom.png' not found.
[2026-04-28 12:09:12] ERROR '/projects/chi20206/assets/img/chi/letters.png' not found.
[2026-04-28 12:09:12] ERROR '/projects/chi20206/assets/img/chi/pitt.png' not found.
      Regenerating: 1 file(s) changed at 2026-04-28 12:09:34
                    _posts/2026-04-18-chi.md
       Jekyll Feed: Generating feed for posts
DEPRECATION WARNING [import]: Sass @import rules are deprecated and will be removed in Dart Sass 3.0.0.

More info and automated migrator: https://sass-lang.com/d/import

   ╷
27 │ @import "-sections-dir";
   │         ^^^^^^^^^^^^^^^
   ╵
    /Users/michellestar/Documents/GitHub/hello-michelle-star.github.io/assets/css/main.scss 27:9  root stylesheet
DEPRECATION WARNING [import]: Sass @import rules are deprecated and will be removed in Dart Sass 3.0.0.

More info and automated migrator: https://sass-lang.com/d/import

   ╷
28 │ @import 'about';
   │         ^^^^^^^
   ╵
    /Users/michellestar/Documents/GitHub/hello-michelle-star.github.io/assets/css/main.scss 28:9  root stylesheet
DEPRECATION WARNING [import]: Sass @import rules are deprecated and will be removed in Dart Sass 3.0.0.

More info and automated migrator: https://sass-lang.com/d/import

  ╷
2 │ @import "base",
  │         ^^^^^^
  ╵
    _-sections-dir.scss 2:9                                                                       @import
    /Users/michellestar/Documents/GitHub/hello-michelle-star.github.io/assets/css/main.scss 27:9  root stylesheet
DEPRECATION WARNING [import]: Sass @import rules are deprecated and will be removed in Dart Sass 3.0.0.

More info and automated migrator: https://sass-lang.com/d/import

  ╷
3 │         "code",
  │         ^^^^^^
  ╵
    _-sections-dir.scss 3:9                                                                       @import
    /Users/michellestar/Documents/GitHub/hello-michelle-star.github.io/assets/css/main.scss 27:9  root stylesheet
DEPRECATION WARNING [import]: Sass @import rules are deprecated and will be removed in Dart Sass 3.0.0.

More info and automated migrator: https://sass-lang.com/d/import

  ╷
4 │         "default",
  │         ^^^^^^^^^
  ╵
    _-sections-dir.scss 4:9                                                                       @import
    /Users/michellestar/Documents/GitHub/hello-michelle-star.github.io/assets/css/main.scss 27:9  root stylesheet
WARNING: 7 repetitive deprecation warnings omitted.
Run in verbose mode to see all warnings.
                    ...done in 0.090327 seconds.
                    
[2026-04-28 12:09:34] ERROR '/projects/chi20206/assets/img/chi/letters.png' not found.
[2026-04-28 12:09:34] ERROR '/projects/chi20206/assets/img/chi/opening.png' not found.
[2026-04-28 12:09:34] ERROR '/projects/chi20206/assets/img/chi/pitt.png' not found.
[2026-04-28 12:09:34] ERROR '/projects/chi20206/assets/img/chi/srcroom.png' not found.
[2026-04-28 12:09:34] ERROR '/projects/chi20206/assets/img/chi/opening.png' not found.
[2026-04-28 12:09:34] ERROR '/projects/chi20206/assets/img/chi/srcroom.png' not found.
[2026-04-28 12:09:34] ERROR '/projects/chi20206/assets/img/chi/letters.png' not found.
[2026-04-28 12:09:34] ERROR '/projects/chi20206/assets/img/chi/pitt.png' not found.
      Regenerating: 1 file(s) changed at 2026-04-28 12:09:52
                    _posts/2026-04-18-chi.md
       Jekyll Feed: Generating feed for posts
DEPRECATION WARNING [import]: Sass @import rules are deprecated and will be removed in Dart Sass 3.0.0.

More info and automated migrator: https://sass-lang.com/d/import

   ╷
27 │ @import "-sections-dir";
   │         ^^^^^^^^^^^^^^^
   ╵
    /Users/michellestar/Documents/GitHub/hello-michelle-star.github.io/assets/css/main.scss 27:9  root stylesheet
DEPRECATION WARNING [import]: Sass @import rules are deprecated and will be removed in Dart Sass 3.0.0.

More info and automated migrator: https://sass-lang.com/d/import

   ╷
28 │ @import 'about';
   │         ^^^^^^^
   ╵
    /Users/michellestar/Documents/GitHub/hello-michelle-star.github.io/assets/css/main.scss 28:9  root stylesheet
DEPRECATION WARNING [import]: Sass @import rules are deprecated and will be removed in Dart Sass 3.0.0.

More info and automated migrator: https://sass-lang.com/d/import

  ╷
2 │ @import "base",
  │         ^^^^^^
  ╵
    _-sections-dir.scss 2:9                                                                       @import
    /Users/michellestar/Documents/GitHub/hello-michelle-star.github.io/assets/css/main.scss 27:9  root stylesheet
DEPRECATION WARNING [import]: Sass @import rules are deprecated and will be removed in Dart Sass 3.0.0.

More info and automated migrator: https://sass-lang.com/d/import

  ╷
3 │         "code",
  │         ^^^^^^
  ╵
    _-sections-dir.scss 3:9                                                                       @import
    /Users/michellestar/Documents/GitHub/hello-michelle-star.github.io/assets/css/main.scss 27:9  root stylesheet
DEPRECATION WARNING [import]: Sass @import rules are deprecated and will be removed in Dart Sass 3.0.0.

More info and automated migrator: https://sass-lang.com/d/import

  ╷
4 │         "default",
  │         ^^^^^^^^^
  ╵
    _-sections-dir.scss 4:9                                                                       @import
    /Users/michellestar/Documents/GitHub/hello-michelle-star.github.io/assets/css/main.scss 27:9  root stylesheet
WARNING: 7 repetitive deprecation warnings omitted.
Run in verbose mode to see all warnings.
                    ...done in 0.080509 seconds.
                    
[2026-04-28 12:09:52] ERROR '/projects/chi20206/assets/img/chi/letters.png' not found.
[2026-04-28 12:09:52] ERROR '/projects/chi20206/assets/img/chi/opening.png' not found.
[2026-04-28 12:09:52] ERROR '/projects/chi20206/assets/img/chi/opening.png' not found.
[2026-04-28 12:09:52] ERROR '/projects/chi20206/assets/img/chi/srcroom.png' not found.
[2026-04-28 12:09:52] ERROR '/projects/chi20206/assets/img/chi/letters.png' not found.
[2026-04-28 12:09:52] ERROR '/projects/chi20206/assets/img/chi/pitt.png' not found.
      Regenerating: 1 file(s) changed at 2026-04-28 12:10:00
                    _posts/2026-04-18-chi.md
       Jekyll Feed: Generating feed for posts
DEPRECATION WARNING [import]: Sass @import rules are deprecated and will be removed in Dart Sass 3.0.0.

More info and automated migrator: https://sass-lang.com/d/import

   ╷
27 │ @import "-sections-dir";
   │         ^^^^^^^^^^^^^^^
   ╵
    /Users/michellestar/Documents/GitHub/hello-michelle-star.github.io/assets/css/main.scss 27:9  root stylesheet
DEPRECATION WARNING [import]: Sass @import rules are deprecated and will be removed in Dart Sass 3.0.0.

More info and automated migrator: https://sass-lang.com/d/import

   ╷
28 │ @import 'about';
   │         ^^^^^^^
   ╵
    /Users/michellestar/Documents/GitHub/hello-michelle-star.github.io/assets/css/main.scss 28:9  root stylesheet
DEPRECATION WARNING [import]: Sass @import rules are deprecated and will be removed in Dart Sass 3.0.0.

More info and automated migrator: https://sass-lang.com/d/import

  ╷
2 │ @import "base",
  │         ^^^^^^
  ╵
    _-sections-dir.scss 2:9                                                                       @import
    /Users/michellestar/Documents/GitHub/hello-michelle-star.github.io/assets/css/main.scss 27:9  root stylesheet
DEPRECATION WARNING [import]: Sass @import rules are deprecated and will be removed in Dart Sass 3.0.0.

More info and automated migrator: https://sass-lang.com/d/import

  ╷
3 │         "code",
  │         ^^^^^^
  ╵
    _-sections-dir.scss 3:9                                                                       @import
    /Users/michellestar/Documents/GitHub/hello-michelle-star.github.io/assets/css/main.scss 27:9  root stylesheet
DEPRECATION WARNING [import]: Sass @import rules are deprecated and will be removed in Dart Sass 3.0.0.

More info and automated migrator: https://sass-lang.com/d/import

  ╷
4 │         "default",
  │         ^^^^^^^^^
  ╵
    _-sections-dir.scss 4:9                                                                       @import
    /Users/michellestar/Documents/GitHub/hello-michelle-star.github.io/assets/css/main.scss 27:9  root stylesheet
WARNING: 7 repetitive deprecation warnings omitted.
Run in verbose mode to see all warnings.
                    ...done in 0.064645 seconds.
                    
[2026-04-28 12:10:00] ERROR '/projects/chi20206/assets/img/chi/letters.png' not found.
[2026-04-28 12:10:00] ERROR '/projects/chi20206/assets/img/chi/opening.png' not found.
[2026-04-28 12:10:00] ERROR '/projects/chi20206/assets/img/chi/pitt.png' not found.
[2026-04-28 12:10:00] ERROR '/projects/chi20206/assets/img/chi/opening.png' not found.
[2026-04-28 12:10:00] ERROR '/projects/chi20206/assets/img/chi/srcroom.png' not found.
[2026-04-28 12:10:00] ERROR '/projects/chi20206/assets/img/chi/letters.png' not found.
[2026-04-28 12:10:00] ERROR '/projects/chi20206/assets/img/chi/pitt.png' not found.
[2026-04-28 12:10:00] ERROR '/projects/chi20206/assets/img/chi/beach.png' not found.
      Regenerating: 1 file(s) changed at 2026-04-28 12:10:12
                    _posts/2026-04-18-chi.md
       Jekyll Feed: Generating feed for posts
DEPRECATION WARNING [import]: Sass @import rules are deprecated and will be removed in Dart Sass 3.0.0.

More info and automated migrator: https://sass-lang.com/d/import

   ╷
27 │ @import "-sections-dir";
   │         ^^^^^^^^^^^^^^^
   ╵
    /Users/michellestar/Documents/GitHub/hello-michelle-star.github.io/assets/css/main.scss 27:9  root stylesheet
DEPRECATION WARNING [import]: Sass @import rules are deprecated and will be removed in Dart Sass 3.0.0.

More info and automated migrator: https://sass-lang.com/d/import

   ╷
28 │ @import 'about';
   │         ^^^^^^^
   ╵
    /Users/michellestar/Documents/GitHub/hello-michelle-star.github.io/assets/css/main.scss 28:9  root stylesheet
DEPRECATION WARNING [import]: Sass @import rules are deprecated and will be removed in Dart Sass 3.0.0.

More info and automated migrator: https://sass-lang.com/d/import

  ╷
2 │ @import "base",
  │         ^^^^^^
  ╵
    _-sections-dir.scss 2:9                                                                       @import
    /Users/michellestar/Documents/GitHub/hello-michelle-star.github.io/assets/css/main.scss 27:9  root stylesheet
DEPRECATION WARNING [import]: Sass @import rules are deprecated and will be removed in Dart Sass 3.0.0.

More info and automated migrator: https://sass-lang.com/d/import

  ╷
3 │         "code",
  │         ^^^^^^
  ╵
    _-sections-dir.scss 3:9                                                                       @import
    /Users/michellestar/Documents/GitHub/hello-michelle-star.github.io/assets/css/main.scss 27:9  root stylesheet
DEPRECATION WARNING [import]: Sass @import rules are deprecated and will be removed in Dart Sass 3.0.0.

More info and automated migrator: https://sass-lang.com/d/import

  ╷
4 │         "default",
  │         ^^^^^^^^^
  ╵
    _-sections-dir.scss 4:9                                                                       @import
    /Users/michellestar/Documents/GitHub/hello-michelle-star.github.io/assets/css/main.scss 27:9  root stylesheet
WARNING: 7 repetitive deprecation warnings omitted.
Run in verbose mode to see all warnings.
                    ...done in 0.076428 seconds.
                    
[2026-04-28 12:10:12] ERROR Errno::ECONNRESET: Connection reset by peer @ io_fillbuf - fd:7 
	/Users/michellestar/Documents/GitHub/hello-michelle-star.github.io/vendor/bundle/ruby/3.4.0/gems/webrick-1.9.1/lib/webrick/httpserver.rb:82:in 'IO#eof?'
	/Users/michellestar/Documents/GitHub/hello-michelle-star.github.io/vendor/bundle/ruby/3.4.0/gems/webrick-1.9.1/lib/webrick/httpserver.rb:82:in 'WEBrick::HTTPServer#run'
	/Users/michellestar/Documents/GitHub/hello-michelle-star.github.io/vendor/bundle/ruby/3.4.0/gems/webrick-1.9.1/lib/webrick/server.rb:310:in 'block in WEBrick::GenericServer#start_thread'
[2026-04-28 12:10:12] ERROR '/projects/chi20206/assets/img/chi/beach.png' not found.
[2026-04-28 12:10:12] ERROR '/projects/chi20206/assets/img/chi/letters.png' not found.
[2026-04-28 12:10:12] ERROR '/projects/chi20206/assets/img/chi/opening.png' not found.
[2026-04-28 12:10:12] ERROR '/projects/chi20206/assets/img/chi/opening.png' not found.
[2026-04-28 12:10:12] ERROR '/projects/chi20206/assets/img/chi/srcroom.png' not found.
[2026-04-28 12:10:12] ERROR '/projects/chi20206/assets/img/chi/pitt.png' not found.
[2026-04-28 12:10:12] ERROR '/projects/chi20206/assets/img/chi/letters.png' not found.
[2026-04-28 12:10:12] ERROR '/projects/chi20206/assets/img/chi/beach.png' not found.
      Regenerating: 1 file(s) changed at 2026-04-28 12:10:17
                    _posts/2026-04-18-chi.md
       Jekyll Feed: Generating feed for posts
DEPRECATION WARNING [import]: Sass @import rules are deprecated and will be removed in Dart Sass 3.0.0.

More info and automated migrator: https://sass-lang.com/d/import

   ╷
27 │ @import "-sections-dir";
   │         ^^^^^^^^^^^^^^^
   ╵
    /Users/michellestar/Documents/GitHub/hello-michelle-star.github.io/assets/css/main.scss 27:9  root stylesheet
DEPRECATION WARNING [import]: Sass @import rules are deprecated and will be removed in Dart Sass 3.0.0.

More info and automated migrator: https://sass-lang.com/d/import

   ╷
28 │ @import 'about';
   │         ^^^^^^^
   ╵
    /Users/michellestar/Documents/GitHub/hello-michelle-star.github.io/assets/css/main.scss 28:9  root stylesheet
DEPRECATION WARNING [import]: Sass @import rules are deprecated and will be removed in Dart Sass 3.0.0.

More info and automated migrator: https://sass-lang.com/d/import

  ╷
2 │ @import "base",
  │         ^^^^^^
  ╵
    _-sections-dir.scss 2:9                                                                       @import
    /Users/michellestar/Documents/GitHub/hello-michelle-star.github.io/assets/css/main.scss 27:9  root stylesheet
DEPRECATION WARNING [import]: Sass @import rules are deprecated and will be removed in Dart Sass 3.0.0.

More info and automated migrator: https://sass-lang.com/d/import

  ╷
3 │         "code",
  │         ^^^^^^
  ╵
    _-sections-dir.scss 3:9                                                                       @import
    /Users/michellestar/Documents/GitHub/hello-michelle-star.github.io/assets/css/main.scss 27:9  root stylesheet
DEPRECATION WARNING [import]: Sass @import rules are deprecated and will be removed in Dart Sass 3.0.0.

More info and automated migrator: https://sass-lang.com/d/import

  ╷
4 │         "default",
  │         ^^^^^^^^^
  ╵
    _-sections-dir.scss 4:9                                                                       @import
    /Users/michellestar/Documents/GitHub/hello-michelle-star.github.io/assets/css/main.scss 27:9  root stylesheet
WARNING: 7 repetitive deprecation warnings omitted.
Run in verbose mode to see all warnings.
                    ...done in 0.060575 seconds.
                    
[2026-04-28 12:10:17] ERROR '/projects/chi20206/assets/img/chi/beach.png' not found.
[2026-04-28 12:10:17] ERROR '/projects/chi20206/assets/img/chi/opening.png' not found.
[2026-04-28 12:10:17] ERROR '/projects/chi20206/assets/img/chi/srcroom.png' not found.
[2026-04-28 12:10:17] ERROR '/projects/chi20206/assets/img/chi/letters.png' not found.
[2026-04-28 12:10:17] ERROR '/projects/chi20206/assets/img/chi/pitt.png' not found.
[2026-04-28 12:10:17] ERROR '/projects/chi20206/assets/img/chi/beach.png' not found.
      Regenerating: 1 file(s) changed at 2026-04-28 12:10:23
                    _posts/2026-04-18-chi.md
       Jekyll Feed: Generating feed for posts
DEPRECATION WARNING [import]: Sass @import rules are deprecated and will be removed in Dart Sass 3.0.0.

More info and automated migrator: https://sass-lang.com/d/import

   ╷
27 │ @import "-sections-dir";
   │         ^^^^^^^^^^^^^^^
   ╵
    /Users/michellestar/Documents/GitHub/hello-michelle-star.github.io/assets/css/main.scss 27:9  root stylesheet
DEPRECATION WARNING [import]: Sass @import rules are deprecated and will be removed in Dart Sass 3.0.0.

More info and automated migrator: https://sass-lang.com/d/import

   ╷
28 │ @import 'about';
   │         ^^^^^^^
   ╵
    /Users/michellestar/Documents/GitHub/hello-michelle-star.github.io/assets/css/main.scss 28:9  root stylesheet
DEPRECATION WARNING [import]: Sass @import rules are deprecated and will be removed in Dart Sass 3.0.0.

More info and automated migrator: https://sass-lang.com/d/import

  ╷
2 │ @import "base",
  │         ^^^^^^
  ╵
    _-sections-dir.scss 2:9                                                                       @import
    /Users/michellestar/Documents/GitHub/hello-michelle-star.github.io/assets/css/main.scss 27:9  root stylesheet
DEPRECATION WARNING [import]: Sass @import rules are deprecated and will be removed in Dart Sass 3.0.0.

More info and automated migrator: https://sass-lang.com/d/import

  ╷
3 │         "code",
  │         ^^^^^^
  ╵
    _-sections-dir.scss 3:9                                                                       @import
    /Users/michellestar/Documents/GitHub/hello-michelle-star.github.io/assets/css/main.scss 27:9  root stylesheet
DEPRECATION WARNING [import]: Sass @import rules are deprecated and will be removed in Dart Sass 3.0.0.

More info and automated migrator: https://sass-lang.com/d/import

  ╷
4 │         "default",
  │         ^^^^^^^^^
  ╵
    _-sections-dir.scss 4:9                                                                       @import
    /Users/michellestar/Documents/GitHub/hello-michelle-star.github.io/assets/css/main.scss 27:9  root stylesheet
WARNING: 7 repetitive deprecation warnings omitted.
Run in verbose mode to see all warnings.
                    ...done in 0.066308 seconds.
                    
[2026-04-28 12:10:23] ERROR '/projects/chi20206/assets/img/chi/beach.png' not found.
[2026-04-28 12:10:23] ERROR '/projects/chi20206/assets/img/chi/letters.png' not found.
[2026-04-28 12:10:23] ERROR '/projects/chi20206/assets/img/chi/opening.png' not found.
[2026-04-28 12:10:23] ERROR '/projects/chi20206/assets/img/chi/pitt.png' not found.
[2026-04-28 12:10:23] ERROR '/projects/chi20206/assets/img/chi/opening.png' not found.
[2026-04-28 12:10:23] ERROR '/projects/chi20206/assets/img/chi/srcroom.png' not found.
      Regenerating: 1 file(s) changed at 2026-04-28 12:10:23
                    jekyll.log
[2026-04-28 12:10:23] ERROR '/projects/chi20206/assets/img/chi/letters.png' not found.
[2026-04-28 12:10:23] ERROR '/projects/chi20206/assets/img/chi/pitt.png' not found.
[2026-04-28 12:10:23] ERROR '/projects/chi20206/assets/img/chi/beach.png' not found.
       Jekyll Feed: Generating feed for posts
DEPRECATION WARNING [import]: Sass @import rules are deprecated and will be removed in Dart Sass 3.0.0.

More info and automated migrator: https://sass-lang.com/d/import

   ╷
27 │ @import "-sections-dir";
   │         ^^^^^^^^^^^^^^^
   ╵
    /Users/michellestar/Documents/GitHub/hello-michelle-star.github.io/assets/css/main.scss 27:9  root stylesheet
DEPRECATION WARNING [import]: Sass @import rules are deprecated and will be removed in Dart Sass 3.0.0.

More info and automated migrator: https://sass-lang.com/d/import

   ╷
28 │ @import 'about';
   │         ^^^^^^^
   ╵
    /Users/michellestar/Documents/GitHub/hello-michelle-star.github.io/assets/css/main.scss 28:9  root stylesheet
DEPRECATION WARNING [import]: Sass @import rules are deprecated and will be removed in Dart Sass 3.0.0.

More info and automated migrator: https://sass-lang.com/d/import

  ╷
2 │ @import "base",
  │         ^^^^^^
  ╵
    _-sections-dir.scss 2:9                                                                       @import
    /Users/michellestar/Documents/GitHub/hello-michelle-star.github.io/assets/css/main.scss 27:9  root stylesheet
DEPRECATION WARNING [import]: Sass @import rules are deprecated and will be removed in Dart Sass 3.0.0.

More info and automated migrator: https://sass-lang.com/d/import

  ╷
3 │         "code",
  │         ^^^^^^
  ╵
    _-sections-dir.scss 3:9                                                                       @import
    /Users/michellestar/Documents/GitHub/hello-michelle-star.github.io/assets/css/main.scss 27:9  root stylesheet
DEPRECATION WARNING [import]: Sass @import rules are deprecated and will be removed in Dart Sass 3.0.0.

More info and automated migrator: https://sass-lang.com/d/import

  ╷
4 │         "default",
  │         ^^^^^^^^^
  ╵
    _-sections-dir.scss 4:9                                                                       @import
    /Users/michellestar/Documents/GitHub/hello-michelle-star.github.io/assets/css/main.scss 27:9  root stylesheet
WARNING: 7 repetitive deprecation warnings omitted.
Run in verbose mode to see all warnings.
                    ...done in 0.047967 seconds.
                    
[2026-04-28 12:10:24] ERROR '/projects/chi20206/assets/img/chi/beach.png' not found.
[2026-04-28 12:10:24] ERROR '/projects/chi20206/assets/img/chi/srcroom.png' not found.
[2026-04-28 12:10:24] ERROR '/projects/chi20206/assets/img/chi/opening.png' not found.
[2026-04-28 12:10:24] ERROR '/projects/chi20206/assets/img/chi/letters.png' not found.
[2026-04-28 12:10:24] ERROR '/projects/chi20206/assets/img/chi/pitt.png' not found.
[2026-04-28 12:10:24] ERROR '/projects/chi20206/assets/img/chi/beach.png' not found.
[2026-04-28 12:10:24] ERROR '/projects/chi20206/assets/img/chi/beach.png' not found.
      Regenerating: 1 file(s) changed at 2026-04-28 12:10:25
                    _posts/2026-04-18-chi.md
       Jekyll Feed: Generating feed for posts
DEPRECATION WARNING [import]: Sass @import rules are deprecated and will be removed in Dart Sass 3.0.0.

More info and automated migrator: https://sass-lang.com/d/import

   ╷
27 │ @import "-sections-dir";
   │         ^^^^^^^^^^^^^^^
   ╵
    /Users/michellestar/Documents/GitHub/hello-michelle-star.github.io/assets/css/main.scss 27:9  root stylesheet
DEPRECATION WARNING [import]: Sass @import rules are deprecated and will be removed in Dart Sass 3.0.0.

More info and automated migrator: https://sass-lang.com/d/import

   ╷
28 │ @import 'about';
   │         ^^^^^^^
   ╵
    /Users/michellestar/Documents/GitHub/hello-michelle-star.github.io/assets/css/main.scss 28:9  root stylesheet
DEPRECATION WARNING [import]: Sass @import rules are deprecated and will be removed in Dart Sass 3.0.0.

More info and automated migrator: https://sass-lang.com/d/import

  ╷
2 │ @import "base",
  │         ^^^^^^
  ╵
    _-sections-dir.scss 2:9                                                                       @import
    /Users/michellestar/Documents/GitHub/hello-michelle-star.github.io/assets/css/main.scss 27:9  root stylesheet
DEPRECATION WARNING [import]: Sass @import rules are deprecated and will be removed in Dart Sass 3.0.0.

More info and automated migrator: https://sass-lang.com/d/import

  ╷
3 │         "code",
  │         ^^^^^^
  ╵
    _-sections-dir.scss 3:9                                                                       @import
    /Users/michellestar/Documents/GitHub/hello-michelle-star.github.io/assets/css/main.scss 27:9  root stylesheet
DEPRECATION WARNING [import]: Sass @import rules are deprecated and will be removed in Dart Sass 3.0.0.

More info and automated migrator: https://sass-lang.com/d/import

  ╷
4 │         "default",
  │         ^^^^^^^^^
  ╵
    _-sections-dir.scss 4:9                                                                       @import
    /Users/michellestar/Documents/GitHub/hello-michelle-star.github.io/assets/css/main.scss 27:9  root stylesheet
WARNING: 7 repetitive deprecation warnings omitted.
Run in verbose mode to see all warnings.
                    ...done in 0.079197 seconds.
                    
[2026-04-28 12:10:25] ERROR '/projects/chi20206/assets/img/chi/beach.png' not found.
[2026-04-28 12:10:25] ERROR '/projects/chi20206/assets/img/chi/opening.png' not found.
[2026-04-28 12:10:25] ERROR '/projects/chi20206/assets/img/chi/srcroom.png' not found.
[2026-04-28 12:10:25] ERROR '/projects/chi20206/assets/img/chi/letters.png' not found.
[2026-04-28 12:10:25] ERROR '/projects/chi20206/assets/img/chi/pitt.png' not found.
[2026-04-28 12:10:25] ERROR '/projects/chi20206/assets/img/chi/beach.png' not found.
      Regenerating: 1 file(s) changed at 2026-04-28 12:10:26
                    _posts/2026-04-18-chi.md
       Jekyll Feed: Generating feed for posts
DEPRECATION WARNING [import]: Sass @import rules are deprecated and will be removed in Dart Sass 3.0.0.

More info and automated migrator: https://sass-lang.com/d/import

   ╷
27 │ @import "-sections-dir";
   │         ^^^^^^^^^^^^^^^
   ╵
    /Users/michellestar/Documents/GitHub/hello-michelle-star.github.io/assets/css/main.scss 27:9  root stylesheet
DEPRECATION WARNING [import]: Sass @import rules are deprecated and will be removed in Dart Sass 3.0.0.

More info and automated migrator: https://sass-lang.com/d/import

   ╷
28 │ @import 'about';
   │         ^^^^^^^
   ╵
    /Users/michellestar/Documents/GitHub/hello-michelle-star.github.io/assets/css/main.scss 28:9  root stylesheet
DEPRECATION WARNING [import]: Sass @import rules are deprecated and will be removed in Dart Sass 3.0.0.

More info and automated migrator: https://sass-lang.com/d/import

  ╷
2 │ @import "base",
  │         ^^^^^^
  ╵
    _-sections-dir.scss 2:9                                                                       @import
    /Users/michellestar/Documents/GitHub/hello-michelle-star.github.io/assets/css/main.scss 27:9  root stylesheet
DEPRECATION WARNING [import]: Sass @import rules are deprecated and will be removed in Dart Sass 3.0.0.

More info and automated migrator: https://sass-lang.com/d/import

  ╷
3 │         "code",
  │         ^^^^^^
  ╵
    _-sections-dir.scss 3:9                                                                       @import
    /Users/michellestar/Documents/GitHub/hello-michelle-star.github.io/assets/css/main.scss 27:9  root stylesheet
DEPRECATION WARNING [import]: Sass @import rules are deprecated and will be removed in Dart Sass 3.0.0.

More info and automated migrator: https://sass-lang.com/d/import

  ╷
4 │         "default",
  │         ^^^^^^^^^
  ╵
    _-sections-dir.scss 4:9                                                                       @import
    /Users/michellestar/Documents/GitHub/hello-michelle-star.github.io/assets/css/main.scss 27:9  root stylesheet
WARNING: 7 repetitive deprecation warnings omitted.
Run in verbose mode to see all warnings.
                    ...done in 0.050495 seconds.
                    
[2026-04-28 12:10:26] ERROR '/projects/chi20206/assets/img/chi/beach.png' not found.
[2026-04-28 12:10:26] ERROR '/projects/chi20206/assets/img/chi/letters.png' not found.
[2026-04-28 12:10:26] ERROR '/projects/chi20206/assets/img/chi/opening.png' not found.
[2026-04-28 12:10:26] ERROR '/projects/chi20206/assets/img/chi/srcroom.png' not found.
[2026-04-28 12:10:26] ERROR '/projects/chi20206/assets/img/chi/letters.png' not found.
[2026-04-28 12:10:26] ERROR '/projects/chi20206/assets/img/chi/pitt.png' not found.
[2026-04-28 12:10:26] ERROR '/projects/chi20206/assets/img/chi/beach.png' not found.
      Regenerating: 1 file(s) changed at 2026-04-28 12:10:30
                    _posts/2026-04-18-chi.md
       Jekyll Feed: Generating feed for posts
DEPRECATION WARNING [import]: Sass @import rules are deprecated and will be removed in Dart Sass 3.0.0.

More info and automated migrator: https://sass-lang.com/d/import

   ╷
27 │ @import "-sections-dir";
   │         ^^^^^^^^^^^^^^^
   ╵
    /Users/michellestar/Documents/GitHub/hello-michelle-star.github.io/assets/css/main.scss 27:9  root stylesheet
DEPRECATION WARNING [import]: Sass @import rules are deprecated and will be removed in Dart Sass 3.0.0.

More info and automated migrator: https://sass-lang.com/d/import

   ╷
28 │ @import 'about';
   │         ^^^^^^^
   ╵
    /Users/michellestar/Documents/GitHub/hello-michelle-star.github.io/assets/css/main.scss 28:9  root stylesheet
DEPRECATION WARNING [import]: Sass @import rules are deprecated and will be removed in Dart Sass 3.0.0.

More info and automated migrator: https://sass-lang.com/d/import

  ╷
2 │ @import "base",
  │         ^^^^^^
  ╵
    _-sections-dir.scss 2:9                                                                       @import
    /Users/michellestar/Documents/GitHub/hello-michelle-star.github.io/assets/css/main.scss 27:9  root stylesheet
DEPRECATION WARNING [import]: Sass @import rules are deprecated and will be removed in Dart Sass 3.0.0.

More info and automated migrator: https://sass-lang.com/d/import

  ╷
3 │         "code",
  │         ^^^^^^
  ╵
    _-sections-dir.scss 3:9                                                                       @import
    /Users/michellestar/Documents/GitHub/hello-michelle-star.github.io/assets/css/main.scss 27:9  root stylesheet
DEPRECATION WARNING [import]: Sass @import rules are deprecated and will be removed in Dart Sass 3.0.0.

More info and automated migrator: https://sass-lang.com/d/import

  ╷
4 │         "default",
  │         ^^^^^^^^^
  ╵
    _-sections-dir.scss 4:9                                                                       @import
    /Users/michellestar/Documents/GitHub/hello-michelle-star.github.io/assets/css/main.scss 27:9  root stylesheet
WARNING: 7 repetitive deprecation warnings omitted.
Run in verbose mode to see all warnings.
                    ...done in 0.053853 seconds.
                    
[2026-04-28 12:10:30] ERROR '/projects/chi20206/assets/img/chi/beach.png' not found.
[2026-04-28 12:10:30] ERROR '/projects/chi20206/assets/img/chi/letters.png' not found.
[2026-04-28 12:10:30] ERROR '/projects/chi20206/assets/img/chi/opening.png' not found.
[2026-04-28 12:10:30] ERROR '/projects/chi20206/assets/img/chi/srcroom.png' not found.
[2026-04-28 12:10:30] ERROR '/projects/chi20206/assets/img/chi/letters.png' not found.
[2026-04-28 12:10:30] ERROR '/projects/chi20206/assets/img/chi/pitt.png' not found.
[2026-04-28 12:10:30] ERROR '/projects/chi20206/assets/img/chi/beach.png' not found.
[2026-04-28 12:10:30] ERROR '/projects/chi20206/assets/img/chi/beach.png' not found.
      Regenerating: 1 file(s) changed at 2026-04-28 12:10:36
                    _posts/2026-04-18-chi.md
       Jekyll Feed: Generating feed for posts
DEPRECATION WARNING [import]: Sass @import rules are deprecated and will be removed in Dart Sass 3.0.0.

More info and automated migrator: https://sass-lang.com/d/import

   ╷
27 │ @import "-sections-dir";
   │         ^^^^^^^^^^^^^^^
   ╵
    /Users/michellestar/Documents/GitHub/hello-michelle-star.github.io/assets/css/main.scss 27:9  root stylesheet
DEPRECATION WARNING [import]: Sass @import rules are deprecated and will be removed in Dart Sass 3.0.0.

More info and automated migrator: https://sass-lang.com/d/import

   ╷
28 │ @import 'about';
   │         ^^^^^^^
   ╵
    /Users/michellestar/Documents/GitHub/hello-michelle-star.github.io/assets/css/main.scss 28:9  root stylesheet
DEPRECATION WARNING [import]: Sass @import rules are deprecated and will be removed in Dart Sass 3.0.0.

More info and automated migrator: https://sass-lang.com/d/import

  ╷
2 │ @import "base",
  │         ^^^^^^
  ╵
    _-sections-dir.scss 2:9                                                                       @import
    /Users/michellestar/Documents/GitHub/hello-michelle-star.github.io/assets/css/main.scss 27:9  root stylesheet
DEPRECATION WARNING [import]: Sass @import rules are deprecated and will be removed in Dart Sass 3.0.0.

More info and automated migrator: https://sass-lang.com/d/import

  ╷
3 │         "code",
  │         ^^^^^^
  ╵
    _-sections-dir.scss 3:9                                                                       @import
    /Users/michellestar/Documents/GitHub/hello-michelle-star.github.io/assets/css/main.scss 27:9  root stylesheet
DEPRECATION WARNING [import]: Sass @import rules are deprecated and will be removed in Dart Sass 3.0.0.

More info and automated migrator: https://sass-lang.com/d/import

  ╷
4 │         "default",
  │         ^^^^^^^^^
  ╵
    _-sections-dir.scss 4:9                                                                       @import
    /Users/michellestar/Documents/GitHub/hello-michelle-star.github.io/assets/css/main.scss 27:9  root stylesheet
WARNING: 7 repetitive deprecation warnings omitted.
Run in verbose mode to see all warnings.
                    ...done in 0.063868 seconds.
                    
[2026-04-28 12:10:36] ERROR Errno::ECONNRESET: Connection reset by peer @ io_fillbuf - fd:19 
	/Users/michellestar/Documents/GitHub/hello-michelle-star.github.io/vendor/bundle/ruby/3.4.0/gems/webrick-1.9.1/lib/webrick/httpserver.rb:82:in 'IO#eof?'
	/Users/michellestar/Documents/GitHub/hello-michelle-star.github.io/vendor/bundle/ruby/3.4.0/gems/webrick-1.9.1/lib/webrick/httpserver.rb:82:in 'WEBrick::HTTPServer#run'
	/Users/michellestar/Documents/GitHub/hello-michelle-star.github.io/vendor/bundle/ruby/3.4.0/gems/webrick-1.9.1/lib/webrick/server.rb:310:in 'block in WEBrick::GenericServer#start_thread'
[2026-04-28 12:10:36] ERROR '/projects/chi20206/assets/img/chi/beach.png' not found.
[2026-04-28 12:10:36] ERROR '/projects/chi20206/assets/img/chi/letters.png' not found.
[2026-04-28 12:10:36] ERROR '/projects/chi20206/assets/img/chi/opening.png' not found.
[2026-04-28 12:10:36] ERROR '/projects/chi20206/assets/img/chi/srcroom.png' not found.
[2026-04-28 12:10:36] ERROR '/projects/chi20206/assets/img/chi/letters.png' not found.
[2026-04-28 12:10:36] ERROR '/projects/chi20206/assets/img/chi/pitt.png' not found.
[2026-04-28 12:10:36] ERROR '/projects/chi20206/assets/img/chi/beach.png' not found.
[2026-04-28 12:10:36] ERROR '/projects/chi20206/assets/img/chi/poster.png' not found.
      Regenerating: 1 file(s) changed at 2026-04-28 12:10:46
                    _posts/2026-04-18-chi.md
       Jekyll Feed: Generating feed for posts
DEPRECATION WARNING [import]: Sass @import rules are deprecated and will be removed in Dart Sass 3.0.0.

More info and automated migrator: https://sass-lang.com/d/import

   ╷
27 │ @import "-sections-dir";
   │         ^^^^^^^^^^^^^^^
   ╵
    /Users/michellestar/Documents/GitHub/hello-michelle-star.github.io/assets/css/main.scss 27:9  root stylesheet
DEPRECATION WARNING [import]: Sass @import rules are deprecated and will be removed in Dart Sass 3.0.0.

More info and automated migrator: https://sass-lang.com/d/import

   ╷
28 │ @import 'about';
   │         ^^^^^^^
   ╵
    /Users/michellestar/Documents/GitHub/hello-michelle-star.github.io/assets/css/main.scss 28:9  root stylesheet
DEPRECATION WARNING [import]: Sass @import rules are deprecated and will be removed in Dart Sass 3.0.0.

More info and automated migrator: https://sass-lang.com/d/import

  ╷
2 │ @import "base",
  │         ^^^^^^
  ╵
    _-sections-dir.scss 2:9                                                                       @import
    /Users/michellestar/Documents/GitHub/hello-michelle-star.github.io/assets/css/main.scss 27:9  root stylesheet
DEPRECATION WARNING [import]: Sass @import rules are deprecated and will be removed in Dart Sass 3.0.0.

More info and automated migrator: https://sass-lang.com/d/import

  ╷
3 │         "code",
  │         ^^^^^^
  ╵
    _-sections-dir.scss 3:9                                                                       @import
    /Users/michellestar/Documents/GitHub/hello-michelle-star.github.io/assets/css/main.scss 27:9  root stylesheet
DEPRECATION WARNING [import]: Sass @import rules are deprecated and will be removed in Dart Sass 3.0.0.

More info and automated migrator: https://sass-lang.com/d/import

  ╷
4 │         "default",
  │         ^^^^^^^^^
  ╵
    _-sections-dir.scss 4:9                                                                       @import
    /Users/michellestar/Documents/GitHub/hello-michelle-star.github.io/assets/css/main.scss 27:9  root stylesheet
WARNING: 7 repetitive deprecation warnings omitted.
Run in verbose mode to see all warnings.
                    ...done in 0.086644 seconds.
                    
[2026-04-28 12:10:47] ERROR '/projects/chi20206/assets/img/chi/beach.png' not found.
[2026-04-28 12:10:47] ERROR '/projects/chi20206/assets/img/chi/opening.png' not found.
[2026-04-28 12:10:47] ERROR '/projects/chi20206/assets/img/chi/srcroom.png' not found.
[2026-04-28 12:10:47] ERROR '/projects/chi20206/assets/img/chi/letters.png' not found.
[2026-04-28 12:10:47] ERROR '/projects/chi20206/assets/img/chi/pitt.png' not found.
[2026-04-28 12:10:47] ERROR '/projects/chi20206/assets/img/chi/beach.png' not found.
[2026-04-28 12:10:47] ERROR '/projects/chi20206/assets/img/chi/poster.png' not found.
[2026-04-28 12:11:03] ERROR '/projects/chi20206/assets/img/chi/opening.png' not found.
[2026-04-28 12:11:03] ERROR '/projects/chi20206/assets/img/chi/srcroom.png' not found.
[2026-04-28 12:11:04] ERROR '/projects/chi20206/assets/img/chi/letters.png' not found.
[2026-04-28 12:11:04] ERROR '/projects/chi20206/assets/img/chi/pitt.png' not found.
[2026-04-28 12:11:04] ERROR '/projects/chi20206/assets/img/chi/beach.png' not found.
[2026-04-28 12:11:04] ERROR '/projects/chi20206/assets/img/chi/poster.png' not found.
[2026-04-28 12:11:04] ERROR '/projects/chi20206/assets/img/chi/opening.png' not found.
[2026-04-28 12:11:04] ERROR '/projects/chi20206/assets/img/chi/srcroom.png' not found.
[2026-04-28 12:11:04] ERROR '/projects/chi20206/assets/img/chi/letters.png' not found.
[2026-04-28 12:11:04] ERROR '/projects/chi20206/assets/img/chi/pitt.png' not found.
[2026-04-28 12:11:04] ERROR '/projects/chi20206/assets/img/chi/beach.png' not found.
[2026-04-28 12:11:04] ERROR '/projects/chi20206/assets/img/chi/poster.png' not found.
[2026-04-28 12:11:08] ERROR '/projects/chi20206/assets/img/chi/srcroom.png' not found.
[2026-04-28 12:11:08] ERROR '/projects/chi20206/assets/img/chi/opening.png' not found.
[2026-04-28 12:11:08] ERROR '/projects/chi20206/assets/img/chi/letters.png' not found.
[2026-04-28 12:11:08] ERROR '/projects/chi20206/assets/img/chi/pitt.png' not found.
[2026-04-28 12:11:08] ERROR '/projects/chi20206/assets/img/chi/beach.png' not found.
[2026-04-28 12:11:08] ERROR '/projects/chi20206/assets/img/chi/poster.png' not found.
      Regenerating: 1 file(s) changed at 2026-04-28 12:12:11
                    _posts/2026-04-18-chi.md
       Jekyll Feed: Generating feed for posts
DEPRECATION WARNING [import]: Sass @import rules are deprecated and will be removed in Dart Sass 3.0.0.

More info and automated migrator: https://sass-lang.com/d/import

   ╷
27 │ @import "-sections-dir";
   │         ^^^^^^^^^^^^^^^
   ╵
    /Users/michellestar/Documents/GitHub/hello-michelle-star.github.io/assets/css/main.scss 27:9  root stylesheet
DEPRECATION WARNING [import]: Sass @import rules are deprecated and will be removed in Dart Sass 3.0.0.

More info and automated migrator: https://sass-lang.com/d/import

   ╷
28 │ @import 'about';
   │         ^^^^^^^
   ╵
    /Users/michellestar/Documents/GitHub/hello-michelle-star.github.io/assets/css/main.scss 28:9  root stylesheet
DEPRECATION WARNING [import]: Sass @import rules are deprecated and will be removed in Dart Sass 3.0.0.

More info and automated migrator: https://sass-lang.com/d/import

  ╷
2 │ @import "base",
  │         ^^^^^^
  ╵
    _-sections-dir.scss 2:9                                                                       @import
    /Users/michellestar/Documents/GitHub/hello-michelle-star.github.io/assets/css/main.scss 27:9  root stylesheet
DEPRECATION WARNING [import]: Sass @import rules are deprecated and will be removed in Dart Sass 3.0.0.

More info and automated migrator: https://sass-lang.com/d/import

  ╷
3 │         "code",
  │         ^^^^^^
  ╵
    _-sections-dir.scss 3:9                                                                       @import
    /Users/michellestar/Documents/GitHub/hello-michelle-star.github.io/assets/css/main.scss 27:9  root stylesheet
DEPRECATION WARNING [import]: Sass @import rules are deprecated and will be removed in Dart Sass 3.0.0.

More info and automated migrator: https://sass-lang.com/d/import

  ╷
4 │         "default",
  │         ^^^^^^^^^
  ╵
    _-sections-dir.scss 4:9                                                                       @import
    /Users/michellestar/Documents/GitHub/hello-michelle-star.github.io/assets/css/main.scss 27:9  root stylesheet
WARNING: 7 repetitive deprecation warnings omitted.
Run in verbose mode to see all warnings.
                    ...done in 0.134198 seconds.
                    
[2026-04-28 12:12:11] ERROR '/projects/chi20206/assets/img/chi/beach.png' not found.
[2026-04-28 12:12:11] ERROR '/projects/chi20206/assets/img/chi/letters.png' not found.
      Regenerating: 1 file(s) changed at 2026-04-28 12:12:19
                    _sass/_post.scss
       Jekyll Feed: Generating feed for posts
DEPRECATION WARNING [import]: Sass @import rules are deprecated and will be removed in Dart Sass 3.0.0.

More info and automated migrator: https://sass-lang.com/d/import

   ╷
27 │ @import "-sections-dir";
   │         ^^^^^^^^^^^^^^^
   ╵
    /Users/michellestar/Documents/GitHub/hello-michelle-star.github.io/assets/css/main.scss 27:9  root stylesheet
DEPRECATION WARNING [import]: Sass @import rules are deprecated and will be removed in Dart Sass 3.0.0.

More info and automated migrator: https://sass-lang.com/d/import

   ╷
28 │ @import 'about';
   │         ^^^^^^^
   ╵
    /Users/michellestar/Documents/GitHub/hello-michelle-star.github.io/assets/css/main.scss 28:9  root stylesheet
DEPRECATION WARNING [import]: Sass @import rules are deprecated and will be removed in Dart Sass 3.0.0.

More info and automated migrator: https://sass-lang.com/d/import

  ╷
2 │ @import "base",
  │         ^^^^^^
  ╵
    _-sections-dir.scss 2:9                                                                       @import
    /Users/michellestar/Documents/GitHub/hello-michelle-star.github.io/assets/css/main.scss 27:9  root stylesheet
DEPRECATION WARNING [import]: Sass @import rules are deprecated and will be removed in Dart Sass 3.0.0.

More info and automated migrator: https://sass-lang.com/d/import

  ╷
3 │         "code",
  │         ^^^^^^
  ╵
    _-sections-dir.scss 3:9                                                                       @import
    /Users/michellestar/Documents/GitHub/hello-michelle-star.github.io/assets/css/main.scss 27:9  root stylesheet
DEPRECATION WARNING [import]: Sass @import rules are deprecated and will be removed in Dart Sass 3.0.0.

More info and automated migrator: https://sass-lang.com/d/import

  ╷
4 │         "default",
  │         ^^^^^^^^^
  ╵
    _-sections-dir.scss 4:9                                                                       @import
    /Users/michellestar/Documents/GitHub/hello-michelle-star.github.io/assets/css/main.scss 27:9  root stylesheet
WARNING: 7 repetitive deprecation warnings omitted.
Run in verbose mode to see all warnings.
                    ...done in 0.090425 seconds.
                    
      Regenerating: 1 file(s) changed at 2026-04-28 12:13:12
                    _sass/_post.scss
       Jekyll Feed: Generating feed for posts
DEPRECATION WARNING [import]: Sass @import rules are deprecated and will be removed in Dart Sass 3.0.0.

More info and automated migrator: https://sass-lang.com/d/import

   ╷
27 │ @import "-sections-dir";
   │         ^^^^^^^^^^^^^^^
   ╵
    /Users/michellestar/Documents/GitHub/hello-michelle-star.github.io/assets/css/main.scss 27:9  root stylesheet
DEPRECATION WARNING [import]: Sass @import rules are deprecated and will be removed in Dart Sass 3.0.0.

More info and automated migrator: https://sass-lang.com/d/import

   ╷
28 │ @import 'about';
   │         ^^^^^^^
   ╵
    /Users/michellestar/Documents/GitHub/hello-michelle-star.github.io/assets/css/main.scss 28:9  root stylesheet
DEPRECATION WARNING [import]: Sass @import rules are deprecated and will be removed in Dart Sass 3.0.0.

More info and automated migrator: https://sass-lang.com/d/import

  ╷
2 │ @import "base",
  │         ^^^^^^
  ╵
    _-sections-dir.scss 2:9                                                                       @import
    /Users/michellestar/Documents/GitHub/hello-michelle-star.github.io/assets/css/main.scss 27:9  root stylesheet
DEPRECATION WARNING [import]: Sass @import rules are deprecated and will be removed in Dart Sass 3.0.0.

More info and automated migrator: https://sass-lang.com/d/import

  ╷
3 │         "code",
  │         ^^^^^^
  ╵
    _-sections-dir.scss 3:9                                                                       @import
    /Users/michellestar/Documents/GitHub/hello-michelle-star.github.io/assets/css/main.scss 27:9  root stylesheet
DEPRECATION WARNING [import]: Sass @import rules are deprecated and will be removed in Dart Sass 3.0.0.

More info and automated migrator: https://sass-lang.com/d/import

  ╷
4 │         "default",
  │         ^^^^^^^^^
  ╵
    _-sections-dir.scss 4:9                                                                       @import
    /Users/michellestar/Documents/GitHub/hello-michelle-star.github.io/assets/css/main.scss 27:9  root stylesheet
WARNING: 7 repetitive deprecation warnings omitted.
Run in verbose mode to see all warnings.
                    ...done in 0.113013 seconds.
                    
      Regenerating: 1 file(s) changed at 2026-04-28 12:13:25
                    _posts/2026-04-18-chi.md
       Jekyll Feed: Generating feed for posts
DEPRECATION WARNING [import]: Sass @import rules are deprecated and will be removed in Dart Sass 3.0.0.

More info and automated migrator: https://sass-lang.com/d/import

   ╷
27 │ @import "-sections-dir";
   │         ^^^^^^^^^^^^^^^
   ╵
    /Users/michellestar/Documents/GitHub/hello-michelle-star.github.io/assets/css/main.scss 27:9  root stylesheet
DEPRECATION WARNING [import]: Sass @import rules are deprecated and will be removed in Dart Sass 3.0.0.

More info and automated migrator: https://sass-lang.com/d/import

   ╷
28 │ @import 'about';
   │         ^^^^^^^
   ╵
    /Users/michellestar/Documents/GitHub/hello-michelle-star.github.io/assets/css/main.scss 28:9  root stylesheet
DEPRECATION WARNING [import]: Sass @import rules are deprecated and will be removed in Dart Sass 3.0.0.

More info and automated migrator: https://sass-lang.com/d/import

  ╷
2 │ @import "base",
  │         ^^^^^^
  ╵
    _-sections-dir.scss 2:9                                                                       @import
    /Users/michellestar/Documents/GitHub/hello-michelle-star.github.io/assets/css/main.scss 27:9  root stylesheet
DEPRECATION WARNING [import]: Sass @import rules are deprecated and will be removed in Dart Sass 3.0.0.

More info and automated migrator: https://sass-lang.com/d/import

  ╷
3 │         "code",
  │         ^^^^^^
  ╵
    _-sections-dir.scss 3:9                                                                       @import
    /Users/michellestar/Documents/GitHub/hello-michelle-star.github.io/assets/css/main.scss 27:9  root stylesheet
DEPRECATION WARNING [import]: Sass @import rules are deprecated and will be removed in Dart Sass 3.0.0.

More info and automated migrator: https://sass-lang.com/d/import

  ╷
4 │         "default",
  │         ^^^^^^^^^
  ╵
    _-sections-dir.scss 4:9                                                                       @import
    /Users/michellestar/Documents/GitHub/hello-michelle-star.github.io/assets/css/main.scss 27:9  root stylesheet
WARNING: 7 repetitive deprecation warnings omitted.
Run in verbose mode to see all warnings.
                    ...done in 0.093887 seconds.
                    
[2026-04-28 12:13:25] ERROR Errno::ECONNRESET: Connection reset by peer @ io_fillbuf - fd:18 
	/Users/michellestar/Documents/GitHub/hello-michelle-star.github.io/vendor/bundle/ruby/3.4.0/gems/webrick-1.9.1/lib/webrick/httpserver.rb:82:in 'IO#eof?'
	/Users/michellestar/Documents/GitHub/hello-michelle-star.github.io/vendor/bundle/ruby/3.4.0/gems/webrick-1.9.1/lib/webrick/httpserver.rb:82:in 'WEBrick::HTTPServer#run'
	/Users/michellestar/Documents/GitHub/hello-michelle-star.github.io/vendor/bundle/ruby/3.4.0/gems/webrick-1.9.1/lib/webrick/server.rb:310:in 'block in WEBrick::GenericServer#start_thread'
      Regenerating: 1 file(s) changed at 2026-04-28 12:16:43
                    _sass/_post.scss
       Jekyll Feed: Generating feed for posts
DEPRECATION WARNING [import]: Sass @import rules are deprecated and will be removed in Dart Sass 3.0.0.

More info and automated migrator: https://sass-lang.com/d/import

   ╷
27 │ @import "-sections-dir";
   │         ^^^^^^^^^^^^^^^
   ╵
    /Users/michellestar/Documents/GitHub/hello-michelle-star.github.io/assets/css/main.scss 27:9  root stylesheet
DEPRECATION WARNING [import]: Sass @import rules are deprecated and will be removed in Dart Sass 3.0.0.

More info and automated migrator: https://sass-lang.com/d/import

   ╷
28 │ @import 'about';
   │         ^^^^^^^
   ╵
    /Users/michellestar/Documents/GitHub/hello-michelle-star.github.io/assets/css/main.scss 28:9  root stylesheet
DEPRECATION WARNING [import]: Sass @import rules are deprecated and will be removed in Dart Sass 3.0.0.

More info and automated migrator: https://sass-lang.com/d/import

  ╷
2 │ @import "base",
  │         ^^^^^^
  ╵
    _-sections-dir.scss 2:9                                                                       @import
    /Users/michellestar/Documents/GitHub/hello-michelle-star.github.io/assets/css/main.scss 27:9  root stylesheet
DEPRECATION WARNING [import]: Sass @import rules are deprecated and will be removed in Dart Sass 3.0.0.

More info and automated migrator: https://sass-lang.com/d/import

  ╷
3 │         "code",
  │         ^^^^^^
  ╵
    _-sections-dir.scss 3:9                                                                       @import
    /Users/michellestar/Documents/GitHub/hello-michelle-star.github.io/assets/css/main.scss 27:9  root stylesheet
DEPRECATION WARNING [import]: Sass @import rules are deprecated and will be removed in Dart Sass 3.0.0.

More info and automated migrator: https://sass-lang.com/d/import

  ╷
4 │         "default",
  │         ^^^^^^^^^
  ╵
    _-sections-dir.scss 4:9                                                                       @import
    /Users/michellestar/Documents/GitHub/hello-michelle-star.github.io/assets/css/main.scss 27:9  root stylesheet
WARNING: 7 repetitive deprecation warnings omitted.
Run in verbose mode to see all warnings.
                    ...done in 0.104081 seconds.
                    
      Regenerating: 1 file(s) changed at 2026-04-28 12:16:46
                    _posts/2026-04-18-chi.md
       Jekyll Feed: Generating feed for posts
DEPRECATION WARNING [import]: Sass @import rules are deprecated and will be removed in Dart Sass 3.0.0.

More info and automated migrator: https://sass-lang.com/d/import

   ╷
27 │ @import "-sections-dir";
   │         ^^^^^^^^^^^^^^^
   ╵
    /Users/michellestar/Documents/GitHub/hello-michelle-star.github.io/assets/css/main.scss 27:9  root stylesheet
DEPRECATION WARNING [import]: Sass @import rules are deprecated and will be removed in Dart Sass 3.0.0.

More info and automated migrator: https://sass-lang.com/d/import

   ╷
28 │ @import 'about';
   │         ^^^^^^^
   ╵
    /Users/michellestar/Documents/GitHub/hello-michelle-star.github.io/assets/css/main.scss 28:9  root stylesheet
DEPRECATION WARNING [import]: Sass @import rules are deprecated and will be removed in Dart Sass 3.0.0.

More info and automated migrator: https://sass-lang.com/d/import

  ╷
2 │ @import "base",
  │         ^^^^^^
  ╵
    _-sections-dir.scss 2:9                                                                       @import
    /Users/michellestar/Documents/GitHub/hello-michelle-star.github.io/assets/css/main.scss 27:9  root stylesheet
DEPRECATION WARNING [import]: Sass @import rules are deprecated and will be removed in Dart Sass 3.0.0.

More info and automated migrator: https://sass-lang.com/d/import

  ╷
3 │         "code",
  │         ^^^^^^
  ╵
    _-sections-dir.scss 3:9                                                                       @import
    /Users/michellestar/Documents/GitHub/hello-michelle-star.github.io/assets/css/main.scss 27:9  root stylesheet
DEPRECATION WARNING [import]: Sass @import rules are deprecated and will be removed in Dart Sass 3.0.0.

More info and automated migrator: https://sass-lang.com/d/import

  ╷
4 │         "default",
  │         ^^^^^^^^^
  ╵
    _-sections-dir.scss 4:9                                                                       @import
    /Users/michellestar/Documents/GitHub/hello-michelle-star.github.io/assets/css/main.scss 27:9  root stylesheet
WARNING: 7 repetitive deprecation warnings omitted.
Run in verbose mode to see all warnings.
                    ...done in 0.05954 seconds.
                    
      Regenerating: 1 file(s) changed at 2026-04-28 12:17:46
                    _posts/2026-04-18-chi.md
       Jekyll Feed: Generating feed for posts
DEPRECATION WARNING [import]: Sass @import rules are deprecated and will be removed in Dart Sass 3.0.0.

More info and automated migrator: https://sass-lang.com/d/import

   ╷
27 │ @import "-sections-dir";
   │         ^^^^^^^^^^^^^^^
   ╵
    /Users/michellestar/Documents/GitHub/hello-michelle-star.github.io/assets/css/main.scss 27:9  root stylesheet
DEPRECATION WARNING [import]: Sass @import rules are deprecated and will be removed in Dart Sass 3.0.0.

More info and automated migrator: https://sass-lang.com/d/import

   ╷
28 │ @import 'about';
   │         ^^^^^^^
   ╵
    /Users/michellestar/Documents/GitHub/hello-michelle-star.github.io/assets/css/main.scss 28:9  root stylesheet
DEPRECATION WARNING [import]: Sass @import rules are deprecated and will be removed in Dart Sass 3.0.0.

More info and automated migrator: https://sass-lang.com/d/import

  ╷
2 │ @import "base",
  │         ^^^^^^
  ╵
    _-sections-dir.scss 2:9                                                                       @import
    /Users/michellestar/Documents/GitHub/hello-michelle-star.github.io/assets/css/main.scss 27:9  root stylesheet
DEPRECATION WARNING [import]: Sass @import rules are deprecated and will be removed in Dart Sass 3.0.0.

More info and automated migrator: https://sass-lang.com/d/import

  ╷
3 │         "code",
  │         ^^^^^^
  ╵
    _-sections-dir.scss 3:9                                                                       @import
    /Users/michellestar/Documents/GitHub/hello-michelle-star.github.io/assets/css/main.scss 27:9  root stylesheet
DEPRECATION WARNING [import]: Sass @import rules are deprecated and will be removed in Dart Sass 3.0.0.

More info and automated migrator: https://sass-lang.com/d/import

  ╷
4 │         "default",
  │         ^^^^^^^^^
  ╵
    _-sections-dir.scss 4:9                                                                       @import
    /Users/michellestar/Documents/GitHub/hello-michelle-star.github.io/assets/css/main.scss 27:9  root stylesheet
WARNING: 7 repetitive deprecation warnings omitted.
Run in verbose mode to see all warnings.
                    ...done in 0.125804 seconds.
                    
      Regenerating: 1 file(s) changed at 2026-04-28 12:17:47
                    _posts/2026-04-18-chi.md
       Jekyll Feed: Generating feed for posts
DEPRECATION WARNING [import]: Sass @import rules are deprecated and will be removed in Dart Sass 3.0.0.

More info and automated migrator: https://sass-lang.com/d/import

   ╷
27 │ @import "-sections-dir";
   │         ^^^^^^^^^^^^^^^
   ╵
    /Users/michellestar/Documents/GitHub/hello-michelle-star.github.io/assets/css/main.scss 27:9  root stylesheet
DEPRECATION WARNING [import]: Sass @import rules are deprecated and will be removed in Dart Sass 3.0.0.

More info and automated migrator: https://sass-lang.com/d/import

   ╷
28 │ @import 'about';
   │         ^^^^^^^
   ╵
    /Users/michellestar/Documents/GitHub/hello-michelle-star.github.io/assets/css/main.scss 28:9  root stylesheet
DEPRECATION WARNING [import]: Sass @import rules are deprecated and will be removed in Dart Sass 3.0.0.

More info and automated migrator: https://sass-lang.com/d/import

  ╷
2 │ @import "base",
  │         ^^^^^^
  ╵
    _-sections-dir.scss 2:9                                                                       @import
    /Users/michellestar/Documents/GitHub/hello-michelle-star.github.io/assets/css/main.scss 27:9  root stylesheet
DEPRECATION WARNING [import]: Sass @import rules are deprecated and will be removed in Dart Sass 3.0.0.

More info and automated migrator: https://sass-lang.com/d/import

  ╷
3 │         "code",
  │         ^^^^^^
  ╵
    _-sections-dir.scss 3:9                                                                       @import
    /Users/michellestar/Documents/GitHub/hello-michelle-star.github.io/assets/css/main.scss 27:9  root stylesheet
DEPRECATION WARNING [import]: Sass @import rules are deprecated and will be removed in Dart Sass 3.0.0.

More info and automated migrator: https://sass-lang.com/d/import

  ╷
4 │         "default",
  │         ^^^^^^^^^
  ╵
    _-sections-dir.scss 4:9                                                                       @import
    /Users/michellestar/Documents/GitHub/hello-michelle-star.github.io/assets/css/main.scss 27:9  root stylesheet
WARNING: 7 repetitive deprecation warnings omitted.
Run in verbose mode to see all warnings.
                    ...done in 0.046421 seconds.
                    
[2026-04-28 12:17:48] ERROR Errno::ECONNRESET: Connection reset by peer @ io_fillbuf - fd:19 
	/Users/michellestar/Documents/GitHub/hello-michelle-star.github.io/vendor/bundle/ruby/3.4.0/gems/webrick-1.9.1/lib/webrick/httpserver.rb:82:in 'IO#eof?'
	/Users/michellestar/Documents/GitHub/hello-michelle-star.github.io/vendor/bundle/ruby/3.4.0/gems/webrick-1.9.1/lib/webrick/httpserver.rb:82:in 'WEBrick::HTTPServer#run'
	/Users/michellestar/Documents/GitHub/hello-michelle-star.github.io/vendor/bundle/ruby/3.4.0/gems/webrick-1.9.1/lib/webrick/server.rb:310:in 'block in WEBrick::GenericServer#start_thread'
      Regenerating: 1 file(s) changed at 2026-04-28 12:18:23
                    _sass/_base.scss
       Jekyll Feed: Generating feed for posts
DEPRECATION WARNING [import]: Sass @import rules are deprecated and will be removed in Dart Sass 3.0.0.

More info and automated migrator: https://sass-lang.com/d/import

   ╷
27 │ @import "-sections-dir";
   │         ^^^^^^^^^^^^^^^
   ╵
    /Users/michellestar/Documents/GitHub/hello-michelle-star.github.io/assets/css/main.scss 27:9  root stylesheet
DEPRECATION WARNING [import]: Sass @import rules are deprecated and will be removed in Dart Sass 3.0.0.

More info and automated migrator: https://sass-lang.com/d/import

   ╷
28 │ @import 'about';
   │         ^^^^^^^
   ╵
    /Users/michellestar/Documents/GitHub/hello-michelle-star.github.io/assets/css/main.scss 28:9  root stylesheet
DEPRECATION WARNING [import]: Sass @import rules are deprecated and will be removed in Dart Sass 3.0.0.

More info and automated migrator: https://sass-lang.com/d/import

  ╷
2 │ @import "base",
  │         ^^^^^^
  ╵
    _-sections-dir.scss 2:9                                                                       @import
    /Users/michellestar/Documents/GitHub/hello-michelle-star.github.io/assets/css/main.scss 27:9  root stylesheet
DEPRECATION WARNING [import]: Sass @import rules are deprecated and will be removed in Dart Sass 3.0.0.

More info and automated migrator: https://sass-lang.com/d/import

  ╷
3 │         "code",
  │         ^^^^^^
  ╵
    _-sections-dir.scss 3:9                                                                       @import
    /Users/michellestar/Documents/GitHub/hello-michelle-star.github.io/assets/css/main.scss 27:9  root stylesheet
DEPRECATION WARNING [import]: Sass @import rules are deprecated and will be removed in Dart Sass 3.0.0.

More info and automated migrator: https://sass-lang.com/d/import

  ╷
4 │         "default",
  │         ^^^^^^^^^
  ╵
    _-sections-dir.scss 4:9                                                                       @import
    /Users/michellestar/Documents/GitHub/hello-michelle-star.github.io/assets/css/main.scss 27:9  root stylesheet
WARNING: 7 repetitive deprecation warnings omitted.
Run in verbose mode to see all warnings.
                    ...done in 0.112522 seconds.
                    
      Regenerating: 1 file(s) changed at 2026-04-28 12:19:41
                    assets/img/chi/Star_Michelle_CHI_Poster_A1.pdf
       Jekyll Feed: Generating feed for posts
DEPRECATION WARNING [import]: Sass @import rules are deprecated and will be removed in Dart Sass 3.0.0.

More info and automated migrator: https://sass-lang.com/d/import

   ╷
27 │ @import "-sections-dir";
   │         ^^^^^^^^^^^^^^^
   ╵
    /Users/michellestar/Documents/GitHub/hello-michelle-star.github.io/assets/css/main.scss 27:9  root stylesheet
DEPRECATION WARNING [import]: Sass @import rules are deprecated and will be removed in Dart Sass 3.0.0.

More info and automated migrator: https://sass-lang.com/d/import

   ╷
28 │ @import 'about';
   │         ^^^^^^^
   ╵
    /Users/michellestar/Documents/GitHub/hello-michelle-star.github.io/assets/css/main.scss 28:9  root stylesheet
DEPRECATION WARNING [import]: Sass @import rules are deprecated and will be removed in Dart Sass 3.0.0.

More info and automated migrator: https://sass-lang.com/d/import

  ╷
2 │ @import "base",
  │         ^^^^^^
  ╵
    _-sections-dir.scss 2:9                                                                       @import
    /Users/michellestar/Documents/GitHub/hello-michelle-star.github.io/assets/css/main.scss 27:9  root stylesheet
DEPRECATION WARNING [import]: Sass @import rules are deprecated and will be removed in Dart Sass 3.0.0.

More info and automated migrator: https://sass-lang.com/d/import

  ╷
3 │         "code",
  │         ^^^^^^
  ╵
    _-sections-dir.scss 3:9                                                                       @import
    /Users/michellestar/Documents/GitHub/hello-michelle-star.github.io/assets/css/main.scss 27:9  root stylesheet
DEPRECATION WARNING [import]: Sass @import rules are deprecated and will be removed in Dart Sass 3.0.0.

More info and automated migrator: https://sass-lang.com/d/import

  ╷
4 │         "default",
  │         ^^^^^^^^^
  ╵
    _-sections-dir.scss 4:9                                                                       @import
    /Users/michellestar/Documents/GitHub/hello-michelle-star.github.io/assets/css/main.scss 27:9  root stylesheet
WARNING: 7 repetitive deprecation warnings omitted.
Run in verbose mode to see all warnings.
                    ...done in 0.149682 seconds.
                    
      Regenerating: 1 file(s) changed at 2026-04-28 12:20:50
                    _sass/_base.scss
       Jekyll Feed: Generating feed for posts
DEPRECATION WARNING [import]: Sass @import rules are deprecated and will be removed in Dart Sass 3.0.0.

More info and automated migrator: https://sass-lang.com/d/import

   ╷
27 │ @import "-sections-dir";
   │         ^^^^^^^^^^^^^^^
   ╵
    /Users/michellestar/Documents/GitHub/hello-michelle-star.github.io/assets/css/main.scss 27:9  root stylesheet
DEPRECATION WARNING [import]: Sass @import rules are deprecated and will be removed in Dart Sass 3.0.0.

More info and automated migrator: https://sass-lang.com/d/import

   ╷
28 │ @import 'about';
   │         ^^^^^^^
   ╵
    /Users/michellestar/Documents/GitHub/hello-michelle-star.github.io/assets/css/main.scss 28:9  root stylesheet
DEPRECATION WARNING [import]: Sass @import rules are deprecated and will be removed in Dart Sass 3.0.0.

More info and automated migrator: https://sass-lang.com/d/import

  ╷
2 │ @import "base",
  │         ^^^^^^
  ╵
    _-sections-dir.scss 2:9                                                                       @import
    /Users/michellestar/Documents/GitHub/hello-michelle-star.github.io/assets/css/main.scss 27:9  root stylesheet
DEPRECATION WARNING [import]: Sass @import rules are deprecated and will be removed in Dart Sass 3.0.0.

More info and automated migrator: https://sass-lang.com/d/import

  ╷
3 │         "code",
  │         ^^^^^^
  ╵
    _-sections-dir.scss 3:9                                                                       @import
    /Users/michellestar/Documents/GitHub/hello-michelle-star.github.io/assets/css/main.scss 27:9  root stylesheet
DEPRECATION WARNING [import]: Sass @import rules are deprecated and will be removed in Dart Sass 3.0.0.

More info and automated migrator: https://sass-lang.com/d/import

  ╷
4 │         "default",
  │         ^^^^^^^^^
  ╵
    _-sections-dir.scss 4:9                                                                       @import
    /Users/michellestar/Documents/GitHub/hello-michelle-star.github.io/assets/css/main.scss 27:9  root stylesheet
WARNING: 7 repetitive deprecation warnings omitted.
Run in verbose mode to see all warnings.
                    ...done in 0.113384 seconds.
                    
      Regenerating: 1 file(s) changed at 2026-04-28 12:22:56
                    _sass/_base.scss
       Jekyll Feed: Generating feed for posts
DEPRECATION WARNING [import]: Sass @import rules are deprecated and will be removed in Dart Sass 3.0.0.

More info and automated migrator: https://sass-lang.com/d/import

   ╷
27 │ @import "-sections-dir";
   │         ^^^^^^^^^^^^^^^
   ╵
    /Users/michellestar/Documents/GitHub/hello-michelle-star.github.io/assets/css/main.scss 27:9  root stylesheet
DEPRECATION WARNING [import]: Sass @import rules are deprecated and will be removed in Dart Sass 3.0.0.

More info and automated migrator: https://sass-lang.com/d/import

   ╷
28 │ @import 'about';
   │         ^^^^^^^
   ╵
    /Users/michellestar/Documents/GitHub/hello-michelle-star.github.io/assets/css/main.scss 28:9  root stylesheet
DEPRECATION WARNING [import]: Sass @import rules are deprecated and will be removed in Dart Sass 3.0.0.

More info and automated migrator: https://sass-lang.com/d/import

  ╷
2 │ @import "base",
  │         ^^^^^^
  ╵
    _-sections-dir.scss 2:9                                                                       @import
    /Users/michellestar/Documents/GitHub/hello-michelle-star.github.io/assets/css/main.scss 27:9  root stylesheet
DEPRECATION WARNING [import]: Sass @import rules are deprecated and will be removed in Dart Sass 3.0.0.

More info and automated migrator: https://sass-lang.com/d/import

  ╷
3 │         "code",
  │         ^^^^^^
  ╵
    _-sections-dir.scss 3:9                                                                       @import
    /Users/michellestar/Documents/GitHub/hello-michelle-star.github.io/assets/css/main.scss 27:9  root stylesheet
DEPRECATION WARNING [import]: Sass @import rules are deprecated and will be removed in Dart Sass 3.0.0.

More info and automated migrator: https://sass-lang.com/d/import

  ╷
4 │         "default",
  │         ^^^^^^^^^
  ╵
    _-sections-dir.scss 4:9                                                                       @import
    /Users/michellestar/Documents/GitHub/hello-michelle-star.github.io/assets/css/main.scss 27:9  root stylesheet
WARNING: 7 repetitive deprecation warnings omitted.
Run in verbose mode to see all warnings.
                    ...done in 0.131328 seconds.
                    
      Regenerating: 1 file(s) changed at 2026-04-28 12:24:03
                    _sass/_base.scss
       Jekyll Feed: Generating feed for posts
DEPRECATION WARNING [import]: Sass @import rules are deprecated and will be removed in Dart Sass 3.0.0.

More info and automated migrator: https://sass-lang.com/d/import

   ╷
27 │ @import "-sections-dir";
   │         ^^^^^^^^^^^^^^^
   ╵
    /Users/michellestar/Documents/GitHub/hello-michelle-star.github.io/assets/css/main.scss 27:9  root stylesheet
DEPRECATION WARNING [import]: Sass @import rules are deprecated and will be removed in Dart Sass 3.0.0.

More info and automated migrator: https://sass-lang.com/d/import

   ╷
28 │ @import 'about';
   │         ^^^^^^^
   ╵
    /Users/michellestar/Documents/GitHub/hello-michelle-star.github.io/assets/css/main.scss 28:9  root stylesheet
DEPRECATION WARNING [import]: Sass @import rules are deprecated and will be removed in Dart Sass 3.0.0.

More info and automated migrator: https://sass-lang.com/d/import

  ╷
2 │ @import "base",
  │         ^^^^^^
  ╵
    _-sections-dir.scss 2:9                                                                       @import
    /Users/michellestar/Documents/GitHub/hello-michelle-star.github.io/assets/css/main.scss 27:9  root stylesheet
DEPRECATION WARNING [import]: Sass @import rules are deprecated and will be removed in Dart Sass 3.0.0.

More info and automated migrator: https://sass-lang.com/d/import

  ╷
3 │         "code",
  │         ^^^^^^
  ╵
    _-sections-dir.scss 3:9                                                                       @import
    /Users/michellestar/Documents/GitHub/hello-michelle-star.github.io/assets/css/main.scss 27:9  root stylesheet
DEPRECATION WARNING [import]: Sass @import rules are deprecated and will be removed in Dart Sass 3.0.0.

More info and automated migrator: https://sass-lang.com/d/import

  ╷
4 │         "default",
  │         ^^^^^^^^^
  ╵
    _-sections-dir.scss 4:9                                                                       @import
    /Users/michellestar/Documents/GitHub/hello-michelle-star.github.io/assets/css/main.scss 27:9  root stylesheet
WARNING: 7 repetitive deprecation warnings omitted.
Run in verbose mode to see all warnings.
                    ...done in 0.111482 seconds.
                    
      Regenerating: 1 file(s) changed at 2026-04-28 12:24:20
                    _sass/_post.scss
       Jekyll Feed: Generating feed for posts
DEPRECATION WARNING [import]: Sass @import rules are deprecated and will be removed in Dart Sass 3.0.0.

More info and automated migrator: https://sass-lang.com/d/import

   ╷
27 │ @import "-sections-dir";
   │         ^^^^^^^^^^^^^^^
   ╵
    /Users/michellestar/Documents/GitHub/hello-michelle-star.github.io/assets/css/main.scss 27:9  root stylesheet
DEPRECATION WARNING [import]: Sass @import rules are deprecated and will be removed in Dart Sass 3.0.0.

More info and automated migrator: https://sass-lang.com/d/import

   ╷
28 │ @import 'about';
   │         ^^^^^^^
   ╵
    /Users/michellestar/Documents/GitHub/hello-michelle-star.github.io/assets/css/main.scss 28:9  root stylesheet
DEPRECATION WARNING [import]: Sass @import rules are deprecated and will be removed in Dart Sass 3.0.0.

More info and automated migrator: https://sass-lang.com/d/import

  ╷
2 │ @import "base",
  │         ^^^^^^
  ╵
    _-sections-dir.scss 2:9                                                                       @import
    /Users/michellestar/Documents/GitHub/hello-michelle-star.github.io/assets/css/main.scss 27:9  root stylesheet
DEPRECATION WARNING [import]: Sass @import rules are deprecated and will be removed in Dart Sass 3.0.0.

More info and automated migrator: https://sass-lang.com/d/import

  ╷
3 │         "code",
  │         ^^^^^^
  ╵
    _-sections-dir.scss 3:9                                                                       @import
    /Users/michellestar/Documents/GitHub/hello-michelle-star.github.io/assets/css/main.scss 27:9  root stylesheet
DEPRECATION WARNING [import]: Sass @import rules are deprecated and will be removed in Dart Sass 3.0.0.

More info and automated migrator: https://sass-lang.com/d/import

  ╷
4 │         "default",
  │         ^^^^^^^^^
  ╵
    _-sections-dir.scss 4:9                                                                       @import
    /Users/michellestar/Documents/GitHub/hello-michelle-star.github.io/assets/css/main.scss 27:9  root stylesheet
WARNING: 7 repetitive deprecation warnings omitted.
Run in verbose mode to see all warnings.
                    ...done in 0.091238 seconds.
                    
      Regenerating: 1 file(s) changed at 2026-04-28 12:33:05
                    assets/img/chi/opening_cropped.png
       Jekyll Feed: Generating feed for posts
DEPRECATION WARNING [import]: Sass @import rules are deprecated and will be removed in Dart Sass 3.0.0.

More info and automated migrator: https://sass-lang.com/d/import

   ╷
27 │ @import "-sections-dir";
   │         ^^^^^^^^^^^^^^^
   ╵
    /Users/michellestar/Documents/GitHub/hello-michelle-star.github.io/assets/css/main.scss 27:9  root stylesheet
DEPRECATION WARNING [import]: Sass @import rules are deprecated and will be removed in Dart Sass 3.0.0.

More info and automated migrator: https://sass-lang.com/d/import

   ╷
28 │ @import 'about';
   │         ^^^^^^^
   ╵
    /Users/michellestar/Documents/GitHub/hello-michelle-star.github.io/assets/css/main.scss 28:9  root stylesheet
DEPRECATION WARNING [import]: Sass @import rules are deprecated and will be removed in Dart Sass 3.0.0.

More info and automated migrator: https://sass-lang.com/d/import

  ╷
2 │ @import "base",
  │         ^^^^^^
  ╵
    _-sections-dir.scss 2:9                                                                       @import
    /Users/michellestar/Documents/GitHub/hello-michelle-star.github.io/assets/css/main.scss 27:9  root stylesheet
DEPRECATION WARNING [import]: Sass @import rules are deprecated and will be removed in Dart Sass 3.0.0.

More info and automated migrator: https://sass-lang.com/d/import

  ╷
3 │         "code",
  │         ^^^^^^
  ╵
    _-sections-dir.scss 3:9                                                                       @import
    /Users/michellestar/Documents/GitHub/hello-michelle-star.github.io/assets/css/main.scss 27:9  root stylesheet
DEPRECATION WARNING [import]: Sass @import rules are deprecated and will be removed in Dart Sass 3.0.0.

More info and automated migrator: https://sass-lang.com/d/import

  ╷
4 │         "default",
  │         ^^^^^^^^^
  ╵
    _-sections-dir.scss 4:9                                                                       @import
    /Users/michellestar/Documents/GitHub/hello-michelle-star.github.io/assets/css/main.scss 27:9  root stylesheet
WARNING: 7 repetitive deprecation warnings omitted.
Run in verbose mode to see all warnings.
                    ...done in 0.122017 seconds.
                    
      Regenerating: 1 file(s) changed at 2026-04-28 12:33:05
                    assets/img/chi/opening_cropped.png
       Jekyll Feed: Generating feed for posts
DEPRECATION WARNING [import]: Sass @import rules are deprecated and will be removed in Dart Sass 3.0.0.

More info and automated migrator: https://sass-lang.com/d/import

   ╷
27 │ @import "-sections-dir";
   │         ^^^^^^^^^^^^^^^
   ╵
    /Users/michellestar/Documents/GitHub/hello-michelle-star.github.io/assets/css/main.scss 27:9  root stylesheet
DEPRECATION WARNING [import]: Sass @import rules are deprecated and will be removed in Dart Sass 3.0.0.

More info and automated migrator: https://sass-lang.com/d/import

   ╷
28 │ @import 'about';
   │         ^^^^^^^
   ╵
    /Users/michellestar/Documents/GitHub/hello-michelle-star.github.io/assets/css/main.scss 28:9  root stylesheet
DEPRECATION WARNING [import]: Sass @import rules are deprecated and will be removed in Dart Sass 3.0.0.

More info and automated migrator: https://sass-lang.com/d/import

  ╷
2 │ @import "base",
  │         ^^^^^^
  ╵
    _-sections-dir.scss 2:9                                                                       @import
    /Users/michellestar/Documents/GitHub/hello-michelle-star.github.io/assets/css/main.scss 27:9  root stylesheet
DEPRECATION WARNING [import]: Sass @import rules are deprecated and will be removed in Dart Sass 3.0.0.

More info and automated migrator: https://sass-lang.com/d/import

  ╷
3 │         "code",
  │         ^^^^^^
  ╵
    _-sections-dir.scss 3:9                                                                       @import
    /Users/michellestar/Documents/GitHub/hello-michelle-star.github.io/assets/css/main.scss 27:9  root stylesheet
DEPRECATION WARNING [import]: Sass @import rules are deprecated and will be removed in Dart Sass 3.0.0.

More info and automated migrator: https://sass-lang.com/d/import

  ╷
4 │         "default",
  │         ^^^^^^^^^
  ╵
    _-sections-dir.scss 4:9                                                                       @import
    /Users/michellestar/Documents/GitHub/hello-michelle-star.github.io/assets/css/main.scss 27:9  root stylesheet
WARNING: 7 repetitive deprecation warnings omitted.
Run in verbose mode to see all warnings.
                    ...done in 0.084726 seconds.
                    
      Regenerating: 1 file(s) changed at 2026-04-28 12:33:05
                    assets/img/chi/beach_cropped.png
       Jekyll Feed: Generating feed for posts
DEPRECATION WARNING [import]: Sass @import rules are deprecated and will be removed in Dart Sass 3.0.0.

More info and automated migrator: https://sass-lang.com/d/import

   ╷
27 │ @import "-sections-dir";
   │         ^^^^^^^^^^^^^^^
   ╵
    /Users/michellestar/Documents/GitHub/hello-michelle-star.github.io/assets/css/main.scss 27:9  root stylesheet
DEPRECATION WARNING [import]: Sass @import rules are deprecated and will be removed in Dart Sass 3.0.0.

More info and automated migrator: https://sass-lang.com/d/import

   ╷
28 │ @import 'about';
   │         ^^^^^^^
   ╵
    /Users/michellestar/Documents/GitHub/hello-michelle-star.github.io/assets/css/main.scss 28:9  root stylesheet
DEPRECATION WARNING [import]: Sass @import rules are deprecated and will be removed in Dart Sass 3.0.0.

More info and automated migrator: https://sass-lang.com/d/import

  ╷
2 │ @import "base",
  │         ^^^^^^
  ╵
    _-sections-dir.scss 2:9                                                                       @import
    /Users/michellestar/Documents/GitHub/hello-michelle-star.github.io/assets/css/main.scss 27:9  root stylesheet
DEPRECATION WARNING [import]: Sass @import rules are deprecated and will be removed in Dart Sass 3.0.0.

More info and automated migrator: https://sass-lang.com/d/import

  ╷
3 │         "code",
  │         ^^^^^^
  ╵
    _-sections-dir.scss 3:9                                                                       @import
    /Users/michellestar/Documents/GitHub/hello-michelle-star.github.io/assets/css/main.scss 27:9  root stylesheet
DEPRECATION WARNING [import]: Sass @import rules are deprecated and will be removed in Dart Sass 3.0.0.

More info and automated migrator: https://sass-lang.com/d/import

  ╷
4 │         "default",
  │         ^^^^^^^^^
  ╵
    _-sections-dir.scss 4:9                                                                       @import
    /Users/michellestar/Documents/GitHub/hello-michelle-star.github.io/assets/css/main.scss 27:9  root stylesheet
WARNING: 7 repetitive deprecation warnings omitted.
Run in verbose mode to see all warnings.
                    ...done in 0.062914 seconds.
                    
      Regenerating: 1 file(s) changed at 2026-04-28 12:33:06
                    assets/img/chi/beach_cropped.png
       Jekyll Feed: Generating feed for posts
DEPRECATION WARNING [import]: Sass @import rules are deprecated and will be removed in Dart Sass 3.0.0.

More info and automated migrator: https://sass-lang.com/d/import

   ╷
27 │ @import "-sections-dir";
   │         ^^^^^^^^^^^^^^^
   ╵
    /Users/michellestar/Documents/GitHub/hello-michelle-star.github.io/assets/css/main.scss 27:9  root stylesheet
DEPRECATION WARNING [import]: Sass @import rules are deprecated and will be removed in Dart Sass 3.0.0.

More info and automated migrator: https://sass-lang.com/d/import

   ╷
28 │ @import 'about';
   │         ^^^^^^^
   ╵
    /Users/michellestar/Documents/GitHub/hello-michelle-star.github.io/assets/css/main.scss 28:9  root stylesheet
DEPRECATION WARNING [import]: Sass @import rules are deprecated and will be removed in Dart Sass 3.0.0.

More info and automated migrator: https://sass-lang.com/d/import

  ╷
2 │ @import "base",
  │         ^^^^^^
  ╵
    _-sections-dir.scss 2:9                                                                       @import
    /Users/michellestar/Documents/GitHub/hello-michelle-star.github.io/assets/css/main.scss 27:9  root stylesheet
DEPRECATION WARNING [import]: Sass @import rules are deprecated and will be removed in Dart Sass 3.0.0.

More info and automated migrator: https://sass-lang.com/d/import

  ╷
3 │         "code",
  │         ^^^^^^
  ╵
    _-sections-dir.scss 3:9                                                                       @import
    /Users/michellestar/Documents/GitHub/hello-michelle-star.github.io/assets/css/main.scss 27:9  root stylesheet
DEPRECATION WARNING [import]: Sass @import rules are deprecated and will be removed in Dart Sass 3.0.0.

More info and automated migrator: https://sass-lang.com/d/import

  ╷
4 │         "default",
  │         ^^^^^^^^^
  ╵
    _-sections-dir.scss 4:9                                                                       @import
    /Users/michellestar/Documents/GitHub/hello-michelle-star.github.io/assets/css/main.scss 27:9  root stylesheet
WARNING: 7 repetitive deprecation warnings omitted.
Run in verbose mode to see all warnings.
                    ...done in 0.049095 seconds.
                    
      Regenerating: 1 file(s) changed at 2026-04-28 12:33:07
                    assets/img/chi/beach_cropped.png
       Jekyll Feed: Generating feed for posts
DEPRECATION WARNING [import]: Sass @import rules are deprecated and will be removed in Dart Sass 3.0.0.

More info and automated migrator: https://sass-lang.com/d/import

   ╷
27 │ @import "-sections-dir";
   │         ^^^^^^^^^^^^^^^
   ╵
    /Users/michellestar/Documents/GitHub/hello-michelle-star.github.io/assets/css/main.scss 27:9  root stylesheet
DEPRECATION WARNING [import]: Sass @import rules are deprecated and will be removed in Dart Sass 3.0.0.

More info and automated migrator: https://sass-lang.com/d/import

   ╷
28 │ @import 'about';
   │         ^^^^^^^
   ╵
    /Users/michellestar/Documents/GitHub/hello-michelle-star.github.io/assets/css/main.scss 28:9  root stylesheet
DEPRECATION WARNING [import]: Sass @import rules are deprecated and will be removed in Dart Sass 3.0.0.

More info and automated migrator: https://sass-lang.com/d/import

  ╷
2 │ @import "base",
  │         ^^^^^^
  ╵
    _-sections-dir.scss 2:9                                                                       @import
    /Users/michellestar/Documents/GitHub/hello-michelle-star.github.io/assets/css/main.scss 27:9  root stylesheet
DEPRECATION WARNING [import]: Sass @import rules are deprecated and will be removed in Dart Sass 3.0.0.

More info and automated migrator: https://sass-lang.com/d/import

  ╷
3 │         "code",
  │         ^^^^^^
  ╵
    _-sections-dir.scss 3:9                                                                       @import
    /Users/michellestar/Documents/GitHub/hello-michelle-star.github.io/assets/css/main.scss 27:9  root stylesheet
DEPRECATION WARNING [import]: Sass @import rules are deprecated and will be removed in Dart Sass 3.0.0.

More info and automated migrator: https://sass-lang.com/d/import

  ╷
4 │         "default",
  │         ^^^^^^^^^
  ╵
    _-sections-dir.scss 4:9                                                                       @import
    /Users/michellestar/Documents/GitHub/hello-michelle-star.github.io/assets/css/main.scss 27:9  root stylesheet
WARNING: 7 repetitive deprecation warnings omitted.
Run in verbose mode to see all warnings.
                    ...done in 0.063341 seconds.
                    
      Regenerating: 1 file(s) changed at 2026-04-28 12:33:41
                    _posts/2026-04-18-chi.md
       Jekyll Feed: Generating feed for posts
DEPRECATION WARNING [import]: Sass @import rules are deprecated and will be removed in Dart Sass 3.0.0.

More info and automated migrator: https://sass-lang.com/d/import

   ╷
27 │ @import "-sections-dir";
   │         ^^^^^^^^^^^^^^^
   ╵
    /Users/michellestar/Documents/GitHub/hello-michelle-star.github.io/assets/css/main.scss 27:9  root stylesheet
DEPRECATION WARNING [import]: Sass @import rules are deprecated and will be removed in Dart Sass 3.0.0.

More info and automated migrator: https://sass-lang.com/d/import

   ╷
28 │ @import 'about';
   │         ^^^^^^^
   ╵
    /Users/michellestar/Documents/GitHub/hello-michelle-star.github.io/assets/css/main.scss 28:9  root stylesheet
DEPRECATION WARNING [import]: Sass @import rules are deprecated and will be removed in Dart Sass 3.0.0.

More info and automated migrator: https://sass-lang.com/d/import

  ╷
2 │ @import "base",
  │         ^^^^^^
  ╵
    _-sections-dir.scss 2:9                                                                       @import
    /Users/michellestar/Documents/GitHub/hello-michelle-star.github.io/assets/css/main.scss 27:9  root stylesheet
DEPRECATION WARNING [import]: Sass @import rules are deprecated and will be removed in Dart Sass 3.0.0.

More info and automated migrator: https://sass-lang.com/d/import

  ╷
3 │         "code",
  │         ^^^^^^
  ╵
    _-sections-dir.scss 3:9                                                                       @import
    /Users/michellestar/Documents/GitHub/hello-michelle-star.github.io/assets/css/main.scss 27:9  root stylesheet
DEPRECATION WARNING [import]: Sass @import rules are deprecated and will be removed in Dart Sass 3.0.0.

More info and automated migrator: https://sass-lang.com/d/import

  ╷
4 │         "default",
  │         ^^^^^^^^^
  ╵
    _-sections-dir.scss 4:9                                                                       @import
    /Users/michellestar/Documents/GitHub/hello-michelle-star.github.io/assets/css/main.scss 27:9  root stylesheet
WARNING: 7 repetitive deprecation warnings omitted.
Run in verbose mode to see all warnings.
                    ...done in 0.107509 seconds.
                    
[2026-04-28 12:33:41] ERROR Errno::ECONNRESET: Connection reset by peer @ io_fillbuf - fd:23 
	/Users/michellestar/Documents/GitHub/hello-michelle-star.github.io/vendor/bundle/ruby/3.4.0/gems/webrick-1.9.1/lib/webrick/httpserver.rb:82:in 'IO#eof?'
	/Users/michellestar/Documents/GitHub/hello-michelle-star.github.io/vendor/bundle/ruby/3.4.0/gems/webrick-1.9.1/lib/webrick/httpserver.rb:82:in 'WEBrick::HTTPServer#run'
	/Users/michellestar/Documents/GitHub/hello-michelle-star.github.io/vendor/bundle/ruby/3.4.0/gems/webrick-1.9.1/lib/webrick/server.rb:310:in 'block in WEBrick::GenericServer#start_thread'
      Regenerating: 1 file(s) changed at 2026-04-28 12:34:23
                    _posts/2026-04-18-chi.md
       Jekyll Feed: Generating feed for posts
DEPRECATION WARNING [import]: Sass @import rules are deprecated and will be removed in Dart Sass 3.0.0.

More info and automated migrator: https://sass-lang.com/d/import

   ╷
27 │ @import "-sections-dir";
   │         ^^^^^^^^^^^^^^^
   ╵
    /Users/michellestar/Documents/GitHub/hello-michelle-star.github.io/assets/css/main.scss 27:9  root stylesheet
DEPRECATION WARNING [import]: Sass @import rules are deprecated and will be removed in Dart Sass 3.0.0.

More info and automated migrator: https://sass-lang.com/d/import

   ╷
28 │ @import 'about';
   │         ^^^^^^^
   ╵
    /Users/michellestar/Documents/GitHub/hello-michelle-star.github.io/assets/css/main.scss 28:9  root stylesheet
DEPRECATION WARNING [import]: Sass @import rules are deprecated and will be removed in Dart Sass 3.0.0.

More info and automated migrator: https://sass-lang.com/d/import

  ╷
2 │ @import "base",
  │         ^^^^^^
  ╵
    _-sections-dir.scss 2:9                                                                       @import
    /Users/michellestar/Documents/GitHub/hello-michelle-star.github.io/assets/css/main.scss 27:9  root stylesheet
DEPRECATION WARNING [import]: Sass @import rules are deprecated and will be removed in Dart Sass 3.0.0.

More info and automated migrator: https://sass-lang.com/d/import

  ╷
3 │         "code",
  │         ^^^^^^
  ╵
    _-sections-dir.scss 3:9                                                                       @import
    /Users/michellestar/Documents/GitHub/hello-michelle-star.github.io/assets/css/main.scss 27:9  root stylesheet
DEPRECATION WARNING [import]: Sass @import rules are deprecated and will be removed in Dart Sass 3.0.0.

More info and automated migrator: https://sass-lang.com/d/import

  ╷
4 │         "default",
  │         ^^^^^^^^^
  ╵
    _-sections-dir.scss 4:9                                                                       @import
    /Users/michellestar/Documents/GitHub/hello-michelle-star.github.io/assets/css/main.scss 27:9  root stylesheet
WARNING: 7 repetitive deprecation warnings omitted.
Run in verbose mode to see all warnings.
                    ...done in 0.105926 seconds.
                    
      Regenerating: 1 file(s) changed at 2026-04-28 12:35:37
                    assets/img/chi/opening.png
       Jekyll Feed: Generating feed for posts
DEPRECATION WARNING [import]: Sass @import rules are deprecated and will be removed in Dart Sass 3.0.0.

More info and automated migrator: https://sass-lang.com/d/import

   ╷
27 │ @import "-sections-dir";
   │         ^^^^^^^^^^^^^^^
   ╵
    /Users/michellestar/Documents/GitHub/hello-michelle-star.github.io/assets/css/main.scss 27:9  root stylesheet
DEPRECATION WARNING [import]: Sass @import rules are deprecated and will be removed in Dart Sass 3.0.0.

More info and automated migrator: https://sass-lang.com/d/import

   ╷
28 │ @import 'about';
   │         ^^^^^^^
   ╵
    /Users/michellestar/Documents/GitHub/hello-michelle-star.github.io/assets/css/main.scss 28:9  root stylesheet
DEPRECATION WARNING [import]: Sass @import rules are deprecated and will be removed in Dart Sass 3.0.0.

More info and automated migrator: https://sass-lang.com/d/import

  ╷
2 │ @import "base",
  │         ^^^^^^
  ╵
    _-sections-dir.scss 2:9                                                                       @import
    /Users/michellestar/Documents/GitHub/hello-michelle-star.github.io/assets/css/main.scss 27:9  root stylesheet
DEPRECATION WARNING [import]: Sass @import rules are deprecated and will be removed in Dart Sass 3.0.0.

More info and automated migrator: https://sass-lang.com/d/import

  ╷
3 │         "code",
  │         ^^^^^^
  ╵
    _-sections-dir.scss 3:9                                                                       @import
    /Users/michellestar/Documents/GitHub/hello-michelle-star.github.io/assets/css/main.scss 27:9  root stylesheet
DEPRECATION WARNING [import]: Sass @import rules are deprecated and will be removed in Dart Sass 3.0.0.

More info and automated migrator: https://sass-lang.com/d/import

  ╷
4 │         "default",
  │         ^^^^^^^^^
  ╵
    _-sections-dir.scss 4:9                                                                       @import
    /Users/michellestar/Documents/GitHub/hello-michelle-star.github.io/assets/css/main.scss 27:9  root stylesheet
WARNING: 7 repetitive deprecation warnings omitted.
Run in verbose mode to see all warnings.
                    ...done in 0.170582 seconds.
                    
      Regenerating: 1 file(s) changed at 2026-04-28 12:35:59
                    assets/img/chi/opening_cropped.png
       Jekyll Feed: Generating feed for posts
DEPRECATION WARNING [import]: Sass @import rules are deprecated and will be removed in Dart Sass 3.0.0.

More info and automated migrator: https://sass-lang.com/d/import

   ╷
27 │ @import "-sections-dir";
   │         ^^^^^^^^^^^^^^^
   ╵
    /Users/michellestar/Documents/GitHub/hello-michelle-star.github.io/assets/css/main.scss 27:9  root stylesheet
DEPRECATION WARNING [import]: Sass @import rules are deprecated and will be removed in Dart Sass 3.0.0.

More info and automated migrator: https://sass-lang.com/d/import

   ╷
28 │ @import 'about';
   │         ^^^^^^^
   ╵
    /Users/michellestar/Documents/GitHub/hello-michelle-star.github.io/assets/css/main.scss 28:9  root stylesheet
DEPRECATION WARNING [import]: Sass @import rules are deprecated and will be removed in Dart Sass 3.0.0.

More info and automated migrator: https://sass-lang.com/d/import

  ╷
2 │ @import "base",
  │         ^^^^^^
  ╵
    _-sections-dir.scss 2:9                                                                       @import
    /Users/michellestar/Documents/GitHub/hello-michelle-star.github.io/assets/css/main.scss 27:9  root stylesheet
DEPRECATION WARNING [import]: Sass @import rules are deprecated and will be removed in Dart Sass 3.0.0.

More info and automated migrator: https://sass-lang.com/d/import

  ╷
3 │         "code",
  │         ^^^^^^
  ╵
    _-sections-dir.scss 3:9                                                                       @import
    /Users/michellestar/Documents/GitHub/hello-michelle-star.github.io/assets/css/main.scss 27:9  root stylesheet
DEPRECATION WARNING [import]: Sass @import rules are deprecated and will be removed in Dart Sass 3.0.0.

More info and automated migrator: https://sass-lang.com/d/import

  ╷
4 │         "default",
  │         ^^^^^^^^^
  ╵
    _-sections-dir.scss 4:9                                                                       @import
    /Users/michellestar/Documents/GitHub/hello-michelle-star.github.io/assets/css/main.scss 27:9  root stylesheet
WARNING: 7 repetitive deprecation warnings omitted.
Run in verbose mode to see all warnings.
                    ...done in 0.076708 seconds.
                    
      Regenerating: 1 file(s) changed at 2026-04-28 12:36:04
                    assets/img/chi/beach_cropped.png
       Jekyll Feed: Generating feed for posts
DEPRECATION WARNING [import]: Sass @import rules are deprecated and will be removed in Dart Sass 3.0.0.

More info and automated migrator: https://sass-lang.com/d/import

   ╷
27 │ @import "-sections-dir";
   │         ^^^^^^^^^^^^^^^
   ╵
    /Users/michellestar/Documents/GitHub/hello-michelle-star.github.io/assets/css/main.scss 27:9  root stylesheet
DEPRECATION WARNING [import]: Sass @import rules are deprecated and will be removed in Dart Sass 3.0.0.

More info and automated migrator: https://sass-lang.com/d/import

   ╷
28 │ @import 'about';
   │         ^^^^^^^
   ╵
    /Users/michellestar/Documents/GitHub/hello-michelle-star.github.io/assets/css/main.scss 28:9  root stylesheet
DEPRECATION WARNING [import]: Sass @import rules are deprecated and will be removed in Dart Sass 3.0.0.

More info and automated migrator: https://sass-lang.com/d/import

  ╷
2 │ @import "base",
  │         ^^^^^^
  ╵
    _-sections-dir.scss 2:9                                                                       @import
    /Users/michellestar/Documents/GitHub/hello-michelle-star.github.io/assets/css/main.scss 27:9  root stylesheet
DEPRECATION WARNING [import]: Sass @import rules are deprecated and will be removed in Dart Sass 3.0.0.

More info and automated migrator: https://sass-lang.com/d/import

  ╷
3 │         "code",
  │         ^^^^^^
  ╵
    _-sections-dir.scss 3:9                                                                       @import
    /Users/michellestar/Documents/GitHub/hello-michelle-star.github.io/assets/css/main.scss 27:9  root stylesheet
DEPRECATION WARNING [import]: Sass @import rules are deprecated and will be removed in Dart Sass 3.0.0.

More info and automated migrator: https://sass-lang.com/d/import

  ╷
4 │         "default",
  │         ^^^^^^^^^
  ╵
    _-sections-dir.scss 4:9                                                                       @import
    /Users/michellestar/Documents/GitHub/hello-michelle-star.github.io/assets/css/main.scss 27:9  root stylesheet
WARNING: 7 repetitive deprecation warnings omitted.
Run in verbose mode to see all warnings.
                    ...done in 0.042363 seconds.
                    
      Regenerating: 1 file(s) changed at 2026-04-28 12:37:50
                    assets/img/chi/opening.png
       Jekyll Feed: Generating feed for posts
DEPRECATION WARNING [import]: Sass @import rules are deprecated and will be removed in Dart Sass 3.0.0.

More info and automated migrator: https://sass-lang.com/d/import

   ╷
27 │ @import "-sections-dir";
   │         ^^^^^^^^^^^^^^^
   ╵
    /Users/michellestar/Documents/GitHub/hello-michelle-star.github.io/assets/css/main.scss 27:9  root stylesheet
DEPRECATION WARNING [import]: Sass @import rules are deprecated and will be removed in Dart Sass 3.0.0.

More info and automated migrator: https://sass-lang.com/d/import

   ╷
28 │ @import 'about';
   │         ^^^^^^^
   ╵
    /Users/michellestar/Documents/GitHub/hello-michelle-star.github.io/assets/css/main.scss 28:9  root stylesheet
DEPRECATION WARNING [import]: Sass @import rules are deprecated and will be removed in Dart Sass 3.0.0.

More info and automated migrator: https://sass-lang.com/d/import

  ╷
2 │ @import "base",
  │         ^^^^^^
  ╵
    _-sections-dir.scss 2:9                                                                       @import
    /Users/michellestar/Documents/GitHub/hello-michelle-star.github.io/assets/css/main.scss 27:9  root stylesheet
DEPRECATION WARNING [import]: Sass @import rules are deprecated and will be removed in Dart Sass 3.0.0.

More info and automated migrator: https://sass-lang.com/d/import

  ╷
3 │         "code",
  │         ^^^^^^
  ╵
    _-sections-dir.scss 3:9                                                                       @import
    /Users/michellestar/Documents/GitHub/hello-michelle-star.github.io/assets/css/main.scss 27:9  root stylesheet
DEPRECATION WARNING [import]: Sass @import rules are deprecated and will be removed in Dart Sass 3.0.0.

More info and automated migrator: https://sass-lang.com/d/import

  ╷
4 │         "default",
  │         ^^^^^^^^^
  ╵
    _-sections-dir.scss 4:9                                                                       @import
    /Users/michellestar/Documents/GitHub/hello-michelle-star.github.io/assets/css/main.scss 27:9  root stylesheet
WARNING: 7 repetitive deprecation warnings omitted.
Run in verbose mode to see all warnings.
                    ...done in 0.128254 seconds.
                    
      Regenerating: 1 file(s) changed at 2026-04-28 12:38:48
                    _posts/2026-04-18-chi.md
       Jekyll Feed: Generating feed for posts
DEPRECATION WARNING [import]: Sass @import rules are deprecated and will be removed in Dart Sass 3.0.0.

More info and automated migrator: https://sass-lang.com/d/import

   ╷
27 │ @import "-sections-dir";
   │         ^^^^^^^^^^^^^^^
   ╵
    /Users/michellestar/Documents/GitHub/hello-michelle-star.github.io/assets/css/main.scss 27:9  root stylesheet
DEPRECATION WARNING [import]: Sass @import rules are deprecated and will be removed in Dart Sass 3.0.0.

More info and automated migrator: https://sass-lang.com/d/import

   ╷
28 │ @import 'about';
   │         ^^^^^^^
   ╵
    /Users/michellestar/Documents/GitHub/hello-michelle-star.github.io/assets/css/main.scss 28:9  root stylesheet
DEPRECATION WARNING [import]: Sass @import rules are deprecated and will be removed in Dart Sass 3.0.0.

More info and automated migrator: https://sass-lang.com/d/import

  ╷
2 │ @import "base",
  │         ^^^^^^
  ╵
    _-sections-dir.scss 2:9                                                                       @import
    /Users/michellestar/Documents/GitHub/hello-michelle-star.github.io/assets/css/main.scss 27:9  root stylesheet
DEPRECATION WARNING [import]: Sass @import rules are deprecated and will be removed in Dart Sass 3.0.0.

More info and automated migrator: https://sass-lang.com/d/import

  ╷
3 │         "code",
  │         ^^^^^^
  ╵
    _-sections-dir.scss 3:9                                                                       @import
    /Users/michellestar/Documents/GitHub/hello-michelle-star.github.io/assets/css/main.scss 27:9  root stylesheet
DEPRECATION WARNING [import]: Sass @import rules are deprecated and will be removed in Dart Sass 3.0.0.

More info and automated migrator: https://sass-lang.com/d/import

  ╷
4 │         "default",
  │         ^^^^^^^^^
  ╵
    _-sections-dir.scss 4:9                                                                       @import
    /Users/michellestar/Documents/GitHub/hello-michelle-star.github.io/assets/css/main.scss 27:9  root stylesheet
WARNING: 7 repetitive deprecation warnings omitted.
Run in verbose mode to see all warnings.
                    ...done in 0.130868 seconds.
                    
      Regenerating: 1 file(s) changed at 2026-04-28 12:38:50
                    _posts/2026-04-18-chi.md
       Jekyll Feed: Generating feed for posts
DEPRECATION WARNING [import]: Sass @import rules are deprecated and will be removed in Dart Sass 3.0.0.

More info and automated migrator: https://sass-lang.com/d/import

   ╷
27 │ @import "-sections-dir";
   │         ^^^^^^^^^^^^^^^
   ╵
    /Users/michellestar/Documents/GitHub/hello-michelle-star.github.io/assets/css/main.scss 27:9  root stylesheet
DEPRECATION WARNING [import]: Sass @import rules are deprecated and will be removed in Dart Sass 3.0.0.

More info and automated migrator: https://sass-lang.com/d/import

   ╷
28 │ @import 'about';
   │         ^^^^^^^
   ╵
    /Users/michellestar/Documents/GitHub/hello-michelle-star.github.io/assets/css/main.scss 28:9  root stylesheet
DEPRECATION WARNING [import]: Sass @import rules are deprecated and will be removed in Dart Sass 3.0.0.

More info and automated migrator: https://sass-lang.com/d/import

  ╷
2 │ @import "base",
  │         ^^^^^^
  ╵
    _-sections-dir.scss 2:9                                                                       @import
    /Users/michellestar/Documents/GitHub/hello-michelle-star.github.io/assets/css/main.scss 27:9  root stylesheet
DEPRECATION WARNING [import]: Sass @import rules are deprecated and will be removed in Dart Sass 3.0.0.

More info and automated migrator: https://sass-lang.com/d/import

  ╷
3 │         "code",
  │         ^^^^^^
  ╵
    _-sections-dir.scss 3:9                                                                       @import
    /Users/michellestar/Documents/GitHub/hello-michelle-star.github.io/assets/css/main.scss 27:9  root stylesheet
DEPRECATION WARNING [import]: Sass @import rules are deprecated and will be removed in Dart Sass 3.0.0.

More info and automated migrator: https://sass-lang.com/d/import

  ╷
4 │         "default",
  │         ^^^^^^^^^
  ╵
    _-sections-dir.scss 4:9                                                                       @import
    /Users/michellestar/Documents/GitHub/hello-michelle-star.github.io/assets/css/main.scss 27:9  root stylesheet
WARNING: 7 repetitive deprecation warnings omitted.
Run in verbose mode to see all warnings.
                    ...done in 0.069318 seconds.
                    
      Regenerating: 1 file(s) changed at 2026-04-28 12:38:53
                    _posts/2026-04-18-chi.md
       Jekyll Feed: Generating feed for posts
DEPRECATION WARNING [import]: Sass @import rules are deprecated and will be removed in Dart Sass 3.0.0.

More info and automated migrator: https://sass-lang.com/d/import

   ╷
27 │ @import "-sections-dir";
   │         ^^^^^^^^^^^^^^^
   ╵
    /Users/michellestar/Documents/GitHub/hello-michelle-star.github.io/assets/css/main.scss 27:9  root stylesheet
DEPRECATION WARNING [import]: Sass @import rules are deprecated and will be removed in Dart Sass 3.0.0.

More info and automated migrator: https://sass-lang.com/d/import

   ╷
28 │ @import 'about';
   │         ^^^^^^^
   ╵
    /Users/michellestar/Documents/GitHub/hello-michelle-star.github.io/assets/css/main.scss 28:9  root stylesheet
DEPRECATION WARNING [import]: Sass @import rules are deprecated and will be removed in Dart Sass 3.0.0.

More info and automated migrator: https://sass-lang.com/d/import

  ╷
2 │ @import "base",
  │         ^^^^^^
  ╵
    _-sections-dir.scss 2:9                                                                       @import
    /Users/michellestar/Documents/GitHub/hello-michelle-star.github.io/assets/css/main.scss 27:9  root stylesheet
DEPRECATION WARNING [import]: Sass @import rules are deprecated and will be removed in Dart Sass 3.0.0.

More info and automated migrator: https://sass-lang.com/d/import

  ╷
3 │         "code",
  │         ^^^^^^
  ╵
    _-sections-dir.scss 3:9                                                                       @import
    /Users/michellestar/Documents/GitHub/hello-michelle-star.github.io/assets/css/main.scss 27:9  root stylesheet
DEPRECATION WARNING [import]: Sass @import rules are deprecated and will be removed in Dart Sass 3.0.0.

More info and automated migrator: https://sass-lang.com/d/import

  ╷
4 │         "default",
  │         ^^^^^^^^^
  ╵
    _-sections-dir.scss 4:9                                                                       @import
    /Users/michellestar/Documents/GitHub/hello-michelle-star.github.io/assets/css/main.scss 27:9  root stylesheet
WARNING: 7 repetitive deprecation warnings omitted.
Run in verbose mode to see all warnings.
                    ...done in 0.065385 seconds.
                    
      Regenerating: 1 file(s) changed at 2026-04-28 12:38:58
                    _posts/2026-04-18-chi.md
       Jekyll Feed: Generating feed for posts
DEPRECATION WARNING [import]: Sass @import rules are deprecated and will be removed in Dart Sass 3.0.0.

More info and automated migrator: https://sass-lang.com/d/import

   ╷
27 │ @import "-sections-dir";
   │         ^^^^^^^^^^^^^^^
   ╵
    /Users/michellestar/Documents/GitHub/hello-michelle-star.github.io/assets/css/main.scss 27:9  root stylesheet
DEPRECATION WARNING [import]: Sass @import rules are deprecated and will be removed in Dart Sass 3.0.0.

More info and automated migrator: https://sass-lang.com/d/import

   ╷
28 │ @import 'about';
   │         ^^^^^^^
   ╵
    /Users/michellestar/Documents/GitHub/hello-michelle-star.github.io/assets/css/main.scss 28:9  root stylesheet
DEPRECATION WARNING [import]: Sass @import rules are deprecated and will be removed in Dart Sass 3.0.0.

More info and automated migrator: https://sass-lang.com/d/import

  ╷
2 │ @import "base",
  │         ^^^^^^
  ╵
    _-sections-dir.scss 2:9                                                                       @import
    /Users/michellestar/Documents/GitHub/hello-michelle-star.github.io/assets/css/main.scss 27:9  root stylesheet
DEPRECATION WARNING [import]: Sass @import rules are deprecated and will be removed in Dart Sass 3.0.0.

More info and automated migrator: https://sass-lang.com/d/import

  ╷
3 │         "code",
  │         ^^^^^^
  ╵
    _-sections-dir.scss 3:9                                                                       @import
    /Users/michellestar/Documents/GitHub/hello-michelle-star.github.io/assets/css/main.scss 27:9  root stylesheet
DEPRECATION WARNING [import]: Sass @import rules are deprecated and will be removed in Dart Sass 3.0.0.

More info and automated migrator: https://sass-lang.com/d/import

  ╷
4 │         "default",
  │         ^^^^^^^^^
  ╵
    _-sections-dir.scss 4:9                                                                       @import
    /Users/michellestar/Documents/GitHub/hello-michelle-star.github.io/assets/css/main.scss 27:9  root stylesheet
WARNING: 7 repetitive deprecation warnings omitted.
Run in verbose mode to see all warnings.
                    ...done in 0.065794 seconds.
                    
      Regenerating: 1 file(s) changed at 2026-04-28 12:41:41
                    _posts/2026-04-18-chi.md
       Jekyll Feed: Generating feed for posts
DEPRECATION WARNING [import]: Sass @import rules are deprecated and will be removed in Dart Sass 3.0.0.

More info and automated migrator: https://sass-lang.com/d/import

   ╷
27 │ @import "-sections-dir";
   │         ^^^^^^^^^^^^^^^
   ╵
    /Users/michellestar/Documents/GitHub/hello-michelle-star.github.io/assets/css/main.scss 27:9  root stylesheet
DEPRECATION WARNING [import]: Sass @import rules are deprecated and will be removed in Dart Sass 3.0.0.

More info and automated migrator: https://sass-lang.com/d/import

   ╷
28 │ @import 'about';
   │         ^^^^^^^
   ╵
    /Users/michellestar/Documents/GitHub/hello-michelle-star.github.io/assets/css/main.scss 28:9  root stylesheet
DEPRECATION WARNING [import]: Sass @import rules are deprecated and will be removed in Dart Sass 3.0.0.

More info and automated migrator: https://sass-lang.com/d/import

  ╷
2 │ @import "base",
  │         ^^^^^^
  ╵
    _-sections-dir.scss 2:9                                                                       @import
    /Users/michellestar/Documents/GitHub/hello-michelle-star.github.io/assets/css/main.scss 27:9  root stylesheet
DEPRECATION WARNING [import]: Sass @import rules are deprecated and will be removed in Dart Sass 3.0.0.

More info and automated migrator: https://sass-lang.com/d/import

  ╷
3 │         "code",
  │         ^^^^^^
  ╵
    _-sections-dir.scss 3:9                                                                       @import
    /Users/michellestar/Documents/GitHub/hello-michelle-star.github.io/assets/css/main.scss 27:9  root stylesheet
DEPRECATION WARNING [import]: Sass @import rules are deprecated and will be removed in Dart Sass 3.0.0.

More info and automated migrator: https://sass-lang.com/d/import

  ╷
4 │         "default",
  │         ^^^^^^^^^
  ╵
    _-sections-dir.scss 4:9                                                                       @import
    /Users/michellestar/Documents/GitHub/hello-michelle-star.github.io/assets/css/main.scss 27:9  root stylesheet
WARNING: 7 repetitive deprecation warnings omitted.
Run in verbose mode to see all warnings.
                    ...done in 0.115129 seconds.
                    
[2026-04-28 12:41:45] ERROR '/assets/pdf/star_michelle_chi_poster_A1.pdf' not found.
[2026-04-28 12:41:49] ERROR '/assets/pdf/star_michelle_chi_poster_A1.pdf' not found.
      Regenerating: 1 file(s) changed at 2026-04-28 12:41:52
                    _sass/_post.scss
       Jekyll Feed: Generating feed for posts
DEPRECATION WARNING [import]: Sass @import rules are deprecated and will be removed in Dart Sass 3.0.0.

More info and automated migrator: https://sass-lang.com/d/import

   ╷
27 │ @import "-sections-dir";
   │         ^^^^^^^^^^^^^^^
   ╵
    /Users/michellestar/Documents/GitHub/hello-michelle-star.github.io/assets/css/main.scss 27:9  root stylesheet
DEPRECATION WARNING [import]: Sass @import rules are deprecated and will be removed in Dart Sass 3.0.0.

More info and automated migrator: https://sass-lang.com/d/import

   ╷
28 │ @import 'about';
   │         ^^^^^^^
   ╵
    /Users/michellestar/Documents/GitHub/hello-michelle-star.github.io/assets/css/main.scss 28:9  root stylesheet
DEPRECATION WARNING [import]: Sass @import rules are deprecated and will be removed in Dart Sass 3.0.0.

More info and automated migrator: https://sass-lang.com/d/import

  ╷
2 │ @import "base",
  │         ^^^^^^
  ╵
    _-sections-dir.scss 2:9                                                                       @import
    /Users/michellestar/Documents/GitHub/hello-michelle-star.github.io/assets/css/main.scss 27:9  root stylesheet
DEPRECATION WARNING [import]: Sass @import rules are deprecated and will be removed in Dart Sass 3.0.0.

More info and automated migrator: https://sass-lang.com/d/import

  ╷
3 │         "code",
  │         ^^^^^^
  ╵
    _-sections-dir.scss 3:9                                                                       @import
    /Users/michellestar/Documents/GitHub/hello-michelle-star.github.io/assets/css/main.scss 27:9  root stylesheet
DEPRECATION WARNING [import]: Sass @import rules are deprecated and will be removed in Dart Sass 3.0.0.

More info and automated migrator: https://sass-lang.com/d/import

  ╷
4 │         "default",
  │         ^^^^^^^^^
  ╵
    _-sections-dir.scss 4:9                                                                       @import
    /Users/michellestar/Documents/GitHub/hello-michelle-star.github.io/assets/css/main.scss 27:9  root stylesheet
WARNING: 7 repetitive deprecation warnings omitted.
Run in verbose mode to see all warnings.
                    ...done in 0.096441 seconds.
                    
      Regenerating: 2 file(s) changed at 2026-04-28 12:42:11
                    assets/pdf/Star_Michelle_CHI_Poster_A1.pdf
                    assets/img/chi/Star_Michelle_CHI_Poster_A1.pdf
       Jekyll Feed: Generating feed for posts
DEPRECATION WARNING [import]: Sass @import rules are deprecated and will be removed in Dart Sass 3.0.0.

More info and automated migrator: https://sass-lang.com/d/import

   ╷
27 │ @import "-sections-dir";
   │         ^^^^^^^^^^^^^^^
   ╵
    /Users/michellestar/Documents/GitHub/hello-michelle-star.github.io/assets/css/main.scss 27:9  root stylesheet
DEPRECATION WARNING [import]: Sass @import rules are deprecated and will be removed in Dart Sass 3.0.0.

More info and automated migrator: https://sass-lang.com/d/import

   ╷
28 │ @import 'about';
   │         ^^^^^^^
   ╵
    /Users/michellestar/Documents/GitHub/hello-michelle-star.github.io/assets/css/main.scss 28:9  root stylesheet
DEPRECATION WARNING [import]: Sass @import rules are deprecated and will be removed in Dart Sass 3.0.0.

More info and automated migrator: https://sass-lang.com/d/import

  ╷
2 │ @import "base",
  │         ^^^^^^
  ╵
    _-sections-dir.scss 2:9                                                                       @import
    /Users/michellestar/Documents/GitHub/hello-michelle-star.github.io/assets/css/main.scss 27:9  root stylesheet
DEPRECATION WARNING [import]: Sass @import rules are deprecated and will be removed in Dart Sass 3.0.0.

More info and automated migrator: https://sass-lang.com/d/import

  ╷
3 │         "code",
  │         ^^^^^^
  ╵
    _-sections-dir.scss 3:9                                                                       @import
    /Users/michellestar/Documents/GitHub/hello-michelle-star.github.io/assets/css/main.scss 27:9  root stylesheet
DEPRECATION WARNING [import]: Sass @import rules are deprecated and will be removed in Dart Sass 3.0.0.

More info and automated migrator: https://sass-lang.com/d/import

  ╷
4 │         "default",
  │         ^^^^^^^^^
  ╵
    _-sections-dir.scss 4:9                                                                       @import
    /Users/michellestar/Documents/GitHub/hello-michelle-star.github.io/assets/css/main.scss 27:9  root stylesheet
WARNING: 7 repetitive deprecation warnings omitted.
Run in verbose mode to see all warnings.
                    ...done in 0.10572 seconds.
                    
      Regenerating: 1 file(s) changed at 2026-04-28 12:43:06
                    _sass/_post.scss
       Jekyll Feed: Generating feed for posts
DEPRECATION WARNING [import]: Sass @import rules are deprecated and will be removed in Dart Sass 3.0.0.

More info and automated migrator: https://sass-lang.com/d/import

   ╷
27 │ @import "-sections-dir";
   │         ^^^^^^^^^^^^^^^
   ╵
    /Users/michellestar/Documents/GitHub/hello-michelle-star.github.io/assets/css/main.scss 27:9  root stylesheet
DEPRECATION WARNING [import]: Sass @import rules are deprecated and will be removed in Dart Sass 3.0.0.

More info and automated migrator: https://sass-lang.com/d/import

   ╷
28 │ @import 'about';
   │         ^^^^^^^
   ╵
    /Users/michellestar/Documents/GitHub/hello-michelle-star.github.io/assets/css/main.scss 28:9  root stylesheet
DEPRECATION WARNING [import]: Sass @import rules are deprecated and will be removed in Dart Sass 3.0.0.

More info and automated migrator: https://sass-lang.com/d/import

  ╷
2 │ @import "base",
  │         ^^^^^^
  ╵
    _-sections-dir.scss 2:9                                                                       @import
    /Users/michellestar/Documents/GitHub/hello-michelle-star.github.io/assets/css/main.scss 27:9  root stylesheet
DEPRECATION WARNING [import]: Sass @import rules are deprecated and will be removed in Dart Sass 3.0.0.

More info and automated migrator: https://sass-lang.com/d/import

  ╷
3 │         "code",
  │         ^^^^^^
  ╵
    _-sections-dir.scss 3:9                                                                       @import
    /Users/michellestar/Documents/GitHub/hello-michelle-star.github.io/assets/css/main.scss 27:9  root stylesheet
DEPRECATION WARNING [import]: Sass @import rules are deprecated and will be removed in Dart Sass 3.0.0.

More info and automated migrator: https://sass-lang.com/d/import

  ╷
4 │         "default",
  │         ^^^^^^^^^
  ╵
    _-sections-dir.scss 4:9                                                                       @import
    /Users/michellestar/Documents/GitHub/hello-michelle-star.github.io/assets/css/main.scss 27:9  root stylesheet
WARNING: 7 repetitive deprecation warnings omitted.
Run in verbose mode to see all warnings.
                    ...done in 0.100708 seconds.
                    
      Regenerating: 1 file(s) changed at 2026-04-28 12:51:04
                    jekyll.log
       Jekyll Feed: Generating feed for posts
DEPRECATION WARNING [import]: Sass @import rules are deprecated and will be removed in Dart Sass 3.0.0.

More info and automated migrator: https://sass-lang.com/d/import

   ╷
27 │ @import "-sections-dir";
   │         ^^^^^^^^^^^^^^^
   ╵
    /Users/michellestar/Documents/GitHub/hello-michelle-star.github.io/assets/css/main.scss 27:9  root stylesheet
DEPRECATION WARNING [import]: Sass @import rules are deprecated and will be removed in Dart Sass 3.0.0.

More info and automated migrator: https://sass-lang.com/d/import

   ╷
28 │ @import 'about';
   │         ^^^^^^^
   ╵
    /Users/michellestar/Documents/GitHub/hello-michelle-star.github.io/assets/css/main.scss 28:9  root stylesheet
DEPRECATION WARNING [import]: Sass @import rules are deprecated and will be removed in Dart Sass 3.0.0.

More info and automated migrator: https://sass-lang.com/d/import

  ╷
2 │ @import "base",
  │         ^^^^^^
  ╵
    _-sections-dir.scss 2:9                                                                       @import
    /Users/michellestar/Documents/GitHub/hello-michelle-star.github.io/assets/css/main.scss 27:9  root stylesheet
DEPRECATION WARNING [import]: Sass @import rules are deprecated and will be removed in Dart Sass 3.0.0.

More info and automated migrator: https://sass-lang.com/d/import

  ╷
3 │         "code",
  │         ^^^^^^
  ╵
    _-sections-dir.scss 3:9                                                                       @import
    /Users/michellestar/Documents/GitHub/hello-michelle-star.github.io/assets/css/main.scss 27:9  root stylesheet
DEPRECATION WARNING [import]: Sass @import rules are deprecated and will be removed in Dart Sass 3.0.0.

More info and automated migrator: https://sass-lang.com/d/import

  ╷
4 │         "default",
  │         ^^^^^^^^^
  ╵
    _-sections-dir.scss 4:9                                                                       @import
    /Users/michellestar/Documents/GitHub/hello-michelle-star.github.io/assets/css/main.scss 27:9  root stylesheet
WARNING: 7 repetitive deprecation warnings omitted.
Run in verbose mode to see all warnings.
                    ...done in 0.104946 seconds.
                    
      Regenerating: 1 file(s) changed at 2026-04-28 12:51:09
                    jekyll.log
       Jekyll Feed: Generating feed for posts
DEPRECATION WARNING [import]: Sass @import rules are deprecated and will be removed in Dart Sass 3.0.0.

More info and automated migrator: https://sass-lang.com/d/import

   ╷
27 │ @import "-sections-dir";
   │         ^^^^^^^^^^^^^^^
   ╵
    /Users/michellestar/Documents/GitHub/hello-michelle-star.github.io/assets/css/main.scss 27:9  root stylesheet
DEPRECATION WARNING [import]: Sass @import rules are deprecated and will be removed in Dart Sass 3.0.0.

More info and automated migrator: https://sass-lang.com/d/import

   ╷
28 │ @import 'about';
   │         ^^^^^^^
   ╵
    /Users/michellestar/Documents/GitHub/hello-michelle-star.github.io/assets/css/main.scss 28:9  root stylesheet
DEPRECATION WARNING [import]: Sass @import rules are deprecated and will be removed in Dart Sass 3.0.0.

More info and automated migrator: https://sass-lang.com/d/import

  ╷
2 │ @import "base",
  │         ^^^^^^
  ╵
    _-sections-dir.scss 2:9                                                                       @import
    /Users/michellestar/Documents/GitHub/hello-michelle-star.github.io/assets/css/main.scss 27:9  root stylesheet
DEPRECATION WARNING [import]: Sass @import rules are deprecated and will be removed in Dart Sass 3.0.0.

More info and automated migrator: https://sass-lang.com/d/import

  ╷
3 │         "code",
  │         ^^^^^^
  ╵
    _-sections-dir.scss 3:9                                                                       @import
    /Users/michellestar/Documents/GitHub/hello-michelle-star.github.io/assets/css/main.scss 27:9  root stylesheet
DEPRECATION WARNING [import]: Sass @import rules are deprecated and will be removed in Dart Sass 3.0.0.

More info and automated migrator: https://sass-lang.com/d/import

  ╷
4 │         "default",
  │         ^^^^^^^^^
  ╵
    _-sections-dir.scss 4:9                                                                       @import
    /Users/michellestar/Documents/GitHub/hello-michelle-star.github.io/assets/css/main.scss 27:9  root stylesheet
WARNING: 7 repetitive deprecation warnings omitted.
Run in verbose mode to see all warnings.
                    ...done in 0.060909 seconds.
                    
      Regenerating: 1 file(s) changed at 2026-04-28 12:51:12
                    jekyll.log
       Jekyll Feed: Generating feed for posts
DEPRECATION WARNING [import]: Sass @import rules are deprecated and will be removed in Dart Sass 3.0.0.

More info and automated migrator: https://sass-lang.com/d/import

   ╷
27 │ @import "-sections-dir";
   │         ^^^^^^^^^^^^^^^
   ╵
    /Users/michellestar/Documents/GitHub/hello-michelle-star.github.io/assets/css/main.scss 27:9  root stylesheet
DEPRECATION WARNING [import]: Sass @import rules are deprecated and will be removed in Dart Sass 3.0.0.

More info and automated migrator: https://sass-lang.com/d/import

   ╷
28 │ @import 'about';
   │         ^^^^^^^
   ╵
    /Users/michellestar/Documents/GitHub/hello-michelle-star.github.io/assets/css/main.scss 28:9  root stylesheet
DEPRECATION WARNING [import]: Sass @import rules are deprecated and will be removed in Dart Sass 3.0.0.

More info and automated migrator: https://sass-lang.com/d/import

  ╷
2 │ @import "base",
  │         ^^^^^^
  ╵
    _-sections-dir.scss 2:9                                                                       @import
    /Users/michellestar/Documents/GitHub/hello-michelle-star.github.io/assets/css/main.scss 27:9  root stylesheet
DEPRECATION WARNING [import]: Sass @import rules are deprecated and will be removed in Dart Sass 3.0.0.

More info and automated migrator: https://sass-lang.com/d/import

  ╷
3 │         "code",
  │         ^^^^^^
  ╵
    _-sections-dir.scss 3:9                                                                       @import
    /Users/michellestar/Documents/GitHub/hello-michelle-star.github.io/assets/css/main.scss 27:9  root stylesheet
DEPRECATION WARNING [import]: Sass @import rules are deprecated and will be removed in Dart Sass 3.0.0.

More info and automated migrator: https://sass-lang.com/d/import

  ╷
4 │         "default",
  │         ^^^^^^^^^
  ╵
    _-sections-dir.scss 4:9                                                                       @import
    /Users/michellestar/Documents/GitHub/hello-michelle-star.github.io/assets/css/main.scss 27:9  root stylesheet
WARNING: 7 repetitive deprecation warnings omitted.
Run in verbose mode to see all warnings.
                    ...done in 0.033825 seconds.
                    
      Regenerating: 1 file(s) changed at 2026-04-28 12:51:59
                    pages/research.md
       Jekyll Feed: Generating feed for posts
DEPRECATION WARNING [import]: Sass @import rules are deprecated and will be removed in Dart Sass 3.0.0.

More info and automated migrator: https://sass-lang.com/d/import

   ╷
27 │ @import "-sections-dir";
   │         ^^^^^^^^^^^^^^^
   ╵
    /Users/michellestar/Documents/GitHub/hello-michelle-star.github.io/assets/css/main.scss 27:9  root stylesheet
DEPRECATION WARNING [import]: Sass @import rules are deprecated and will be removed in Dart Sass 3.0.0.

More info and automated migrator: https://sass-lang.com/d/import

   ╷
28 │ @import 'about';
   │         ^^^^^^^
   ╵
    /Users/michellestar/Documents/GitHub/hello-michelle-star.github.io/assets/css/main.scss 28:9  root stylesheet
DEPRECATION WARNING [import]: Sass @import rules are deprecated and will be removed in Dart Sass 3.0.0.

More info and automated migrator: https://sass-lang.com/d/import

  ╷
2 │ @import "base",
  │         ^^^^^^
  ╵
    _-sections-dir.scss 2:9                                                                       @import
    /Users/michellestar/Documents/GitHub/hello-michelle-star.github.io/assets/css/main.scss 27:9  root stylesheet
DEPRECATION WARNING [import]: Sass @import rules are deprecated and will be removed in Dart Sass 3.0.0.

More info and automated migrator: https://sass-lang.com/d/import

  ╷
3 │         "code",
  │         ^^^^^^
  ╵
    _-sections-dir.scss 3:9                                                                       @import
    /Users/michellestar/Documents/GitHub/hello-michelle-star.github.io/assets/css/main.scss 27:9  root stylesheet
DEPRECATION WARNING [import]: Sass @import rules are deprecated and will be removed in Dart Sass 3.0.0.

More info and automated migrator: https://sass-lang.com/d/import

  ╷
4 │         "default",
  │         ^^^^^^^^^
  ╵
    _-sections-dir.scss 4:9                                                                       @import
    /Users/michellestar/Documents/GitHub/hello-michelle-star.github.io/assets/css/main.scss 27:9  root stylesheet
WARNING: 7 repetitive deprecation warnings omitted.
Run in verbose mode to see all warnings.
                    ...done in 0.11032 seconds.
                    
[2026-04-28 12:51:59] ERROR Errno::ECONNRESET: Connection reset by peer @ io_fillbuf - fd:18 
	/Users/michellestar/Documents/GitHub/hello-michelle-star.github.io/vendor/bundle/ruby/3.4.0/gems/webrick-1.9.1/lib/webrick/httpserver.rb:82:in 'IO#eof?'
	/Users/michellestar/Documents/GitHub/hello-michelle-star.github.io/vendor/bundle/ruby/3.4.0/gems/webrick-1.9.1/lib/webrick/httpserver.rb:82:in 'WEBrick::HTTPServer#run'
	/Users/michellestar/Documents/GitHub/hello-michelle-star.github.io/vendor/bundle/ruby/3.4.0/gems/webrick-1.9.1/lib/webrick/server.rb:310:in 'block in WEBrick::GenericServer#start_thread'
      Regenerating: 1 file(s) changed at 2026-04-28 12:52:46
                    pages/research.md
       Jekyll Feed: Generating feed for posts
DEPRECATION WARNING [import]: Sass @import rules are deprecated and will be removed in Dart Sass 3.0.0.

More info and automated migrator: https://sass-lang.com/d/import

   ╷
27 │ @import "-sections-dir";
   │         ^^^^^^^^^^^^^^^
   ╵
    /Users/michellestar/Documents/GitHub/hello-michelle-star.github.io/assets/css/main.scss 27:9  root stylesheet
DEPRECATION WARNING [import]: Sass @import rules are deprecated and will be removed in Dart Sass 3.0.0.

More info and automated migrator: https://sass-lang.com/d/import

   ╷
28 │ @import 'about';
   │         ^^^^^^^
   ╵
    /Users/michellestar/Documents/GitHub/hello-michelle-star.github.io/assets/css/main.scss 28:9  root stylesheet
DEPRECATION WARNING [import]: Sass @import rules are deprecated and will be removed in Dart Sass 3.0.0.

More info and automated migrator: https://sass-lang.com/d/import

  ╷
2 │ @import "base",
  │         ^^^^^^
  ╵
    _-sections-dir.scss 2:9                                                                       @import
    /Users/michellestar/Documents/GitHub/hello-michelle-star.github.io/assets/css/main.scss 27:9  root stylesheet
DEPRECATION WARNING [import]: Sass @import rules are deprecated and will be removed in Dart Sass 3.0.0.

More info and automated migrator: https://sass-lang.com/d/import

  ╷
3 │         "code",
  │         ^^^^^^
  ╵
    _-sections-dir.scss 3:9                                                                       @import
    /Users/michellestar/Documents/GitHub/hello-michelle-star.github.io/assets/css/main.scss 27:9  root stylesheet
DEPRECATION WARNING [import]: Sass @import rules are deprecated and will be removed in Dart Sass 3.0.0.

More info and automated migrator: https://sass-lang.com/d/import

  ╷
4 │         "default",
  │         ^^^^^^^^^
  ╵
    _-sections-dir.scss 4:9                                                                       @import
    /Users/michellestar/Documents/GitHub/hello-michelle-star.github.io/assets/css/main.scss 27:9  root stylesheet
WARNING: 7 repetitive deprecation warnings omitted.
Run in verbose mode to see all warnings.
                    ...done in 0.099548 seconds.
                    
      Regenerating: 1 file(s) changed at 2026-04-28 12:53:44
                    jekyll.log
       Jekyll Feed: Generating feed for posts
DEPRECATION WARNING [import]: Sass @import rules are deprecated and will be removed in Dart Sass 3.0.0.

More info and automated migrator: https://sass-lang.com/d/import

   ╷
27 │ @import "-sections-dir";
   │         ^^^^^^^^^^^^^^^
   ╵
    /Users/michellestar/Documents/GitHub/hello-michelle-star.github.io/assets/css/main.scss 27:9  root stylesheet
DEPRECATION WARNING [import]: Sass @import rules are deprecated and will be removed in Dart Sass 3.0.0.

More info and automated migrator: https://sass-lang.com/d/import

   ╷
28 │ @import 'about';
   │         ^^^^^^^
   ╵
    /Users/michellestar/Documents/GitHub/hello-michelle-star.github.io/assets/css/main.scss 28:9  root stylesheet
DEPRECATION WARNING [import]: Sass @import rules are deprecated and will be removed in Dart Sass 3.0.0.

More info and automated migrator: https://sass-lang.com/d/import

  ╷
2 │ @import "base",
  │         ^^^^^^
  ╵
    _-sections-dir.scss 2:9                                                                       @import
    /Users/michellestar/Documents/GitHub/hello-michelle-star.github.io/assets/css/main.scss 27:9  root stylesheet
DEPRECATION WARNING [import]: Sass @import rules are deprecated and will be removed in Dart Sass 3.0.0.

More info and automated migrator: https://sass-lang.com/d/import

  ╷
3 │         "code",
  │         ^^^^^^
  ╵
    _-sections-dir.scss 3:9                                                                       @import
    /Users/michellestar/Documents/GitHub/hello-michelle-star.github.io/assets/css/main.scss 27:9  root stylesheet
DEPRECATION WARNING [import]: Sass @import rules are deprecated and will be removed in Dart Sass 3.0.0.

More info and automated migrator: https://sass-lang.com/d/import

  ╷
4 │         "default",
  │         ^^^^^^^^^
  ╵
    _-sections-dir.scss 4:9                                                                       @import
    /Users/michellestar/Documents/GitHub/hello-michelle-star.github.io/assets/css/main.scss 27:9  root stylesheet
WARNING: 7 repetitive deprecation warnings omitted.
Run in verbose mode to see all warnings.
                    ...done in 0.102608 seconds.
                    
[2026-04-28 12:53:44] ERROR Errno::ECONNRESET: Connection reset by peer @ io_fillbuf - fd:21 
	/Users/michellestar/Documents/GitHub/hello-michelle-star.github.io/vendor/bundle/ruby/3.4.0/gems/webrick-1.9.1/lib/webrick/httpserver.rb:82:in 'IO#eof?'
	/Users/michellestar/Documents/GitHub/hello-michelle-star.github.io/vendor/bundle/ruby/3.4.0/gems/webrick-1.9.1/lib/webrick/httpserver.rb:82:in 'WEBrick::HTTPServer#run'
	/Users/michellestar/Documents/GitHub/hello-michelle-star.github.io/vendor/bundle/ruby/3.4.0/gems/webrick-1.9.1/lib/webrick/server.rb:310:in 'block in WEBrick::GenericServer#start_thread'
      Regenerating: 1 file(s) changed at 2026-04-28 12:53:45
                    jekyll.log
       Jekyll Feed: Generating feed for posts
DEPRECATION WARNING [import]: Sass @import rules are deprecated and will be removed in Dart Sass 3.0.0.

More info and automated migrator: https://sass-lang.com/d/import

   ╷
27 │ @import "-sections-dir";
   │         ^^^^^^^^^^^^^^^
   ╵
    /Users/michellestar/Documents/GitHub/hello-michelle-star.github.io/assets/css/main.scss 27:9  root stylesheet
DEPRECATION WARNING [import]: Sass @import rules are deprecated and will be removed in Dart Sass 3.0.0.

More info and automated migrator: https://sass-lang.com/d/import

   ╷
28 │ @import 'about';
   │         ^^^^^^^
   ╵
    /Users/michellestar/Documents/GitHub/hello-michelle-star.github.io/assets/css/main.scss 28:9  root stylesheet
DEPRECATION WARNING [import]: Sass @import rules are deprecated and will be removed in Dart Sass 3.0.0.

More info and automated migrator: https://sass-lang.com/d/import

  ╷
2 │ @import "base",
  │         ^^^^^^
  ╵
    _-sections-dir.scss 2:9                                                                       @import
    /Users/michellestar/Documents/GitHub/hello-michelle-star.github.io/assets/css/main.scss 27:9  root stylesheet
DEPRECATION WARNING [import]: Sass @import rules are deprecated and will be removed in Dart Sass 3.0.0.

More info and automated migrator: https://sass-lang.com/d/import

  ╷
3 │         "code",
  │         ^^^^^^
  ╵
    _-sections-dir.scss 3:9                                                                       @import
    /Users/michellestar/Documents/GitHub/hello-michelle-star.github.io/assets/css/main.scss 27:9  root stylesheet
DEPRECATION WARNING [import]: Sass @import rules are deprecated and will be removed in Dart Sass 3.0.0.

More info and automated migrator: https://sass-lang.com/d/import

  ╷
4 │         "default",
  │         ^^^^^^^^^
  ╵
    _-sections-dir.scss 4:9                                                                       @import
    /Users/michellestar/Documents/GitHub/hello-michelle-star.github.io/assets/css/main.scss 27:9  root stylesheet
WARNING: 7 repetitive deprecation warnings omitted.
Run in verbose mode to see all warnings.
                    ...done in 0.0471 seconds.
                    
[2026-04-28 12:53:46] ERROR Errno::ECONNRESET: Connection reset by peer @ io_fillbuf - fd:10 
	/Users/michellestar/Documents/GitHub/hello-michelle-star.github.io/vendor/bundle/ruby/3.4.0/gems/webrick-1.9.1/lib/webrick/httpserver.rb:82:in 'IO#eof?'
	/Users/michellestar/Documents/GitHub/hello-michelle-star.github.io/vendor/bundle/ruby/3.4.0/gems/webrick-1.9.1/lib/webrick/httpserver.rb:82:in 'WEBrick::HTTPServer#run'
	/Users/michellestar/Documents/GitHub/hello-michelle-star.github.io/vendor/bundle/ruby/3.4.0/gems/webrick-1.9.1/lib/webrick/server.rb:310:in 'block in WEBrick::GenericServer#start_thread'
      Regenerating: 1 file(s) changed at 2026-04-28 12:57:45
                    _posts/2026-04-18-chi.md
       Jekyll Feed: Generating feed for posts
DEPRECATION WARNING [import]: Sass @import rules are deprecated and will be removed in Dart Sass 3.0.0.

More info and automated migrator: https://sass-lang.com/d/import

   ╷
27 │ @import "-sections-dir";
   │         ^^^^^^^^^^^^^^^
   ╵
    /Users/michellestar/Documents/GitHub/hello-michelle-star.github.io/assets/css/main.scss 27:9  root stylesheet
DEPRECATION WARNING [import]: Sass @import rules are deprecated and will be removed in Dart Sass 3.0.0.

More info and automated migrator: https://sass-lang.com/d/import

   ╷
28 │ @import 'about';
   │         ^^^^^^^
   ╵
    /Users/michellestar/Documents/GitHub/hello-michelle-star.github.io/assets/css/main.scss 28:9  root stylesheet
DEPRECATION WARNING [import]: Sass @import rules are deprecated and will be removed in Dart Sass 3.0.0.

More info and automated migrator: https://sass-lang.com/d/import

  ╷
2 │ @import "base",
  │         ^^^^^^
  ╵
    _-sections-dir.scss 2:9                                                                       @import
    /Users/michellestar/Documents/GitHub/hello-michelle-star.github.io/assets/css/main.scss 27:9  root stylesheet
DEPRECATION WARNING [import]: Sass @import rules are deprecated and will be removed in Dart Sass 3.0.0.

More info and automated migrator: https://sass-lang.com/d/import

  ╷
3 │         "code",
  │         ^^^^^^
  ╵
    _-sections-dir.scss 3:9                                                                       @import
    /Users/michellestar/Documents/GitHub/hello-michelle-star.github.io/assets/css/main.scss 27:9  root stylesheet
DEPRECATION WARNING [import]: Sass @import rules are deprecated and will be removed in Dart Sass 3.0.0.

More info and automated migrator: https://sass-lang.com/d/import

  ╷
4 │         "default",
  │         ^^^^^^^^^
  ╵
    _-sections-dir.scss 4:9                                                                       @import
    /Users/michellestar/Documents/GitHub/hello-michelle-star.github.io/assets/css/main.scss 27:9  root stylesheet
WARNING: 7 repetitive deprecation warnings omitted.
Run in verbose mode to see all warnings.
                    ...done in 0.121105 seconds.
                    
